age,monthly_income,credit_utilization_ratio,loan_amount,loan_duration_months,num_late_payments,existing_loans_count,account_tenure_years,employment_type,education_level,marital_status,region,customer_financial_statement,default_risk,sentiment,sentiment_score,financial_stress_level,risk_category
42,12500.0,0.28,38000.0,48,0,1,15,Salaried,Master,Married,Urban,My financial future feels secure with my current income and low liabilities.,0,neutral,0.5808157324790955,Low,Low Risk
35,7200.0,0.35,25000.0,36,1,2,8,Salaried,Bachelor,Single,Suburban,"I'm working on improving my credit score, but I keep up with payments.",0,positive,0.7940552234649658,Low,Low Risk
28,3800.0,0.82,18000.0,60,4,3,4,Self-Employed,Diploma,Single,Urban,"Despite my efforts, I'm finding it hard to juggle all my current financial commitments.",1,negative,0.8420806527137756,High,High Risk
55,18000.0,0.15,45000.0,24,0,0,19,Salaried,Master,Married,Urban,"My financial standing is excellent, allowing me to easily handle any new commitments.",0,positive,0.9014744162559509,Low,Low Risk
23,2000.0,0.95,10000.0,48,7,2,2,Student,High School,Single,Rural,I am overwhelmed by my debts and struggling to find stable income.,1,negative,0.9473558664321899,High,High Risk
48,5500.0,0.65,30000.0,60,2,3,7,Salaried,Bachelor,Divorced,Suburban,I've recently fallen behind on a few payments due to unexpected expenses.,1,negative,0.9688520431518555,High,High Risk
60,9000.0,0.22,20000.0,36,0,1,20,Salaried,Master,Married,Suburban,"My financial situation is very stable, and I maintain a healthy credit profile.",0,positive,0.5887436270713806,Low,Low Risk
31,4500.0,0.58,22000.0,48,1,2,6,Self-Employed,Diploma,Single,Urban,"I have a couple of loans, but I'm making a conscious effort to pay them down.",0,neutral,0.719372570514679,Low,Low Risk
68,2200.0,0.88,8000.0,24,6,4,10,Unemployed,High School,Divorced,Rural,"My financial struggles are severe, and I see no immediate path to recovery.",1,negative,0.5274717807769775,Medium,Watchlist
39,7800.0,0.31,15000.0,12,0,1,12,Salaried,Bachelor,Married,Urban,I consistently manage my finances well and pay all bills on time.,0,neutral,0.8572981953620911,Low,Low Risk
26,3100.0,0.77,14000.0,36,3,3,3,Salaried,Diploma,Single,Suburban,I'm really struggling to keep up with multiple loans and maintain my credit standing.,1,negative,0.8806866407394409,High,High Risk
50,15000.0,0.18,30000.0,36,0,1,18,Salaried,Master,Married,Urban,My income allows me to comfortably manage all my financial commitments.,0,neutral,0.7160107493400574,Low,Low Risk
33,6200.0,0.49,28000.0,48,1,2,7,Self-Employed,Bachelor,Divorced,Urban,"My finances can be a bit tight sometimes, but I'm managing everything.",0,neutral,0.7990983724594116,Low,Low Risk
29,2800.0,0.91,16000.0,60,5,4,5,Unemployed,Diploma,Single,Rural,"I've been unemployed for a while, and my credit has suffered significantly.",1,negative,0.969292163848877,High,High Risk
45,10500.0,0.25,20000.0,24,0,1,16,Salaried,Master,Married,Suburban,"I've always prioritized financial responsibility, and my record reflects that.",0,neutral,0.8859332799911499,Low,Low Risk
38,4900.0,0.71,25000.0,60,3,2,9,Salaried,Bachelor,Single,Urban,"It's been a tough period, and my financial commitments have become overwhelming.",1,negative,0.9539028406143188,High,High Risk
62,16000.0,0.12,40000.0,36,0,0,20,Salaried,Master,Married,Urban,"With stable employment and careful budgeting, I keep my finances in order.",0,neutral,0.7583054304122925,Low,Low Risk
24,1800.0,0.99,5000.0,12,8,3,1,Unemployed,High School,Single,Rural,My financial situation is dire; I have too much debt and no way to pay it all.,1,negative,0.9458333253860474,High,High Risk
58,7000.0,0.45,10000.0,24,1,1,15,Salaried,Bachelor,Married,Suburban,"I've faced some financial challenges, but I'm diligent in meeting my payment deadlines.",0,neutral,0.8381066918373108,Low,Low Risk
30,3500.0,0.85,19000.0,60,6,4,6,Self-Employed,Diploma,Divorced,Urban,I'm currently unable to meet my debt obligations and am falling further behind.,1,negative,0.968333899974823,High,High Risk
41,11000.0,0.2,25000.0,36,0,1,14,Salaried,Master,Married,Urban,"My financial standing is excellent, allowing me to easily handle any new commitments.",0,positive,0.9014744162559509,Low,Low Risk
52,6800.0,0.52,35000.0,48,2,3,11,Salaried,Bachelor,Married,Suburban,"I've had a few late payments in the past, but I'm back on track now.",0,neutral,0.6047859787940979,Low,Low Risk
27,2600.0,0.93,12000.0,36,9,5,4,Student,Diploma,Single,Urban,"With multiple late payments and high utilization, I'm at a breaking point financially.",1,negative,0.9583114385604858,High,High Risk
49,19000.0,0.1,50000.0,60,0,1,17,Salaried,Master,Married,Urban,My financial future feels secure with my current income and low liabilities.,0,neutral,0.5808157324790955,Low,Low Risk
65,3000.0,0.79,10000.0,36,5,3,10,Unemployed,High School,Divorced,Rural,"My current job isn't providing enough to stay afloat, and I'm deeply concerned.",1,negative,0.8657320737838745,High,High Risk
36,7500.0,0.39,18000.0,24,0,1,9,Salaried,Bachelor,Married,Suburban,"I have a good income and low debt, so I'm comfortable with my financial obligations.",0,neutral,0.8417258858680725,Low,Low Risk
22,2300.0,0.98,7000.0,24,10,2,0,Student,High School,Single,Urban,"My financial struggles are severe, and I see no immediate path to recovery.",1,negative,0.5274717807769775,Medium,Watchlist
47,5800.0,0.68,32000.0,60,3,4,10,Self-Employed,Bachelor,Divorced,Rural,"It's been a tough period, and my financial commitments have become overwhelming.",1,negative,0.9539028406143188,High,High Risk
34,9500.0,0.33,28000.0,48,0,1,10,Salaried,Bachelor,Married,Urban,I consistently manage my finances well and pay all bills on time.,0,neutral,0.8572981953620911,Low,Low Risk
53,13000.0,0.17,30000.0,36,0,0,18,Salaried,Master,Married,Suburban,My financial future feels secure with my current income and low liabilities.,0,neutral,0.5808157324790955,Low,Low Risk
25,3900.0,0.72,20000.0,60,2,3,2,Salaried,Diploma,Single,Urban,"Financial stress is high, and I've missed some payments recently.",1,negative,0.9640210866928101,High,High Risk
61,11000.0,0.29,22000.0,24,1,1,19,Salaried,Bachelor,Married,Urban,"I've faced some financial challenges, but I'm diligent in meeting my payment deadlines.",0,neutral,0.8381066918373108,Low,Low Risk
70,1800.0,0.89,4000.0,12,7,2,15,Unemployed,High School,Divorced,Rural,My financial situation is dire; I have too much debt and no way to pay it all.,1,negative,0.9458333253860474,High,High Risk
43,6000.0,0.42,24000.0,36,1,2,8,Self-Employed,Bachelor,Married,Suburban,"My finances can be a bit tight sometimes, but I'm managing everything.",0,neutral,0.7990983724594116,Low,Low Risk
37,3200.0,0.81,17000.0,48,4,3,7,Salaried,Diploma,Single,Urban,"Despite my efforts, I'm finding it hard to juggle all my current financial commitments.",1,negative,0.8420806527137756,High,High Risk
56,14000.0,0.16,35000.0,48,0,0,20,Salaried,Master,Married,Urban,My income allows me to comfortably manage all my financial commitments.,0,neutral,0.7160107493400574,Low,Low Risk
21,1900.0,0.97,6000.0,36,9,1,1,Student,High School,Single,Urban,I am overwhelmed by my debts and struggling to find stable income.,1,negative,0.9473558664321899,High,High Risk
40,8000.0,0.28,20000.0,36,0,1,13,Salaried,Bachelor,Married,Suburban,I consistently manage my finances well and pay all bills on time.,0,neutral,0.8572981953620911,Low,Low Risk
63,2500.0,0.84,9000.0,24,6,4,12,Unemployed,Diploma,Divorced,Rural,"My financial struggles are severe, and I see no immediate path to recovery.",1,negative,0.5274717807769775,Medium,Watchlist
46,5000.0,0.75,28000.0,60,4,3,9,Self-Employed,Bachelor,Single,Urban,"It's been a tough period, and my financial commitments have become overwhelming.",1,negative,0.9539028406143188,High,High Risk
32,10000.0,0.23,25000.0,36,0,0,8,Salaried,Master,Married,Urban,"My financial standing is excellent, allowing me to easily handle any new commitments.",0,positive,0.9014744162559509,Low,Low Risk
59,6500.0,0.48,12000.0,12,1,2,16,Salaried,Bachelor,Married,Suburban,"I've faced some financial challenges, but I'm diligent in meeting my payment deadlines.",0,neutral,0.8381066918373108,Low,Low Risk
28,3000.0,0.88,15000.0,48,5,4,5,Salaried,High School,Single,Rural,I'm currently unable to meet my debt obligations and am falling further behind.,1,negative,0.968333899974823,High,High Risk
51,17000.0,0.14,42000.0,48,0,1,19,Salaried,Master,Married,Urban,My financial future feels secure with my current income and low liabilities.,0,neutral,0.5808157324790955,Low,Low Risk
30,4000.0,0.62,25000.0,60,2,3,5,Self-Employed,Diploma,Single,Suburban,"It's a balancing act with my current income, but I'm committed to my financial goals.",0,neutral,0.8223519325256348,Low,Low Risk
67,2000.0,0.94,7000.0,12,8,3,11,Unemployed,High School,Divorced,Rural,"My financial struggles are severe, and I see no immediate path to recovery.",1,negative,0.5274717807769775,Medium,Watchlist
39,8500.0,0.3,20000.0,36,0,1,12,Salaried,Bachelor,Married,Suburban,"I have a good income and low debt, so I'm comfortable with my financial obligations.",0,neutral,0.8417258858680725,Low,Low Risk
26,2500.0,0.96,10000.0,48,7,4,3,Student,Diploma,Single,Urban,"With multiple late payments and high utilization, I'm at a breaking point financially.",1,negative,0.9583114385604858,High,High Risk
44,12000.0,0.21,30000.0,36,0,1,16,Salaried,Master,Married,Urban,"My financial standing is excellent, allowing me to easily handle any new commitments.",0,positive,0.9014744162559509,Low,Low Risk
50,4200.0,0.78,22000.0,60,5,3,10,Self-Employed,Diploma,Divorced,Rural,I'm currently unable to meet my debt obligations and am falling further behind.,1,negative,0.968333899974823,High,High Risk
35,7000.0,0.4,28000.0,48,1,2,8,Salaried,Bachelor,Married,Urban,"I'm working on improving my credit score, but I keep up with payments.",0,positive,0.7940552234649658,Low,Low Risk
60,15000.0,0.13,40000.0,36,0,0,20,Salaried,Master,Married,Suburban,My income allows me to comfortably manage all my financial commitments.,0,neutral,0.7160107493400574,Low,Low Risk
29,3300.0,0.87,16000.0,60,6,5,4,Unemployed,Diploma,Single,Rural,"I've been unemployed for a while, and my credit has suffered significantly.",1,negative,0.969292163848877,High,High Risk
57,9000.0,0.26,25000.0,24,0,1,18,Salaried,Bachelor,Married,Urban,"With stable employment and careful budgeting, I keep my finances in order.",0,neutral,0.7583054304122925,Low,Low Risk
23,2100.0,0.99,8000.0,24,10,2,1,Student,High School,Single,Urban,"My financial struggles are severe, and I see no immediate path to recovery.",1,negative,0.5274717807769775,Medium,Watchlist
48,6000.0,0.69,30000.0,60,3,4,10,Salaried,Bachelor,Divorced,Suburban,"It's been a tough period, and my financial commitments have become overwhelming.",1,negative,0.9539028406143188,High,High Risk
42,11500.0,0.24,28000.0,36,0,1,14,Salaried,Master,Married,Urban,My financial future feels secure with my current income and low liabilities.,0,neutral,0.5808157324790955,Low,Low Risk
69,1700.0,0.92,5000.0,12,7,2,12,Unemployed,High School,Divorced,Rural,My financial situation is dire; I have too much debt and no way to pay it all.,1,negative,0.9458333253860474,High,High Risk
31,5200.0,0.55,26000.0,48,2,3,6,Self-Employed,Bachelor,Single,Urban,"It's a balancing act with my current income, but I'm committed to my financial goals.",0,neutral,0.8223519325256348,Low,Low Risk
54,16000.0,0.19,45000.0,48,0,0,20,Salaried,Master,Married,Urban,"My financial standing is excellent, allowing me to easily handle any new commitments.",0,positive,0.9014744162559509,Low,Low Risk
27,2700.0,0.9,13000.0,36,8,5,4,Student,High School,Single,Suburban,"With multiple late payments and high utilization, I'm at a breaking point financially.",1,negative,0.9583114385604858,High,High Risk
36,7200.0,0.37,16000.0,24,0,1,9,Salaried,Bachelor,Married,Suburban,"I have a good income and low debt, so I'm comfortable with my financial obligations.",0,neutral,0.8417258858680725,Low,Low Risk
62,2800.0,0.83,10000.0,36,6,4,13,Unemployed,Diploma,Divorced,Rural,"My current job isn't providing enough to stay afloat, and I'm deeply concerned.",1,negative,0.8657320737838745,High,High Risk
45,5300.0,0.73,29000.0,60,4,3,9,Self-Employed,Bachelor,Single,Urban,"It's been a tough period, and my financial commitments have become overwhelming.",1,negative,0.9539028406143188,High,High Risk
33,10500.0,0.27,26000.0,48,0,0,8,Salaried,Master,Married,Urban,My financial future feels secure with my current income and low liabilities.,0,neutral,0.5808157324790955,Low,Low Risk
58,7000.0,0.46,14000.0,12,1,2,16,Salaried,Bachelor,Married,Suburban,"I've faced some financial challenges, but I'm diligent in meeting my payment deadlines.",0,neutral,0.8381066918373108,Low,Low Risk
24,2000.0,0.95,7000.0,24,9,3,2,Student,High School,Single,Urban,"My financial struggles are severe, and I see no immediate path to recovery.",1,negative,0.5274717807769775,Medium,Watchlist
49,18500.0,0.11,48000.0,60,0,1,17,Salaried,Master,Married,Urban,My income allows me to comfortably manage all my financial commitments.,0,neutral,0.7160107493400574,Low,Low Risk
66,2100.0,0.88,6000.0,12,7,2,11,Unemployed,High School,Divorced,Rural,My financial situation is dire; I have too much debt and no way to pay it all.,1,negative,0.9458333253860474,High,High Risk
38,7900.0,0.32,19000.0,36,0,1,12,Salaried,Bachelor,Married,Suburban,I consistently manage my finances well and pay all bills on time.,0,neutral,0.8572981953620911,Low,Low Risk
25,2900.0,0.93,11000.0,48,8,4,3,Student,Diploma,Single,Urban,"With multiple late payments and high utilization, I'm at a breaking point financially.",1,negative,0.9583114385604858,High,High Risk
52,13500.0,0.2,32000.0,36,0,1,18,Salaried,Master,Married,Urban,My financial future feels secure with my current income and low liabilities.,0,neutral,0.5808157324790955,Low,Low Risk
41,4800.0,0.7,27000.0,60,3,3,9,Salaried,Bachelor,Divorced,Suburban,"It's been a tough period, and my financial commitments have become overwhelming.",1,negative,0.9539028406143188,High,High Risk
30,9800.0,0.25,24000.0,48,0,0,7,Salaried,Bachelor,Married,Urban,I consistently manage my finances well and pay all bills on time.,0,neutral,0.8572981953620911,Low,Low Risk
64,1900.0,0.97,4000.0,12,9,2,10,Unemployed,High School,Divorced,Rural,"My financial struggles are severe, and I see no immediate path to recovery.",1,negative,0.5274717807769775,Medium,Watchlist
50,6500.0,0.59,30000.0,60,2,3,11,Self-Employed,Bachelor,Married,Suburban,"My finances can be a bit tight sometimes, but I'm managing everything.",0,neutral,0.7990983724594116,Low,Low Risk
22,1700.0,0.99,6000.0,36,10,1,0,Student,High School,Single,Urban,"My financial struggles are severe, and I see no immediate path to recovery.",1,negative,0.5274717807769775,Medium,Watchlist
55,14000.0,0.15,35000.0,48,0,0,20,Salaried,Master,Married,Urban,"My financial standing is excellent, allowing me to easily handle any new commitments.",0,positive,0.9014744162559509,Low,Low Risk
47,3500.0,0.8,18000.0,60,5,4,9,Salaried,Diploma,Divorced,Rural,I'm currently unable to meet my debt obligations and am falling further behind.,1,negative,0.968333899974823,High,High Risk
34,8200.0,0.35,20000.0,24,0,1,9,Salaried,Bachelor,Married,Suburban,I consistently manage my finances well and pay all bills on time.,0,neutral,0.8572981953620911,Low,Low Risk
60,2300.0,0.91,8000.0,24,8,3,14,Unemployed,Diploma,Divorced,Rural,"My financial struggles are severe, and I see no immediate path to recovery.",1,negative,0.5274717807769775,Medium,Watchlist
32,4000.0,0.65,25000.0,60,2,3,7,Self-Employed,Bachelor,Single,Urban,"It's a balancing act with my current income, but I'm committed to my financial goals.",0,neutral,0.8223519325256348,Low,Low Risk
53,17000.0,0.12,40000.0,36,0,0,19,Salaried,Master,Married,Urban,My income allows me to comfortably manage all my financial commitments.,0,neutral,0.7160107493400574,Low,Low Risk
28,2600.0,0.98,10000.0,36,10,5,4,Student,High School,Single,Suburban,"My financial struggles are severe, and I see no immediate path to recovery.",1,negative,0.5274717807769775,Medium,Watchlist
40,11000.0,0.22,28000.0,36,0,1,13,Salaried,Master,Married,Urban,My financial future feels secure with my current income and low liabilities.,0,neutral,0.5808157324790955,Low,Low Risk
68,1600.0,0.99,3000.0,12,10,2,15,Unemployed,High School,Divorced,Rural,My financial situation is dire; I have too much debt and no way to pay it all.,1,negative,0.9458333253860474,High,High Risk
39,5000.0,0.77,29000.0,60,5,4,9,Self-Employed,Bachelor,Single,Urban,"It's been a tough period, and my financial commitments have become overwhelming.",1,negative,0.9539028406143188,High,High Risk
51,18000.0,0.1,50000.0,60,0,1,18,Salaried,Master,Married,Urban,My financial future feels secure with my current income and low liabilities.,0,neutral,0.5808157324790955,Low,Low Risk
23,2400.0,0.96,9000.0,48,9,3,1,Student,High School,Single,Rural,"My financial struggles are severe, and I see no immediate path to recovery.",1,negative,0.5274717807769775,Medium,Watchlist
46,6800.0,0.38,20000.0,36,1,2,10,Salaried,Bachelor,Married,Suburban,"I'm working on improving my credit score, but I keep up with payments.",0,positive,0.7940552234649658,Low,Low Risk
61,2000.0,0.85,7000.0,24,7,2,15,Unemployed,Diploma,Divorced,Rural,"My financial struggles are severe, and I see no immediate path to recovery.",1,negative,0.5274717807769775,Medium,Watchlist
35,4500.0,0.67,26000.0,60,3,3,8,Self-Employed,Diploma,Single,Urban,"Despite my efforts, I'm finding it hard to juggle all my current financial commitments.",1,negative,0.8420806527137756,High,High Risk
56,12000.0,0.17,30000.0,36,0,0,20,Salaried,Master,Married,Urban,"My financial standing is excellent, allowing me to easily handle any new commitments.",0,positive,0.9014744162559509,Low,Low Risk
29,3000.0,0.91,14000.0,48,8,4,5,Salaried,High School,Single,Rural,"With multiple late payments and high utilization, I'm at a breaking point financially.",1,negative,0.9583114385604858,High,High Risk
43,7500.0,0.3,22000.0,36,0,1,14,Salaried,Bachelor,Married,Suburban,"I have a good income and low debt, so I'm comfortable with my financial obligations.",0,neutral,0.8417258858680725,Low,Low Risk
67,1800.0,0.94,5000.0,12,9,3,12,Unemployed,High School,Divorced,Rural,My financial situation is dire; I have too much debt and no way to pay it all.,1,negative,0.9458333253860474,High,High Risk
31,4000.0,0.72,25000.0,60,4,3,6,Self-Employed,Diploma,Divorced,Urban,"Financial stress is high, and I've missed some payments recently.",1,negative,0.9640210866928101,High,High Risk
59,10000.0,0.28,25000.0,24,1,1,19,Salaried,Master,Married,Urban,"With stable employment and careful budgeting, I keep my finances in order.",0,neutral,0.7583054304122925,Low,Low Risk
26,2300.0,0.98,8000.0,36,10,5,3,Student,High School,Single,Urban,"My financial struggles are severe, and I see no immediate path to recovery.",1,negative,0.5274717807769775,Medium,Watchlist
48,16000.0,0.1,45000.0,60,0,1,17,Salaried,Master,Married,Urban,My income allows me to comfortably manage all my financial commitments.,0,neutral,0.7160107493400574,Low,Low Risk
65,2200.0,0.89,7000.0,24,7,3,10,Unemployed,Diploma,Divorced,Rural,My financial situation is dire; I have too much debt and no way to pay it all.,1,negative,0.9458333253860474,High,High Risk
37,7000.0,0.35,18000.0,24,0,1,10,Salaried,Bachelor,Married,Suburban,"I have a good income and low debt, so I'm comfortable with my financial obligations.",0,neutral,0.8417258858680725,Low,Low Risk
30,3200.0,0.9,15000.0,48,8,4,5,Salaried,High School,Single,Urban,"With multiple late payments and high utilization, I'm at a breaking point financially.",1,negative,0.9583114385604858,High,High Risk
54,19000.0,0.11,49000.0,60,0,1,19,Salaried,Master,Married,Urban,My financial future feels secure with my current income and low liabilities.,0,neutral,0.5808157324790955,Low,Low Risk
21,1600.0,0.99,4000.0,12,10,1,0,Student,High School,Single,Urban,"My financial struggles are severe, and I see no immediate path to recovery.",1,negative,0.5274717807769775,Medium,Watchlist
41,5500.0,0.7,28000.0,60,3,3,9,Self-Employed,Bachelor,Single,Suburban,"It's been a tough period, and my financial commitments have become overwhelming.",1,negative,0.9539028406143188,High,High Risk
63,2500.0,0.82,9000.0,36,6,4,13,Unemployed,Diploma,Divorced,Rural,"My current job isn't providing enough to stay afloat, and I'm deeply concerned.",1,negative,0.8657320737838745,High,High Risk
32,10500.0,0.23,26000.0,36,0,0,8,Salaried,Master,Married,Urban,"My financial standing is excellent, allowing me to easily handle any new commitments.",0,positive,0.9014744162559509,Low,Low Risk
57,7000.0,0.45,13000.0,12,1,2,16,Salaried,Bachelor,Married,Suburban,"I've faced some financial challenges, but I'm diligent in meeting my payment deadlines.",0,neutral,0.8381066918373108,Low,Low Risk
27,2800.0,0.96,12000.0,36,9,5,4,Student,Diploma,Single,Urban,"My financial struggles are severe, and I see no immediate path to recovery.",1,negative,0.5274717807769775,Medium,Watchlist
49,17000.0,0.12,42000.0,48,0,1,18,Salaried,Master,Married,Urban,My financial future feels secure with my current income and low liabilities.,0,neutral,0.5808157324790955,Low,Low Risk
69,1500.0,0.99,3000.0,12,10,2,14,Unemployed,High School,Divorced,Rural,My financial situation is dire; I have too much debt and no way to pay it all.,1,negative,0.9458333253860474,High,High Risk
38,4900.0,0.73,27000.0,60,4,3,8,Salaried,Bachelor,Divorced,Suburban,"It's been a tough period, and my financial commitments have become overwhelming.",1,negative,0.9539028406143188,High,High Risk
50,10000.0,0.25,25000.0,36,0,1,16,Salaried,Master,Married,Urban,My financial future feels secure with my current income and low liabilities.,0,neutral,0.5808157324790955,Low,Low Risk
22,1900.0,0.98,7000.0,24,10,2,0,Student,High School,Single,Urban,"My financial struggles are severe, and I see no immediate path to recovery.",1,negative,0.5274717807769775,Medium,Watchlist
45,6000.0,0.6,32000.0,60,2,3,9,Self-Employed,Bachelor,Married,Suburban,"My finances can be a bit tight sometimes, but I'm managing everything.",0,neutral,0.7990983724594116,Low,Low Risk
60,15000.0,0.13,40000.0,36,0,0,20,Salaried,Master,Married,Urban,My income allows me to comfortably manage all my financial commitments.,0,neutral,0.7160107493400574,Low,Low Risk
24,2000.0,0.95,7000.0,24,9,3,2,Student,High School,Single,Rural,"My financial struggles are severe, and I see no immediate path to recovery.",1,negative,0.5274717807769775,Medium,Watchlist
47,3500.0,0.8,18000.0,60,5,4,9,Salaried,Diploma,Divorced,Rural,I'm currently unable to meet my debt obligations and am falling further behind.,1,negative,0.968333899974823,High,High Risk
34,8200.0,0.35,20000.0,24,0,1,9,Salaried,Bachelor,Married,Suburban,I consistently manage my finances well and pay all bills on time.,0,neutral,0.8572981953620911,Low,Low Risk
60,2300.0,0.91,8000.0,24,8,3,14,Unemployed,Diploma,Divorced,Rural,"My financial struggles are severe, and I see no immediate path to recovery.",1,negative,0.5274717807769775,Medium,Watchlist
32,4000.0,0.65,25000.0,60,2,3,7,Self-Employed,Bachelor,Single,Urban,"It's a balancing act with my current income, but I'm committed to my financial goals.",0,neutral,0.8223519325256348,Low,Low Risk
53,17000.0,0.12,40000.0,36,0,0,19,Salaried,Master,Married,Urban,My income allows me to comfortably manage all my financial commitments.,0,neutral,0.7160107493400574,Low,Low Risk
28,2600.0,0.98,10000.0,36,10,5,4,Student,High School,Single,Suburban,"My financial struggles are severe, and I see no immediate path to recovery.",1,negative,0.5274717807769775,Medium,Watchlist
40,11000.0,0.22,28000.0,36,0,1,13,Salaried,Master,Married,Urban,My financial future feels secure with my current income and low liabilities.,0,neutral,0.5808157324790955,Low,Low Risk
68,1600.0,0.99,3000.0,12,10,2,15,Unemployed,High School,Divorced,Rural,My financial situation is dire; I have too much debt and no way to pay it all.,1,negative,0.9458333253860474,High,High Risk
39,5000.0,0.77,29000.0,60,5,4,9,Self-Employed,Bachelor,Single,Urban,"It's been a tough period, and my financial commitments have become overwhelming.",1,negative,0.9539028406143188,High,High Risk
51,18000.0,0.1,50000.0,60,0,1,18,Salaried,Master,Married,Urban,My income allows me to comfortably manage all my financial commitments.,0,neutral,0.7160107493400574,Low,Low Risk
23,2400.0,0.96,9000.0,48,9,3,1,Student,High School,Single,Rural,"My financial struggles are severe, and I see no immediate path to recovery.",1,negative,0.5274717807769775,Medium,Watchlist
46,6800.0,0.38,20000.0,36,1,2,10,Salaried,Bachelor,Married,Suburban,"I'm working on improving my credit score, but I keep up with payments.",0,positive,0.7940552234649658,Low,Low Risk
61,2000.0,0.85,7000.0,24,7,2,15,Unemployed,Diploma,Divorced,Rural,"My financial struggles are severe, and I see no immediate path to recovery.",1,negative,0.5274717807769775,Medium,Watchlist
35,4500.0,0.67,26000.0,60,3,3,8,Self-Employed,Diploma,Single,Urban,"Despite my efforts, I'm finding it hard to juggle all my current financial commitments.",1,negative,0.8420806527137756,High,High Risk
56,12000.0,0.17,30000.0,36,0,0,20,Salaried,Master,Married,Urban,"My financial standing is excellent, allowing me to easily handle any new commitments.",0,positive,0.9014744162559509,Low,Low Risk
29,3000.0,0.91,14000.0,48,8,4,5,Salaried,High School,Single,Rural,"With multiple late payments and high utilization, I'm at a breaking point financially.",1,negative,0.9583114385604858,High,High Risk
43,7500.0,0.3,22000.0,36,0,1,14,Salaried,Bachelor,Married,Suburban,"I have a good income and low debt, so I'm comfortable with my financial obligations.",0,neutral,0.8417258858680725,Low,Low Risk
67,1800.0,0.94,5000.0,12,9,3,12,Unemployed,High School,Divorced,Rural,My financial situation is dire; I have too much debt and no way to pay it all.,1,negative,0.9458333253860474,High,High Risk
31,4000.0,0.72,25000.0,60,4,3,6,Self-Employed,Diploma,Divorced,Urban,"Financial stress is high, and I've missed some payments recently.",1,negative,0.9640210866928101,High,High Risk
59,10000.0,0.28,25000.0,24,1,1,19,Salaried,Master,Married,Urban,"With stable employment and careful budgeting, I keep my finances in order.",0,neutral,0.7583054304122925,Low,Low Risk
26,2300.0,0.98,8000.0,36,10,5,3,Student,High School,Single,Urban,"My financial struggles are severe, and I see no immediate path to recovery.",1,negative,0.5274717807769775,Medium,Watchlist
48,16000.0,0.1,45000.0,60,0,1,17,Salaried,Master,Married,Urban,My income allows me to comfortably manage all my financial commitments.,0,neutral,0.7160107493400574,Low,Low Risk
65,2200.0,0.89,7000.0,24,7,3,10,Unemployed,Diploma,Divorced,Rural,My financial situation is dire; I have too much debt and no way to pay it all.,1,negative,0.9458333253860474,High,High Risk
37,7000.0,0.35,18000.0,24,0,1,10,Salaried,Bachelor,Married,Suburban,"I have a good income and low debt, so I'm comfortable with my financial obligations.",0,neutral,0.8417258858680725,Low,Low Risk
30,3200.0,0.9,15000.0,48,8,4,5,Salaried,High School,Single,Urban,"With multiple late payments and high utilization, I'm at a breaking point financially.",1,negative,0.9583114385604858,High,High Risk
54,19000.0,0.11,49000.0,60,0,1,19,Salaried,Master,Married,Urban,My financial future feels secure with my current income and low liabilities.,0,neutral,0.5808157324790955,Low,Low Risk
21,1600.0,0.99,4000.0,12,10,1,0,Student,High School,Single,Urban,"My financial struggles are severe, and I see no immediate path to recovery.",1,negative,0.5274717807769775,Medium,Watchlist
41,5500.0,0.7,28000.0,60,3,3,9,Self-Employed,Bachelor,Single,Suburban,"It's been a tough period, and my financial commitments have become overwhelming.",1,negative,0.9539028406143188,High,High Risk
63,2500.0,0.82,9000.0,36,6,4,13,Unemployed,Diploma,Divorced,Rural,"My current job isn't providing enough to stay afloat, and I'm deeply concerned.",1,negative,0.8657320737838745,High,High Risk
32,10500.0,0.23,26000.0,36,0,0,8,Salaried,Master,Married,Urban,"My financial standing is excellent, allowing me to easily handle any new commitments.",0,positive,0.9014744162559509,Low,Low Risk
57,7000.0,0.45,13000.0,12,1,2,16,Salaried,Bachelor,Married,Suburban,"I've faced some financial challenges, but I'm diligent in meeting my payment deadlines.",0,neutral,0.8381066918373108,Low,Low Risk
27,2800.0,0.96,12000.0,36,9,5,4,Student,Diploma,Single,Urban,"My financial struggles are severe, and I see no immediate path to recovery.",1,negative,0.5274717807769775,Medium,Watchlist
49,17000.0,0.12,42000.0,48,0,1,18,Salaried,Master,Married,Urban,My financial future feels secure with my current income and low liabilities.,0,neutral,0.5808157324790955,Low,Low Risk
69,1500.0,0.99,3000.0,12,10,2,14,Unemployed,High School,Divorced,Rural,My financial situation is dire; I have too much debt and no way to pay it all.,1,negative,0.9458333253860474,High,High Risk
38,4900.0,0.73,27000.0,60,4,3,8,Salaried,Bachelor,Divorced,Suburban,"It's been a tough period, and my financial commitments have become overwhelming.",1,negative,0.9539028406143188,High,High Risk
50,10000.0,0.25,25000.0,36,0,1,16,Salaried,Master,Married,Urban,My financial future feels secure with my current income and low liabilities.,0,neutral,0.5808157324790955,Low,Low Risk
22,1900.0,0.98,7000.0,24,10,2,0,Student,High School,Single,Urban,"My financial struggles are severe, and I see no immediate path to recovery.",1,negative,0.5274717807769775,Medium,Watchlist
45,6000.0,0.6,32000.0,60,2,3,9,Self-Employed,Bachelor,Married,Suburban,"My finances can be a bit tight sometimes, but I'm managing everything.",0,neutral,0.7990983724594116,Low,Low Risk
60,15000.0,0.13,40000.0,36,0,0,20,Salaried,Master,Married,Urban,My income allows me to comfortably manage all my financial commitments.,0,neutral,0.7160107493400574,Low,Low Risk
24,2000.0,0.95,7000.0,24,9,3,2,Student,High School,Single,Rural,"My financial struggles are severe, and I see no immediate path to recovery.",1,negative,0.5274717807769775,Medium,Watchlist
47,3500.0,0.8,18000.0,60,5,4,9,Salaried,Diploma,Divorced,Rural,I'm currently unable to meet my debt obligations and am falling further behind.,1,negative,0.968333899974823,High,High Risk
34,8200.0,0.35,20000.0,24,0,1,9,Salaried,Bachelor,Married,Suburban,I consistently manage my finances well and pay all bills on time.,0,neutral,0.8572981953620911,Low,Low Risk
60,2300.0,0.91,8000.0,24,8,3,14,Unemployed,Diploma,Divorced,Rural,"My financial struggles are severe, and I see no immediate path to recovery.",1,negative,0.5274717807769775,Medium,Watchlist
32,4000.0,0.65,25000.0,60,2,3,7,Self-Employed,Bachelor,Single,Urban,"It's a balancing act with my current income, but I'm committed to my financial goals.",0,neutral,0.8223519325256348,Low,Low Risk
53,17000.0,0.12,40000.0,36,0,0,19,Salaried,Master,Married,Urban,My income allows me to comfortably manage all my financial commitments.,0,neutral,0.7160107493400574,Low,Low Risk
28,2600.0,0.98,10000.0,36,10,5,4,Student,High School,Single,Suburban,"My financial struggles are severe, and I see no immediate path to recovery.",1,negative,0.5274717807769775,Medium,Watchlist
40,11000.0,0.22,28000.0,36,0,1,13,Salaried,Master,Married,Urban,My financial future feels secure with my current income and low liabilities.,0,neutral,0.5808157324790955,Low,Low Risk
68,1600.0,0.99,3000.0,12,10,2,15,Unemployed,High School,Divorced,Rural,My financial situation is dire; I have too much debt and no way to pay it all.,1,negative,0.9458333253860474,High,High Risk
39,5000.0,0.77,29000.0,60,5,4,9,Self-Employed,Bachelor,Single,Urban,"It's been a tough period, and my financial commitments have become overwhelming.",1,negative,0.9539028406143188,High,High Risk
51,18000.0,0.1,50000.0,60,0,1,18,Salaried,Master,Married,Urban,My income allows me to comfortably manage all my financial commitments.,0,neutral,0.7160107493400574,Low,Low Risk
23,2400.0,0.96,9000.0,48,9,3,1,Student,High School,Single,Rural,"My financial struggles are severe, and I see no immediate path to recovery.",1,negative,0.5274717807769775,Medium,Watchlist
46,6800.0,0.38,20000.0,36,1,2,10,Salaried,Bachelor,Married,Suburban,"I'm working on improving my credit score, but I keep up with payments.",0,positive,0.7940552234649658,Low,Low Risk
61,2000.0,0.85,7000.0,24,7,2,15,Unemployed,Diploma,Divorced,Rural,"My financial struggles are severe, and I see no immediate path to recovery.",1,negative,0.5274717807769775,Medium,Watchlist
35,4500.0,0.67,26000.0,60,3,3,8,Self-Employed,Diploma,Single,Urban,"Despite my efforts, I'm finding it hard to juggle all my current financial commitments.",1,negative,0.8420806527137756,High,High Risk
56,12000.0,0.17,30000.0,36,0,0,20,Salaried,Master,Married,Urban,"My financial standing is excellent, allowing me to easily handle any new commitments.",0,positive,0.9014744162559509,Low,Low Risk
29,3000.0,0.91,14000.0,48,8,4,5,Salaried,High School,Single,Rural,"With multiple late payments and high utilization, I'm at a breaking point financially.",1,negative,0.9583114385604858,High,High Risk
43,7500.0,0.3,22000.0,36,0,1,14,Salaried,Bachelor,Married,Suburban,"I have a good income and low debt, so I'm comfortable with my financial obligations.",0,neutral,0.8417258858680725,Low,Low Risk
67,1800.0,0.94,5000.0,12,9,3,12,Unemployed,High School,Divorced,Rural,My financial situation is dire; I have too much debt and no way to pay it all.,1,negative,0.9458333253860474,High,High Risk
31,4000.0,0.72,25000.0,60,4,3,6,Self-Employed,Diploma,Divorced,Urban,"Financial stress is high, and I've missed some payments recently.",1,negative,0.9640210866928101,High,High Risk
59,10000.0,0.28,25000.0,24,1,1,19,Salaried,Master,Married,Urban,"With stable employment and careful budgeting, I keep my finances in order.",0,neutral,0.7583054304122925,Low,Low Risk
26,2300.0,0.98,8000.0,36,10,5,3,Student,High School,Single,Urban,"My financial struggles are severe, and I see no immediate path to recovery.",1,negative,0.5274717807769775,Medium,Watchlist
48,16000.0,0.1,45000.0,60,0,1,17,Salaried,Master,Married,Urban,My income allows me to comfortably manage all my financial commitments.,0,neutral,0.7160107493400574,Low,Low Risk
65,2200.0,0.89,7000.0,24,7,3,10,Unemployed,Diploma,Divorced,Rural,My financial situation is dire; I have too much debt and no way to pay it all.,1,negative,0.9458333253860474,High,High Risk
37,7000.0,0.35,18000.0,24,0,1,10,Salaried,Bachelor,Married,Suburban,"I have a good income and low debt, so I'm comfortable with my financial obligations.",0,neutral,0.8417258858680725,Low,Low Risk
30,3200.0,0.9,15000.0,48,8,4,5,Salaried,High School,Single,Urban,"With multiple late payments and high utilization, I'm at a breaking point financially.",1,negative,0.9583114385604858,High,High Risk
54,19000.0,0.11,49000.0,60,0,1,19,Salaried,Master,Married,Urban,My financial future feels secure with my current income and low liabilities.,0,neutral,0.5808157324790955,Low,Low Risk
21,1600.0,0.99,4000.0,12,10,1,0,Student,High School,Single,Urban,"My financial struggles are severe, and I see no immediate path to recovery.",1,negative,0.5274717807769775,Medium,Watchlist
41,5500.0,0.7,28000.0,60,3,3,9,Self-Employed,Bachelor,Single,Suburban,"It's been a tough period, and my financial commitments have become overwhelming.",1,negative,0.9539028406143188,High,High Risk
63,2500.0,0.82,9000.0,36,6,4,13,Unemployed,Diploma,Divorced,Rural,"My current job isn't providing enough to stay afloat, and I'm deeply concerned.",1,negative,0.8657320737838745,High,High Risk
32,10500.0,0.23,26000.0,36,0,0,8,Salaried,Master,Married,Urban,"My financial standing is excellent, allowing me to easily handle any new commitments.",0,positive,0.9014744162559509,Low,Low Risk
57,7000.0,0.45,13000.0,12,1,2,16,Salaried,Bachelor,Married,Suburban,"I've faced some financial challenges, but I'm diligent in meeting my payment deadlines.",0,neutral,0.8381066918373108,Low,Low Risk
27,2800.0,0.96,12000.0,36,9,5,4,Student,Diploma,Single,Urban,"My financial struggles are severe, and I see no immediate path to recovery.",1,negative,0.5274717807769775,Medium,Watchlist
49,17000.0,0.12,42000.0,48,0,1,18,Salaried,Master,Married,Urban,My financial future feels secure with my current income and low liabilities.,0,neutral,0.5808157324790955,Low,Low Risk
69,1500.0,0.99,3000.0,12,10,2,14,Unemployed,High School,Divorced,Rural,My financial situation is dire; I have too much debt and no way to pay it all.,1,negative,0.9458333253860474,High,High Risk
42,9800.0,0.32,28000.0,48,0,2,12,Salaried,Bachelor,Married,Suburban,"My income is stable, and I have a good handle on my monthly expenses.",0,positive,0.5296257734298706,Low,Low Risk
28,4500.0,0.85,18000.0,36,4,1,5,Salaried,Diploma,Single,Urban,"I've been struggling to make ends meet recently, hoping this loan can provide some relief.",1,positive,0.7736926674842834,Low,Low Risk
55,15000.0,0.18,45000.0,60,0,3,20,Self-Employed,Master,Married,Urban,"I'm expanding my business, which is showing strong growth and profitability.",0,positive,0.9146249294281006,Low,Low Risk
33,6200.0,0.45,12000.0,24,1,0,8,Salaried,Bachelor,Married,Suburban,"My current financial situation is very stable, with consistent savings.",0,positive,0.9303826093673706,Low,Low Risk
24,2800.0,0.92,10000.0,36,6,0,1,Student,Diploma,Single,Urban,"I'm currently unemployed and looking for work, but need this to cover immediate expenses.",1,neutral,0.6681033372879028,Low,Low Risk
67,3500.0,0.78,8000.0,24,3,1,10,Unemployed,High School,Divorced,Rural,"My income has been inconsistent, and I'm worried about falling further behind.",1,negative,0.968848466873169,High,High Risk
38,8500.0,0.25,25000.0,48,0,2,10,Self-Employed,Bachelor,Married,Suburban,I have a good credit history and believe this loan is well within my means.,0,positive,0.6023268699645996,Low,Low Risk
50,12000.0,0.15,35000.0,60,0,4,18,Salaried,Master,Married,Urban,"My career is progressing well, ensuring steady income for the foreseeable future.",0,positive,0.9023194909095764,Low,Low Risk
29,5800.0,0.65,22000.0,36,2,1,6,Salaried,Bachelor,Single,Urban,"I've had some recent financial setbacks, and my credit has suffered.",1,negative,0.9650097489356995,High,High Risk
60,7000.0,0.4,15000.0,36,1,2,15,Self-Employed,Diploma,Divorced,Suburban,"This loan will help consolidate some debts, improving my overall financial standing.",0,positive,0.9557529091835022,Low,Low Risk
21,1800.0,0.95,5000.0,24,7,0,0,Student,High School,Single,Rural,It's getting harder to manage my daily expenses with my current income.,1,negative,0.9295135736465454,High,High Risk
48,11000.0,0.12,30000.0,60,0,1,16,Salaried,Master,Married,Suburban,I've budgeted carefully for this repayment and foresee no issues.,0,neutral,0.8039790391921997,Low,Low Risk
36,7500.0,0.38,18000.0,36,0,1,9,Salaried,Bachelor,Married,Urban,I'm looking to invest in a new opportunity and have strong repayment projections.,0,positive,0.8904069662094116,Low,Low Risk
63,18000.0,0.1,50000.0,60,0,5,20,Self-Employed,Master,Married,Urban,"My current financial situation is very stable, with consistent savings.",0,positive,0.9303826093673706,Low,Low Risk
27,3000.0,0.88,15000.0,48,5,1,3,Salaried,High School,Single,Suburban,"I have a lot of existing debt, and I'm finding it hard to keep up with all the payments.",1,negative,0.9520015120506287,High,High Risk
40,9000.0,0.28,20000.0,36,0,2,10,Salaried,Bachelor,Married,Rural,I've always managed my finances responsibly and am confident in my ability to repay.,0,positive,0.655415952205658,Low,Low Risk
58,6500.0,0.72,20000.0,48,3,3,14,Self-Employed,Diploma,Divorced,Urban,"Unexpected medical bills have put a strain on my finances, making this loan critical.",1,negative,0.964567244052887,High,High Risk
30,4800.0,0.35,10000.0,24,0,0,7,Salaried,Bachelor,Single,Suburban,"This loan is for a planned home improvement, and I have sufficient reserves.",0,neutral,0.8946553468704224,Low,Low Risk
69,2200.0,0.98,6000.0,12,8,2,11,Unemployed,High School,Divorced,Rural,"I need this loan to pay off other pressing debts, it's my last resort.",1,neutral,0.8973101377487183,Low,Low Risk
46,10500.0,0.2,32000.0,60,0,3,17,Salaried,Master,Married,Urban,I've budgeted carefully for this repayment and foresee no issues.,0,neutral,0.8039790391921997,Low,Low Risk
25,2000.0,0.89,10000.0,36,5,0,2,Student,Bachelor,Single,Suburban,It's getting harder to manage my daily expenses with my current income.,1,negative,0.9295135736465454,High,High Risk
39,7200.0,0.48,15000.0,36,1,1,11,Salaried,Bachelor,Married,Urban,"My income is stable, and I have a good handle on my monthly expenses.",0,positive,0.5296257734298706,Low,Low Risk
52,13000.0,0.14,40000.0,60,0,3,19,Self-Employed,Master,Married,Suburban,I've always managed my finances responsibly and am confident in my ability to repay.,0,positive,0.655415952205658,Low,Low Risk
65,4000.0,0.81,12000.0,24,4,2,15,Salaried,Diploma,Divorced,Rural,"I've had some recent financial setbacks, and my credit has suffered.",1,negative,0.9650097489356995,High,High Risk
31,5500.0,0.3,12000.0,24,0,1,7,Salaried,Bachelor,Single,Urban,"My current financial situation is very stable, with consistent savings.",0,positive,0.9303826093673706,Low,Low Risk
23,1900.0,0.99,8000.0,36,9,0,0,Unemployed,High School,Single,Urban,"My job situation is uncertain, but I desperately need these funds.",1,neutral,0.85108882188797,Low,Low Risk
49,16000.0,0.1,48000.0,60,0,4,19,Salaried,Master,Married,Suburban,I've budgeted carefully for this repayment and foresee no issues.,0,neutral,0.8039790391921997,Low,Low Risk
35,6800.0,0.55,20000.0,48,1,1,8,Self-Employed,Bachelor,Married,Rural,"This loan will help consolidate some debts, improving my overall financial standing.",0,positive,0.9557529091835022,Low,Low Risk
59,3000.0,0.83,10000.0,36,6,3,13,Salaried,Diploma,Divorced,Urban,"I have a lot of existing debt, and I'm finding it hard to keep up with all the payments.",1,negative,0.9520015120506287,High,High Risk
26,4000.0,0.4,10000.0,24,0,1,4,Salaried,Bachelor,Single,Suburban,"My career is progressing well, ensuring steady income for the foreseeable future.",0,positive,0.9023194909095764,Low,Low Risk
70,1500.0,1.0,5000.0,12,10,1,8,Unemployed,High School,Divorced,Rural,"I'm hoping this loan can help me get back on track, despite my past payment difficulties.",1,positive,0.9314055442810059,Low,Low Risk
41,9500.0,0.22,26000.0,48,0,2,11,Salaried,Bachelor,Married,Urban,I have a good credit history and believe this loan is well within my means.,0,positive,0.6023268699645996,Low,Low Risk
32,6000.0,0.7,25000.0,48,3,2,6,Salaried,Bachelor,Married,Suburban,"Unexpected medical bills have put a strain on my finances, making this loan critical.",1,negative,0.964567244052887,High,High Risk
57,14000.0,0.17,42000.0,60,0,4,20,Self-Employed,Master,Married,Urban,I'm looking to invest in a new opportunity and have strong repayment projections.,0,positive,0.8904069662094116,Low,Low Risk
22,2100.0,0.91,7000.0,24,6,0,1,Student,Diploma,Single,Rural,I desperately need these funds to cover immediate expenses as my job prospects are unclear.,1,negative,0.6878754496574402,Medium,Watchlist
44,10000.0,0.29,29000.0,48,0,3,13,Salaried,Bachelor,Married,Suburban,I've always managed my finances responsibly and am confident in my ability to repay.,0,positive,0.655415952205658,Low,Low Risk
61,2500.0,0.86,7500.0,24,5,2,9,Unemployed,High School,Divorced,Rural,"My income has been inconsistent, and I'm worried about falling further behind.",1,negative,0.968848466873169,High,High Risk
37,8000.0,0.33,23000.0,36,0,1,9,Salaried,Bachelor,Married,Urban,"My current financial situation is very stable, with consistent savings.",0,positive,0.9303826093673706,Low,Low Risk
53,17000.0,0.11,47000.0,60,0,5,19,Self-Employed,Master,Married,Urban,I've budgeted carefully for this repayment and foresee no issues.,0,neutral,0.8039790391921997,Low,Low Risk
28,3200.0,0.79,14000.0,48,4,1,5,Salaried,Diploma,Single,Suburban,"I've had some recent financial setbacks, and my credit has suffered.",1,negative,0.9650097489356995,High,High Risk
68,1800.0,0.99,4000.0,12,9,1,10,Unemployed,High School,Divorced,Rural,It's getting harder to manage my daily expenses with my current income.,1,negative,0.9295135736465454,High,High Risk
34,6500.0,0.36,14000.0,24,0,1,7,Salaried,Bachelor,Married,Urban,"This loan is for a planned home improvement, and I have sufficient reserves.",0,neutral,0.8946553468704224,Low,Low Risk
51,11500.0,0.16,38000.0,60,0,3,18,Salaried,Master,Married,Suburban,"My career is progressing well, ensuring steady income for the foreseeable future.",0,positive,0.9023194909095764,Low,Low Risk
21,1600.0,0.96,3500.0,12,7,0,0,Student,High School,Single,Rural,"I'm currently unemployed and looking for work, but need this to cover immediate expenses.",1,neutral,0.6681033372879028,Low,Low Risk
47,10200.0,0.23,31000.0,60,0,3,16,Salaried,Master,Married,Urban,I'm looking to invest in a new opportunity and have strong repayment projections.,0,positive,0.8904069662094116,Low,Low Risk
64,3800.0,0.75,9000.0,24,3,2,12,Self-Employed,Diploma,Divorced,Suburban,"Unexpected medical bills have put a strain on my finances, making this loan critical.",1,negative,0.964567244052887,High,High Risk
29,5000.0,0.42,11000.0,24,0,1,6,Salaried,Bachelor,Single,Rural,"My current financial situation is very stable, with consistent savings.",0,positive,0.9303826093673706,Low,Low Risk
30,2600.0,0.93,12000.0,48,6,1,4,Salaried,High School,Single,Suburban,"I have a lot of existing debt, and I'm finding it hard to keep up with all the payments.",1,negative,0.9520015120506287,High,High Risk
56,19000.0,0.1,49000.0,60,0,5,20,Self-Employed,Master,Married,Urban,"My career is progressing well, ensuring steady income for the foreseeable future.",0,positive,0.9023194909095764,Low,Low Risk
24,2000.0,0.9,6000.0,24,8,0,1,Student,Diploma,Single,Urban,"I'm hoping this loan can help me get back on track, despite my past payment difficulties.",1,positive,0.9314055442810059,Low,Low Risk
43,9700.0,0.26,27000.0,48,0,2,13,Salaried,Bachelor,Married,Suburban,I've always managed my finances responsibly and am confident in my ability to repay.,0,positive,0.655415952205658,Low,Low Risk
66,1700.0,0.97,4500.0,12,10,1,9,Unemployed,High School,Divorced,Rural,"I need this loan to pay off other pressing debts, it's my last resort.",1,neutral,0.8973101377487183,Low,Low Risk
31,5300.0,0.68,20000.0,48,2,1,7,Salaried,Bachelor,Single,Urban,"I've had some recent financial setbacks, and my credit has suffered.",1,negative,0.9650097489356995,High,High Risk
54,13500.0,0.13,41000.0,60,0,4,19,Master,Master,Married,Suburban,"My current financial situation is very stable, with consistent savings.",0,positive,0.9303826093673706,Low,Low Risk
27,2900.0,0.87,13000.0,36,5,1,4,Salaried,Diploma,Single,Urban,"My job situation is uncertain, but I desperately need these funds.",1,neutral,0.85108882188797,Low,Low Risk
39,7000.0,0.39,16000.0,36,1,1,10,Self-Employed,Bachelor,Married,Rural,"This loan will help consolidate some debts, improving my overall financial standing.",0,positive,0.9557529091835022,Low,Low Risk
60,3100.0,0.84,9000.0,24,4,2,14,Salaried,Diploma,Divorced,Suburban,"I have a lot of existing debt, and I'm finding it hard to keep up with all the payments.",1,negative,0.9520015120506287,High,High Risk
25,3500.0,0.44,8000.0,24,0,1,3,Salaried,Bachelor,Single,Urban,I've budgeted carefully for this repayment and foresee no issues.,0,neutral,0.8039790391921997,Low,Low Risk
69,2000.0,1.0,5500.0,12,10,1,7,Unemployed,High School,Divorced,Rural,It's getting harder to manage my daily expenses with my current income.,1,negative,0.9295135736465454,High,High Risk
40,9200.0,0.27,26500.0,48,0,2,10,Salaried,Bachelor,Married,Suburban,"My career is progressing well, ensuring steady income for the foreseeable future.",0,positive,0.9023194909095764,Low,Low Risk
33,5800.0,0.71,24000.0,48,3,2,6,Salaried,Bachelor,Married,Urban,"I've had some recent financial setbacks, and my credit has suffered.",1,negative,0.9650097489356995,High,High Risk
58,14500.0,0.15,43000.0,60,0,4,20,Self-Employed,Master,Married,Urban,I'm looking to invest in a new opportunity and have strong repayment projections.,0,positive,0.8904069662094116,Low,Low Risk
23,1900.0,0.98,7000.0,36,8,0,1,Student,Diploma,Single,Rural,I desperately need these funds to cover immediate expenses as my job prospects are unclear.,1,negative,0.6878754496574402,Medium,Watchlist
45,10300.0,0.21,30000.0,60,0,3,14,Salaried,Master,Married,Suburban,I've always managed my finances responsibly and am confident in my ability to repay.,0,positive,0.655415952205658,Low,Low Risk
62,2300.0,0.94,6500.0,24,7,2,10,Unemployed,High School,Divorced,Rural,"My income has been inconsistent, and I'm worried about falling further behind.",1,negative,0.968848466873169,High,High Risk
36,7600.0,0.34,17000.0,36,0,1,9,Salaried,Bachelor,Married,Urban,"My current financial situation is very stable, with consistent savings.",0,positive,0.9303826093673706,Low,Low Risk
50,12500.0,0.12,37000.0,60,0,3,18,Salaried,Master,Married,Suburban,I've budgeted carefully for this repayment and foresee no issues.,0,neutral,0.8039790391921997,Low,Low Risk
28,3100.0,0.82,13500.0,36,4,1,5,Salaried,Diploma,Single,Rural,"Unexpected medical bills have put a strain on my finances, making this loan critical.",1,negative,0.964567244052887,High,High Risk
67,1600.0,0.99,3000.0,12,10,1,6,Unemployed,High School,Divorced,Urban,"I'm hoping this loan can help me get back on track, despite my past payment difficulties.",1,positive,0.9314055442810059,Low,Low Risk
35,6900.0,0.37,15000.0,36,0,1,8,Self-Employed,Bachelor,Married,Suburban,"This loan is for a planned home improvement, and I have sufficient reserves.",0,neutral,0.8946553468704224,Low,Low Risk
59,15000.0,0.1,50000.0,60,0,5,20,Salaried,Master,Married,Urban,"My career is progressing well, ensuring steady income for the foreseeable future.",0,positive,0.9023194909095764,Low,Low Risk
26,2700.0,0.95,11000.0,48,7,1,3,Salaried,High School,Single,Suburban,"I have a lot of existing debt, and I'm finding it hard to keep up with all the payments.",1,negative,0.9520015120506287,High,High Risk
48,11000.0,0.2,33000.0,60,0,3,17,Salaried,Master,Married,Urban,I've budgeted carefully for this repayment and foresee no issues.,0,neutral,0.8039790391921997,Low,Low Risk
30,5200.0,0.41,10500.0,24,0,1,7,Salaried,Bachelor,Single,Rural,"My current financial situation is very stable, with consistent savings.",0,positive,0.9303826093673706,Low,Low Risk
61,3200.0,0.85,9500.0,24,5,2,15,Self-Employed,Diploma,Divorced,Suburban,"My income has been inconsistent, and I'm worried about falling further behind.",1,negative,0.968848466873169,High,High Risk
22,1900.0,0.99,6800.0,24,9,0,1,Student,High School,Single,Urban,It's getting harder to manage my daily expenses with my current income.,1,negative,0.9295135736465454,High,High Risk
46,10800.0,0.24,34000.0,60,0,3,15,Salaried,Master,Married,Urban,I'm looking to invest in a new opportunity and have strong repayment projections.,0,positive,0.8904069662094116,Low,Low Risk
63,2000.0,0.96,5000.0,12,8,1,11,Unemployed,High School,Divorced,Rural,"I need this loan to pay off other pressing debts, it's my last resort.",1,neutral,0.8973101377487183,Low,Low Risk
38,7800.0,0.3,20000.0,36,0,2,10,Self-Employed,Bachelor,Married,Suburban,I have a good credit history and believe this loan is well within my means.,0,positive,0.6023268699645996,Low,Low Risk
55,13000.0,0.18,40000.0,60,0,4,20,Salaried,Master,Married,Urban,"My current financial situation is very stable, with consistent savings.",0,positive,0.9303826093673706,Low,Low Risk
29,3000.0,0.88,12000.0,36,5,1,5,Salaried,Diploma,Single,Urban,"I've had some recent financial setbacks, and my credit has suffered.",1,negative,0.9650097489356995,High,High Risk
60,18000.0,0.1,49500.0,60,0,5,20,Self-Employed,Master,Married,Suburban,I've always managed my finances responsibly and am confident in my ability to repay.,0,positive,0.655415952205658,Low,Low Risk
21,1700.0,0.97,4000.0,12,8,0,0,Student,High School,Single,Rural,"I'm currently unemployed and looking for work, but need this to cover immediate expenses.",1,neutral,0.6681033372879028,Low,Low Risk
41,9600.0,0.25,28000.0,48,0,2,12,Salaried,Bachelor,Married,Urban,"My income is stable, and I have a good handle on my monthly expenses.",0,positive,0.5296257734298706,Low,Low Risk
68,2100.0,0.98,5500.0,12,9,1,10,Unemployed,High School,Divorced,Rural,It's getting harder to manage my daily expenses with my current income.,1,negative,0.9295135736465454,High,High Risk
34,6300.0,0.69,22000.0,48,2,1,8,Salaried,Bachelor,Married,Suburban,"Unexpected medical bills have put a strain on my finances, making this loan critical.",1,negative,0.964567244052887,High,High Risk
53,16500.0,0.12,46000.0,60,0,4,19,Self-Employed,Master,Married,Urban,I've budgeted carefully for this repayment and foresee no issues.,0,neutral,0.8039790391921997,Low,Low Risk
27,2800.0,0.89,14000.0,48,6,1,4,Salaried,Diploma,Single,Urban,"I have a lot of existing debt, and I'm finding it hard to keep up with all the payments.",1,negative,0.9520015120506287,High,High Risk
39,7100.0,0.35,16500.0,36,0,1,10,Salaried,Bachelor,Married,Rural,"This loan will help consolidate some debts, improving my overall financial standing.",0,positive,0.9557529091835022,Low,Low Risk
65,3600.0,0.77,8500.0,24,3,2,13,Self-Employed,Diploma,Divorced,Suburban,"My income has been inconsistent, and I'm worried about falling further behind.",1,negative,0.968848466873169,High,High Risk
25,3800.0,0.4,9000.0,24,0,1,3,Salaried,Bachelor,Single,Urban,"My career is progressing well, ensuring steady income for the foreseeable future.",0,positive,0.9023194909095764,Low,Low Risk
70,1500.0,1.0,4000.0,12,10,1,7,Unemployed,High School,Divorced,Rural,"I'm hoping this loan can help me get back on track, despite my past payment difficulties.",1,positive,0.9314055442810059,Low,Low Risk
42,9900.0,0.28,29000.0,48,0,2,12,Salaried,Bachelor,Married,Suburban,I've always managed my finances responsibly and am confident in my ability to repay.,0,positive,0.655415952205658,Low,Low Risk
31,5000.0,0.72,26000.0,48,3,2,7,Salaried,Bachelor,Single,Urban,"I've had some recent financial setbacks, and my credit has suffered.",1,negative,0.9650097489356995,High,High Risk
57,14200.0,0.16,44000.0,60,0,4,20,Self-Employed,Master,Married,Urban,I'm looking to invest in a new opportunity and have strong repayment projections.,0,positive,0.8904069662094116,Low,Low Risk
23,2000.0,0.96,7500.0,36,8,0,1,Student,Diploma,Single,Rural,"My job situation is uncertain, but I desperately need these funds.",1,neutral,0.85108882188797,Low,Low Risk
49,11200.0,0.19,34000.0,60,0,3,18,Salaried,Master,Married,Suburban,I've budgeted carefully for this repayment and foresee no issues.,0,neutral,0.8039790391921997,Low,Low Risk
66,2500.0,0.95,6000.0,24,7,2,10,Unemployed,High School,Divorced,Rural,"My income has been inconsistent, and I'm worried about falling further behind.",1,negative,0.968848466873169,High,High Risk
37,7400.0,0.32,18000.0,36,0,1,9,Salaried,Bachelor,Married,Urban,"My current financial situation is very stable, with consistent savings.",0,positive,0.9303826093673706,Low,Low Risk
52,12800.0,0.14,39000.0,60,0,3,19,Self-Employed,Master,Married,Suburban,I've always managed my finances responsibly and am confident in my ability to repay.,0,positive,0.655415952205658,Low,Low Risk
26,3000.0,0.86,13000.0,36,4,1,3,Salaried,Diploma,Single,Urban,"I've had some recent financial setbacks, and my credit has suffered.",1,negative,0.9650097489356995,High,High Risk
69,1700.0,0.99,4000.0,12,10,1,8,Unemployed,High School,Divorced,Rural,It's getting harder to manage my daily expenses with my current income.,1,negative,0.9295135736465454,High,High Risk
32,5700.0,0.38,14000.0,24,0,1,7,Salaried,Bachelor,Married,Suburban,"This loan is for a planned home improvement, and I have sufficient reserves.",0,neutral,0.8946553468704224,Low,Low Risk
51,11800.0,0.17,36000.0,60,0,3,18,Salaried,Master,Married,Urban,"My career is progressing well, ensuring steady income for the foreseeable future.",0,positive,0.9023194909095764,Low,Low Risk
21,1800.0,0.98,5000.0,24,9,0,0,Student,High School,Single,Rural,"I'm currently unemployed and looking for work, but need this to cover immediate expenses.",1,neutral,0.6681033372879028,Low,Low Risk
47,10500.0,0.23,32000.0,60,0,3,16,Salaried,Master,Married,Suburban,I'm looking to invest in a new opportunity and have strong repayment projections.,0,positive,0.8904069662094116,Low,Low Risk
64,3500.0,0.79,9000.0,24,4,2,12,Self-Employed,Diploma,Divorced,Urban,"Unexpected medical bills have put a strain on my finances, making this loan critical.",1,negative,0.964567244052887,High,High Risk
29,4900.0,0.43,10000.0,24,0,1,6,Salaried,Bachelor,Single,Rural,"My current financial situation is very stable, with consistent savings.",0,positive,0.9303826093673706,Low,Low Risk
30,2800.0,0.92,11000.0,48,6,1,4,Salaried,High School,Single,Suburban,"I have a lot of existing debt, and I'm finding it hard to keep up with all the payments.",1,negative,0.9520015120506287,High,High Risk
56,18500.0,0.11,48000.0,60,0,5,20,Self-Employed,Master,Married,Urban,I've budgeted carefully for this repayment and foresee no issues.,0,neutral,0.8039790391921997,Low,Low Risk
24,2100.0,0.97,6500.0,24,8,0,1,Student,Diploma,Single,Urban,"I'm hoping this loan can help me get back on track, despite my past payment difficulties.",1,positive,0.9314055442810059,Low,Low Risk
43,9500.0,0.26,27000.0,48,0,2,13,Salaried,Bachelor,Married,Suburban,I've always managed my finances responsibly and am confident in my ability to repay.,0,positive,0.655415952205658,Low,Low Risk
67,1900.0,0.99,4800.0,12,9,1,9,Unemployed,High School,Divorced,Rural,"I need this loan to pay off other pressing debts, it's my last resort.",1,neutral,0.8973101377487183,Low,Low Risk
31,5300.0,0.7,21000.0,48,3,1,7,Salaried,Bachelor,Single,Urban,"I've had some recent financial setbacks, and my credit has suffered.",1,negative,0.9650097489356995,High,High Risk
54,13800.0,0.13,41000.0,60,0,4,19,Salaried,Master,Married,Suburban,"My current financial situation is very stable, with consistent savings.",0,positive,0.9303826093673706,Low,Low Risk
27,2900.0,0.88,12500.0,36,5,1,4,Salaried,Diploma,Single,Urban,"My job situation is uncertain, but I desperately need these funds.",1,neutral,0.85108882188797,Low,Low Risk
39,7200.0,0.36,17000.0,36,0,1,10,Self-Employed,Bachelor,Married,Rural,"This loan will help consolidate some debts, improving my overall financial standing.",0,positive,0.9557529091835022,Low,Low Risk
65,3700.0,0.78,8800.0,24,4,2,13,Self-Employed,Diploma,Divorced,Suburban,"Unexpected medical bills have put a strain on my finances, making this loan critical.",1,negative,0.964567244052887,High,High Risk
25,3900.0,0.41,9200.0,24,0,1,3,Salaried,Bachelor,Single,Urban,I've budgeted carefully for this repayment and foresee no issues.,0,neutral,0.8039790391921997,Low,Low Risk
70,1600.0,1.0,4200.0,12,10,1,7,Unemployed,High School,Divorced,Rural,"I'm hoping this loan can help me get back on track, despite my past payment difficulties.",1,positive,0.9314055442810059,Low,Low Risk
40,9700.0,0.27,28000.0,48,0,2,10,Salaried,Bachelor,Married,Suburban,"My career is progressing well, ensuring steady income for the foreseeable future.",0,positive,0.9023194909095764,Low,Low Risk
33,5900.0,0.71,23000.0,48,3,2,6,Salaried,Bachelor,Married,Urban,"I've had some recent financial setbacks, and my credit has suffered.",1,negative,0.9650097489356995,High,High Risk
58,14700.0,0.15,43000.0,60,0,4,20,Self-Employed,Master,Married,Urban,I'm looking to invest in a new opportunity and have strong repayment projections.,0,positive,0.8904069662094116,Low,Low Risk
23,2100.0,0.98,7000.0,36,8,0,1,Student,Diploma,Single,Rural,I desperately need these funds to cover immediate expenses as my job prospects are unclear.,1,negative,0.6878754496574402,Medium,Watchlist
45,10100.0,0.21,30000.0,60,0,3,14,Salaried,Master,Married,Suburban,I've always managed my finances responsibly and am confident in my ability to repay.,0,positive,0.655415952205658,Low,Low Risk
62,2400.0,0.94,6500.0,24,7,2,10,Unemployed,High School,Divorced,Rural,"My income has been inconsistent, and I'm worried about falling further behind.",1,negative,0.968848466873169,High,High Risk
36,7700.0,0.34,17000.0,36,0,1,9,Salaried,Bachelor,Married,Urban,"My current financial situation is very stable, with consistent savings.",0,positive,0.9303826093673706,Low,Low Risk
50,12600.0,0.12,37000.0,60,0,3,18,Salaried,Master,Married,Suburban,I've budgeted carefully for this repayment and foresee no issues.,0,neutral,0.8039790391921997,Low,Low Risk
28,3200.0,0.82,13500.0,36,4,1,5,Salaried,Diploma,Single,Rural,"Unexpected medical bills have put a strain on my finances, making this loan critical.",1,negative,0.964567244052887,High,High Risk
67,1600.0,0.99,3000.0,12,10,1,6,Unemployed,High School,Divorced,Urban,"I'm hoping this loan can help me get back on track, despite my past payment difficulties.",1,positive,0.9314055442810059,Low,Low Risk
35,6900.0,0.37,15000.0,36,0,1,8,Self-Employed,Bachelor,Married,Suburban,"This loan is for a planned home improvement, and I have sufficient reserves.",0,neutral,0.8946553468704224,Low,Low Risk
59,15000.0,0.1,50000.0,60,0,5,20,Salaried,Master,Married,Urban,"My career is progressing well, ensuring steady income for the foreseeable future.",0,positive,0.9023194909095764,Low,Low Risk
26,2700.0,0.95,11000.0,48,7,1,3,Salaried,High School,Single,Suburban,"I have a lot of existing debt, and I'm finding it hard to keep up with all the payments.",1,negative,0.9520015120506287,High,High Risk
48,11000.0,0.2,33000.0,60,0,3,17,Salaried,Master,Married,Urban,I've budgeted carefully for this repayment and foresee no issues.,0,neutral,0.8039790391921997,Low,Low Risk
30,5200.0,0.41,10500.0,24,0,1,7,Salaried,Bachelor,Single,Rural,"My current financial situation is very stable, with consistent savings.",0,positive,0.9303826093673706,Low,Low Risk
61,3200.0,0.85,9500.0,24,5,2,15,Self-Employed,Diploma,Divorced,Suburban,"My income has been inconsistent, and I'm worried about falling further behind.",1,negative,0.968848466873169,High,High Risk
22,1900.0,0.99,6800.0,24,9,0,1,Student,High School,Single,Urban,It's getting harder to manage my daily expenses with my current income.,1,negative,0.9295135736465454,High,High Risk
46,10800.0,0.24,34000.0,60,0,3,15,Salaried,Master,Married,Urban,I'm looking to invest in a new opportunity and have strong repayment projections.,0,positive,0.8904069662094116,Low,Low Risk
63,2000.0,0.96,5000.0,12,8,1,11,Unemployed,High School,Divorced,Rural,"I need this loan to pay off other pressing debts, it's my last resort.",1,neutral,0.8973101377487183,Low,Low Risk
38,7800.0,0.3,20000.0,36,0,2,10,Self-Employed,Bachelor,Married,Suburban,I have a good credit history and believe this loan is well within my means.,0,positive,0.6023268699645996,Low,Low Risk
55,13000.0,0.18,40000.0,60,0,4,20,Salaried,Master,Married,Urban,"My current financial situation is very stable, with consistent savings.",0,positive,0.9303826093673706,Low,Low Risk
29,3000.0,0.88,12000.0,36,5,1,5,Salaried,Diploma,Single,Urban,"I've had some recent financial setbacks, and my credit has suffered.",1,negative,0.9650097489356995,High,High Risk
60,18000.0,0.1,49500.0,60,0,5,20,Self-Employed,Master,Married,Suburban,I've always managed my finances responsibly and am confident in my ability to repay.,0,positive,0.655415952205658,Low,Low Risk
21,1700.0,0.97,4000.0,12,8,0,0,Student,High School,Single,Rural,"I'm currently unemployed and looking for work, but need this to cover immediate expenses.",1,neutral,0.6681033372879028,Low,Low Risk
41,9600.0,0.25,28000.0,48,0,2,12,Salaried,Bachelor,Married,Urban,"My income is stable, and I have a good handle on my monthly expenses.",0,positive,0.5296257734298706,Low,Low Risk
68,2100.0,0.98,5500.0,12,9,1,10,Unemployed,High School,Divorced,Rural,It's getting harder to manage my daily expenses with my current income.,1,negative,0.9295135736465454,High,High Risk
34,6300.0,0.69,22000.0,48,2,1,8,Salaried,Bachelor,Married,Suburban,"Unexpected medical bills have put a strain on my finances, making this loan critical.",1,negative,0.964567244052887,High,High Risk
53,16500.0,0.12,46000.0,60,0,4,19,Self-Employed,Master,Married,Urban,I've budgeted carefully for this repayment and foresee no issues.,0,neutral,0.8039790391921997,Low,Low Risk
27,2800.0,0.89,14000.0,48,6,1,4,Salaried,Diploma,Single,Urban,"I have a lot of existing debt, and I'm finding it hard to keep up with all the payments.",1,negative,0.9520015120506287,High,High Risk
39,7100.0,0.35,16500.0,36,0,1,10,Salaried,Bachelor,Married,Rural,"This loan will help consolidate some debts, improving my overall financial standing.",0,positive,0.9557529091835022,Low,Low Risk
65,3600.0,0.77,8500.0,24,3,2,13,Self-Employed,Diploma,Divorced,Suburban,"My income has been inconsistent, and I'm worried about falling further behind.",1,negative,0.968848466873169,High,High Risk
25,3800.0,0.4,9000.0,24,0,1,3,Salaried,Bachelor,Single,Urban,"My career is progressing well, ensuring steady income for the foreseeable future.",0,positive,0.9023194909095764,Low,Low Risk
70,1600.0,1.0,4200.0,12,10,1,7,Unemployed,High School,Divorced,Rural,"I'm hoping this loan can help me get back on track, despite my past payment difficulties.",1,positive,0.9314055442810059,Low,Low Risk
40,9700.0,0.27,28000.0,48,0,2,10,Salaried,Bachelor,Married,Suburban,"My career is progressing well, ensuring steady income for the foreseeable future.",0,positive,0.9023194909095764,Low,Low Risk
33,5900.0,0.71,23000.0,48,3,2,6,Salaried,Bachelor,Married,Urban,"I've had some recent financial setbacks, and my credit has suffered.",1,negative,0.9650097489356995,High,High Risk
58,14700.0,0.15,43000.0,60,0,4,20,Self-Employed,Master,Married,Urban,I'm looking to invest in a new opportunity and have strong repayment projections.,0,positive,0.8904069662094116,Low,Low Risk
23,2100.0,0.98,7000.0,36,8,0,1,Student,Diploma,Single,Rural,I desperately need these funds to cover immediate expenses as my job prospects are unclear.,1,negative,0.6878754496574402,Medium,Watchlist
45,10100.0,0.21,30000.0,60,0,3,14,Salaried,Master,Married,Suburban,I've always managed my finances responsibly and am confident in my ability to repay.,0,positive,0.655415952205658,Low,Low Risk
62,2400.0,0.94,6500.0,24,7,2,10,Unemployed,High School,Divorced,Rural,"My income has been inconsistent, and I'm worried about falling further behind.",1,negative,0.968848466873169,High,High Risk
36,7700.0,0.34,17000.0,36,0,1,9,Salaried,Bachelor,Married,Urban,"My current financial situation is very stable, with consistent savings.",0,positive,0.9303826093673706,Low,Low Risk
50,12600.0,0.12,37000.0,60,0,3,18,Salaried,Master,Married,Suburban,I've budgeted carefully for this repayment and foresee no issues.,0,neutral,0.8039790391921997,Low,Low Risk
28,3200.0,0.82,13500.0,36,4,1,5,Salaried,Diploma,Single,Rural,"Unexpected medical bills have put a strain on my finances, making this loan critical.",1,negative,0.964567244052887,High,High Risk
67,1600.0,0.99,3000.0,12,10,1,6,Unemployed,High School,Divorced,Urban,"I'm hoping this loan can help me get back on track, despite my past payment difficulties.",1,positive,0.9314055442810059,Low,Low Risk
35,6900.0,0.37,15000.0,36,0,1,8,Self-Employed,Bachelor,Married,Suburban,"This loan is for a planned home improvement, and I have sufficient reserves.",0,neutral,0.8946553468704224,Low,Low Risk
59,15000.0,0.1,50000.0,60,0,5,20,Salaried,Master,Married,Urban,"My career is progressing well, ensuring steady income for the foreseeable future.",0,positive,0.9023194909095764,Low,Low Risk
26,2700.0,0.95,11000.0,48,7,1,3,Salaried,High School,Single,Suburban,"I have a lot of existing debt, and I'm finding it hard to keep up with all the payments.",1,negative,0.9520015120506287,High,High Risk
48,11000.0,0.2,33000.0,60,0,3,17,Salaried,Master,Married,Urban,I've budgeted carefully for this repayment and foresee no issues.,0,neutral,0.8039790391921997,Low,Low Risk
30,5200.0,0.41,10500.0,24,0,1,7,Salaried,Bachelor,Single,Rural,"My current financial situation is very stable, with consistent savings.",0,positive,0.9303826093673706,Low,Low Risk
61,3200.0,0.85,9500.0,24,5,2,15,Self-Employed,Diploma,Divorced,Suburban,"My income has been inconsistent, and I'm worried about falling further behind.",1,negative,0.968848466873169,High,High Risk
22,1900.0,0.99,6800.0,24,9,0,1,Student,High School,Single,Urban,It's getting harder to manage my daily expenses with my current income.,1,negative,0.9295135736465454,High,High Risk
46,10800.0,0.24,34000.0,60,0,3,15,Salaried,Master,Married,Urban,I'm looking to invest in a new opportunity and have strong repayment projections.,0,positive,0.8904069662094116,Low,Low Risk
63,2000.0,0.96,5000.0,12,8,1,11,Unemployed,High School,Divorced,Rural,"I need this loan to pay off other pressing debts, it's my last resort.",1,neutral,0.8973101377487183,Low,Low Risk
38,7800.0,0.3,20000.0,36,0,2,10,Self-Employed,Bachelor,Married,Suburban,I have a good credit history and believe this loan is well within my means.,0,positive,0.6023268699645996,Low,Low Risk
55,13000.0,0.18,40000.0,60,0,4,20,Salaried,Master,Married,Urban,"My current financial situation is very stable, with consistent savings.",0,positive,0.9303826093673706,Low,Low Risk
29,3000.0,0.88,12000.0,36,5,1,5,Salaried,Diploma,Single,Urban,"I've had some recent financial setbacks, and my credit has suffered.",1,negative,0.9650097489356995,High,High Risk
60,18000.0,0.1,49500.0,60,0,5,20,Self-Employed,Master,Married,Suburban,I've always managed my finances responsibly and am confident in my ability to repay.,0,positive,0.655415952205658,Low,Low Risk
21,1700.0,0.97,4000.0,12,8,0,0,Student,High School,Single,Rural,"I'm currently unemployed and looking for work, but need this to cover immediate expenses.",1,neutral,0.6681033372879028,Low,Low Risk
41,9600.0,0.25,28000.0,48,0,2,12,Salaried,Bachelor,Married,Urban,"My income is stable, and I have a good handle on my monthly expenses.",0,positive,0.5296257734298706,Low,Low Risk
68,2100.0,0.98,5500.0,12,9,1,10,Unemployed,High School,Divorced,Rural,It's getting harder to manage my daily expenses with my current income.,1,negative,0.9295135736465454,High,High Risk
34,6300.0,0.69,22000.0,48,2,1,8,Salaried,Bachelor,Married,Suburban,"Unexpected medical bills have put a strain on my finances, making this loan critical.",1,negative,0.964567244052887,High,High Risk
53,16500.0,0.12,46000.0,60,0,4,19,Self-Employed,Master,Married,Urban,I've budgeted carefully for this repayment and foresee no issues.,0,neutral,0.8039790391921997,Low,Low Risk
27,2800.0,0.89,14000.0,48,6,1,4,Salaried,Diploma,Single,Urban,"I have a lot of existing debt, and I'm finding it hard to keep up with all the payments.",1,negative,0.9520015120506287,High,High Risk
39,7100.0,0.35,16500.0,36,0,1,10,Salaried,Bachelor,Married,Rural,"This loan will help consolidate some debts, improving my overall financial standing.",0,positive,0.9557529091835022,Low,Low Risk
65,3600.0,0.77,8500.0,24,3,2,13,Self-Employed,Diploma,Divorced,Suburban,"My income has been inconsistent, and I'm worried about falling further behind.",1,negative,0.968848466873169,High,High Risk
25,3800.0,0.41,9200.0,24,0,1,3,Salaried,Bachelor,Single,Urban,"My career is progressing well, ensuring steady income for the foreseeable future.",0,positive,0.9023194909095764,Low,Low Risk
70,1600.0,1.0,4200.0,12,10,1,7,Unemployed,High School,Divorced,Rural,"I'm hoping this loan can help me get back on track, despite my past payment difficulties.",1,positive,0.9314055442810059,Low,Low Risk
59,9500.0,0.65,28800.0,48,1,3,17,Self-Employed,Bachelor,Married,Urban,"My finances are well-managed, and I'm looking to consolidate some smaller debts into one payment.",0,neutral,0.7106344699859619,Low,Low Risk
28,6200.0,0.35,11300.0,36,0,0,7,Salaried,Bachelor,Married,Urban,I have a stable job and excellent credit; this loan is for a home improvement project.,0,neutral,0.5335102081298828,Low,Low Risk
32,12800.0,0.28,35700.0,60,0,1,8,Salaried,Master,Single,Urban,"My financial situation is robust, and I am looking for a personal loan to fund a significant life event.",0,neutral,0.7561371326446533,Low,Low Risk
41,8700.0,0.42,19600.0,36,0,2,15,Salaried,Bachelor,Married,Suburban,I am seeking funds for a necessary repair and have a reliable income source to ensure repayment.,0,positive,0.6280316710472107,Low,Low Risk
24,2500.0,0.61,2500.0,12,1,0,3,Student,Diploma,Single,Urban,I am looking for a personal loan to cover some urgent expenses and am confident in my repayment ability.,0,positive,0.8999671339988708,Low,Low Risk
55,4100.0,0.88,15900.0,48,4,4,18,Salaried,High School,Divorced,Rural,"My current debts are overwhelming, and I'm finding it very hard to keep up.",1,negative,0.9357419013977051,High,High Risk
36,7100.0,0.39,18000.0,36,0,1,10,Self-Employed,Bachelor,Married,Suburban,This loan will help me manage my cash flow more effectively for my growing self-employed business.,0,positive,0.8282826542854309,Low,Low Risk
63,1900.0,0.95,3500.0,24,7,2,19,Unemployed,Diploma,Divorced,Rural,"I've been struggling with making payments due to unexpected job loss, and need this to catch up.",1,negative,0.9412403702735901,High,High Risk
48,16500.0,0.22,42500.0,60,0,2,16,Salaried,Master,Married,Urban,"My financial situation is robust, and I am looking for a personal loan to fund a significant life event.",0,neutral,0.7561371326446533,Low,Low Risk
29,5800.0,0.55,13400.0,36,0,1,6,Salaried,Bachelor,Single,Urban,"My finances are well-managed, and I'm looking to consolidate some smaller debts into one payment.",0,neutral,0.7106344699859619,Low,Low Risk
38,3600.0,0.79,9000.0,36,2,3,12,Salaried,High School,Married,Rural,"I've had a few ups and downs, but I'm committed to improving my credit with this loan.",0,positive,0.9431411623954773,Low,Low Risk
67,7900.0,0.31,17500.0,48,0,1,20,Salaried,Bachelor,Married,Suburban,"My finances are well-managed, and I'm looking to consolidate some smaller debts into one payment.",0,neutral,0.7106344699859619,Low,Low Risk
22,1800.0,0.72,1500.0,12,2,0,1,Student,High School,Single,Urban,I need funds desperately to avoid further late payments and potential defaults.,1,negative,0.6818029880523682,Medium,Watchlist
45,11000.0,0.48,30000.0,60,0,2,17,Self-Employed,Master,Married,Urban,I'm financially secure and planning to invest in a small business venture.,0,neutral,0.8804696798324585,Low,Low Risk
31,4900.0,0.69,11000.0,24,1,2,9,Salaried,Diploma,Single,Suburban,"While my credit utilization is a bit high, I have a plan to reduce it with this new loan.",0,positive,0.9193214774131775,Low,Low Risk
52,10500.0,0.51,22000.0,48,1,3,19,Salaried,Bachelor,Divorced,Urban,"My finances are well-managed, and I'm looking to consolidate some smaller debts into one payment.",0,neutral,0.7106344699859619,Low,Low Risk
26,5100.0,0.33,8000.0,24,0,0,4,Salaried,Bachelor,Single,Urban,I have a good track record with previous loans and a stable financial background.,0,neutral,0.6880838871002197,Low,Low Risk
39,2000.0,0.98,4500.0,24,8,4,10,Unemployed,High School,Married,Rural,"My financial situation is critical, and I'm seeking any assistance to stay afloat.",1,neutral,0.5811591148376465,Low,Low Risk
50,9900.0,0.4,25000.0,48,0,2,18,Self-Employed,Bachelor,Married,Suburban,I'm financially secure and planning to invest in a small business venture.,0,neutral,0.8804696798324585,Low,Low Risk
61,5200.0,0.68,10500.0,36,1,3,20,Salaried,Diploma,Married,Rural,"I'm trying to get my finances in order after some minor setbacks, this loan will help.",0,positive,0.8007779121398926,Low,Low Risk
34,14000.0,0.25,38000.0,60,0,1,12,Salaried,Master,Married,Urban,"My financial situation is robust, and I am looking for a personal loan to fund a significant life event.",0,neutral,0.7561371326446533,Low,Low Risk
27,4000.0,0.58,7500.0,24,0,1,5,Salaried,Diploma,Single,Suburban,"With my consistent income, I'm confident in my ability to repay this loan for a new car.",0,positive,0.9286524057388306,Low,Low Risk
42,2200.0,0.99,6000.0,36,9,5,15,Unemployed,Bachelor,Divorced,Urban,I've had a rough patch with my finances and am barely making ends meet.,1,negative,0.9488524198532104,High,High Risk
30,6500.0,0.3,14000.0,36,0,0,8,Salaried,Bachelor,Married,Urban,"My finances are well-managed, and I'm looking to consolidate some smaller debts into one payment.",0,neutral,0.7106344699859619,Low,Low Risk
58,4800.0,0.75,8500.0,24,2,2,20,Self-Employed,High School,Married,Rural,"I'm trying to get my finances in order after some minor setbacks, this loan will help.",0,positive,0.8007779121398926,Low,Low Risk
25,4500.0,0.45,6000.0,12,0,0,3,Salaried,Bachelor,Single,Urban,I need these funds for an educational course to advance my career.,0,neutral,0.8537189960479736,Low,Low Risk
70,1700.0,0.9,2000.0,12,6,3,20,Unemployed,Diploma,Divorced,Rural,"After a recent job change, my income is unstable, making it hard to manage my existing commitments.",1,negative,0.9433354735374451,High,High Risk
49,18000.0,0.15,48000.0,60,0,1,19,Salaried,Master,Married,Urban,"My financial situation is robust, and I am looking for a personal loan to fund a significant life event.",0,neutral,0.7561371326446533,Low,Low Risk
33,5300.0,0.6,10000.0,24,0,1,7,Self-Employed,Diploma,Single,Suburban,This loan will help me manage my cash flow more effectively for my growing self-employed business.,0,positive,0.8282826542854309,Low,Low Risk
65,2100.0,0.92,5500.0,36,7,4,20,Unemployed,Bachelor,Married,Suburban,"My credit is poor, and I'm struggling with a high debt burden that needs immediate attention.",1,negative,0.9571061134338379,High,High Risk
21,1600.0,0.85,1000.0,12,3,0,0,Student,High School,Single,Urban,I've had a rough patch with my finances and am barely making ends meet.,1,negative,0.9488524198532104,High,High Risk
46,9000.0,0.37,20000.0,48,0,1,18,Salaried,Bachelor,Married,Urban,"My finances are well-managed, and I'm looking to consolidate some smaller debts into one payment.",0,neutral,0.7106344699859619,Low,Low Risk
37,15000.0,0.2,40000.0,60,0,0,14,Salaried,Master,Married,Urban,"My financial situation is robust, and I am looking for a personal loan to fund a significant life event.",0,neutral,0.7561371326446533,Low,Low Risk
53,6000.0,0.7,12000.0,36,1,3,20,Self-Employed,Diploma,Divorced,Suburban,"I'm trying to get my finances in order after some minor setbacks, this loan will help.",0,positive,0.8007779121398926,Low,Low Risk
68,3800.0,0.62,7000.0,24,0,2,20,Salaried,High School,Married,Rural,"With my consistent income, I'm confident in my ability to repay this loan for a new car.",0,positive,0.9286524057388306,Low,Low Risk
23,2000.0,0.78,2000.0,12,3,0,2,Student,Diploma,Single,Urban,I need funds desperately to avoid further late payments and potential defaults.,1,negative,0.6818029880523682,Medium,Watchlist
40,8000.0,0.35,16000.0,36,0,1,16,Salaried,Bachelor,Married,Suburban,"My finances are well-managed, and I'm looking to consolidate some smaller debts into one payment.",0,neutral,0.7106344699859619,Low,Low Risk
56,17000.0,0.18,45000.0,60,0,2,20,Salaried,Master,Married,Urban,"My financial situation is robust, and I am looking for a personal loan to fund a significant life event.",0,neutral,0.7561371326446533,Low,Low Risk
35,1800.0,0.93,3000.0,12,5,2,8,Unemployed,High School,Single,Rural,I've had a rough patch with my finances and am barely making ends meet.,1,negative,0.9488524198532104,High,High Risk
28,4200.0,0.5,8500.0,24,0,1,6,Salaried,Diploma,Single,Urban,I have a good track record with previous loans and a stable financial background.,0,neutral,0.6880838871002197,Low,Low Risk
43,8200.0,0.41,19000.0,36,0,2,15,Self-Employed,Bachelor,Married,Suburban,This loan will help me manage my cash flow more effectively for my growing self-employed business.,0,positive,0.8282826542854309,Low,Low Risk
60,5000.0,0.72,10000.0,36,1,3,20,Salaried,Diploma,Married,Rural,"I'm trying to get my finances in order after some minor setbacks, this loan will help.",0,positive,0.8007779121398926,Low,Low Risk
26,1500.0,0.96,2500.0,12,6,1,4,Unemployed,High School,Single,Urban,"My financial situation is critical, and I'm seeking any assistance to stay afloat.",1,neutral,0.5811591148376465,Low,Low Risk
51,9200.0,0.38,21000.0,48,0,2,19,Salaried,Bachelor,Married,Urban,"My finances are well-managed, and I'm looking to consolidate some smaller debts into one payment.",0,neutral,0.7106344699859619,Low,Low Risk
69,14500.0,0.23,30000.0,60,0,0,20,Salaried,Master,Divorced,Suburban,"My financial situation is robust, and I am looking for a personal loan to fund a significant life event.",0,neutral,0.7561371326446533,Low,Low Risk
30,4700.0,0.65,9500.0,24,0,1,8,Self-Employed,Diploma,Single,Rural,This loan will help me manage my cash flow more effectively for my growing self-employed business.,0,positive,0.8282826542854309,Low,Low Risk
44,8900.0,0.36,18500.0,36,0,1,17,Salaried,Bachelor,Married,Urban,I am seeking funds for a necessary repair and have a reliable income source to ensure repayment.,0,positive,0.6280316710472107,Low,Low Risk
29,5900.0,0.32,12500.0,24,0,0,7,Salaried,Bachelor,Married,Suburban,I have a stable job and excellent credit; this loan is for a home improvement project.,0,neutral,0.5335102081298828,Low,Low Risk
62,1600.0,0.97,4000.0,24,8,5,20,Unemployed,High School,Married,Rural,"My current debts are overwhelming, and I'm finding it very hard to keep up.",1,negative,0.9357419013977051,High,High Risk
47,15500.0,0.21,41000.0,60,0,1,18,Salaried,Master,Married,Urban,"My financial situation is robust, and I am looking for a personal loan to fund a significant life event.",0,neutral,0.7561371326446533,Low,Low Risk
32,4800.0,0.63,10500.0,24,0,2,10,Salaried,Diploma,Married,Suburban,"While my credit utilization is a bit high, I have a plan to reduce it with this new loan.",0,positive,0.9193214774131775,Low,Low Risk
54,9700.0,0.52,24000.0,48,1,3,19,Self-Employed,Bachelor,Divorced,Urban,"My finances are well-managed, and I'm looking to consolidate some smaller debts into one payment.",0,neutral,0.7106344699859619,Low,Low Risk
24,1700.0,0.81,1200.0,12,4,0,2,Student,High School,Single,Rural,I've had a rough patch with my finances and am barely making ends meet.,1,negative,0.9488524198532104,High,High Risk
36,7000.0,0.29,15000.0,36,0,0,13,Salaried,Bachelor,Married,Urban,I have a good track record with previous loans and a stable financial background.,0,neutral,0.6880838871002197,Low,Low Risk
57,1900.0,0.94,3800.0,24,7,4,20,Unemployed,Diploma,Married,Rural,"I have been unemployed for a while, and my savings are almost depleted.",1,negative,0.8329399228096008,High,High Risk
29,11500.0,0.27,25000.0,48,0,0,7,Salaried,Master,Single,Urban,"My financial situation is robust, and I am looking for a personal loan to fund a significant life event.",0,neutral,0.7561371326446533,Low,Low Risk
41,6100.0,0.59,13000.0,36,0,2,14,Self-Employed,Diploma,Married,Suburban,This loan will help me manage my cash flow more effectively for my growing self-employed business.,0,positive,0.8282826542854309,Low,Low Risk
66,7500.0,0.3,16000.0,48,0,1,20,Salaried,Bachelor,Married,Suburban,"My finances are well-managed, and I'm looking to consolidate some smaller debts into one payment.",0,neutral,0.7106344699859619,Low,Low Risk
25,2300.0,0.75,3000.0,12,2,1,3,Student,Diploma,Single,Urban,I am looking for a personal loan to cover some urgent expenses and am confident in my repayment ability.,0,positive,0.8999671339988708,Low,Low Risk
48,1700.0,0.99,3500.0,24,9,5,18,Unemployed,High School,Divorced,Rural,"I've defaulted on loans before, and I'm in a tough spot financially right now.",1,negative,0.9399330019950867,High,High Risk
31,6800.0,0.31,14500.0,36,0,0,9,Salaried,Bachelor,Married,Urban,I have a good track record with previous loans and a stable financial background.,0,neutral,0.6880838871002197,Low,Low Risk
50,19000.0,0.12,49000.0,60,0,1,19,Salaried,Master,Married,Urban,"My financial situation is robust, and I am looking for a personal loan to fund a significant life event.",0,neutral,0.7561371326446533,Low,Low Risk
38,5600.0,0.64,11500.0,24,0,2,12,Self-Employed,Diploma,Married,Suburban,This loan will help me manage my cash flow more effectively for my growing self-employed business.,0,positive,0.8282826542854309,Low,Low Risk
64,3900.0,0.77,8000.0,36,2,3,20,Salaried,High School,Divorced,Rural,"I'm trying to get my finances in order after some minor setbacks, this loan will help.",0,positive,0.8007779121398926,Low,Low Risk
22,2600.0,0.68,2200.0,12,1,0,1,Student,Bachelor,Single,Urban,I am looking for a personal loan to cover some urgent expenses and am confident in my repayment ability.,0,positive,0.8999671339988708,Low,Low Risk
45,2000.0,0.98,5000.0,24,8,4,17,Unemployed,Bachelor,Married,Suburban,"I have been unemployed for a while, and my savings are almost depleted.",1,negative,0.8329399228096008,High,High Risk
33,13000.0,0.26,36000.0,60,0,0,11,Salaried,Master,Married,Urban,"My financial situation is robust, and I am looking for a personal loan to fund a significant life event.",0,neutral,0.7561371326446533,Low,Low Risk
59,7000.0,0.55,15000.0,36,0,2,18,Self-Employed,Diploma,Married,Urban,This loan will help me manage my cash flow more effectively for my growing self-employed business.,0,positive,0.8282826542854309,Low,Low Risk
27,1500.0,0.95,2000.0,12,6,1,5,Unemployed,High School,Single,Rural,"My financial situation is critical, and I'm seeking any assistance to stay afloat.",1,neutral,0.5811591148376465,Low,Low Risk
42,8500.0,0.34,17000.0,36,0,1,16,Salaried,Bachelor,Married,Urban,I have a good track record with previous loans and a stable financial background.,0,neutral,0.6880838871002197,Low,Low Risk
60,18500.0,0.13,47000.0,60,0,1,20,Salaried,Master,Married,Urban,"My financial situation is robust, and I am looking for a personal loan to fund a significant life event.",0,neutral,0.7561371326446533,Low,Low Risk
34,5200.0,0.61,10800.0,24,0,1,9,Self-Employed,Diploma,Single,Suburban,This loan will help me manage my cash flow more effectively for my growing self-employed business.,0,positive,0.8282826542854309,Low,Low Risk
67,1800.0,0.96,3000.0,12,7,4,20,Unemployed,High School,Divorced,Rural,"I've defaulted on loans before, and I'm in a tough spot financially right now.",1,negative,0.9399330019950867,High,High Risk
23,2800.0,0.65,2800.0,12,1,0,2,Student,Bachelor,Single,Urban,I am looking for a personal loan to cover some urgent expenses and am confident in my repayment ability.,0,positive,0.8999671339988708,Low,Low Risk
40,16000.0,0.19,42000.0,60,0,0,15,Salaried,Master,Married,Urban,"My financial situation is robust, and I am looking for a personal loan to fund a significant life event.",0,neutral,0.7561371326446533,Low,Low Risk
55,5400.0,0.7,11000.0,36,1,3,20,Salaried,Diploma,Married,Rural,"I'm trying to get my finances in order after some minor setbacks, this loan will help.",0,positive,0.8007779121398926,Low,Low Risk
26,2100.0,0.79,2500.0,12,3,1,4,Student,Diploma,Single,Urban,I've had a rough patch with my finances and am barely making ends meet.,1,negative,0.9488524198532104,High,High Risk
49,9300.0,0.39,20500.0,48,0,2,18,Self-Employed,Bachelor,Married,Suburban,This loan will help me manage my cash flow more effectively for my growing self-employed business.,0,positive,0.8282826542854309,Low,Low Risk
63,17500.0,0.16,44000.0,60,0,0,20,Salaried,Master,Divorced,Urban,"My financial situation is robust, and I am looking for a personal loan to fund a significant life event.",0,neutral,0.7561371326446533,Low,Low Risk
30,1600.0,0.94,2500.0,12,5,2,7,Unemployed,High School,Married,Rural,"My current debts are overwhelming, and I'm finding it very hard to keep up.",1,negative,0.9357419013977051,High,High Risk
28,5700.0,0.34,11000.0,24,0,0,6,Salaried,Bachelor,Single,Urban,I have a good track record with previous loans and a stable financial background.,0,neutral,0.6880838871002197,Low,Low Risk
43,6300.0,0.58,14000.0,36,0,2,15,Self-Employed,Diploma,Married,Suburban,This loan will help me manage my cash flow more effectively for my growing self-employed business.,0,positive,0.8282826542854309,Low,Low Risk
65,4000.0,0.74,9000.0,36,1,3,20,Salaried,High School,Married,Rural,"I'm trying to get my finances in order after some minor setbacks, this loan will help.",0,positive,0.8007779121398926,Low,Low Risk
24,1500.0,0.99,1500.0,12,7,1,2,Unemployed,Diploma,Single,Urban,"My financial situation is critical, and I'm seeking any assistance to stay afloat.",1,neutral,0.5811591148376465,Low,Low Risk
46,16800.0,0.17,43500.0,60,0,1,18,Salaried,Master,Married,Urban,"My financial situation is robust, and I am looking for a personal loan to fund a significant life event.",0,neutral,0.7561371326446533,Low,Low Risk
37,7200.0,0.3,16500.0,36,0,0,14,Salaried,Bachelor,Married,Suburban,I have a good track record with previous loans and a stable financial background.,0,neutral,0.6880838871002197,Low,Low Risk
58,4500.0,0.73,8000.0,24,2,2,20,Self-Employed,High School,Divorced,Rural,"I'm trying to get my finances in order after some minor setbacks, this loan will help.",0,positive,0.8007779121398926,Low,Low Risk
21,1900.0,0.89,1000.0,12,3,0,0,Student,High School,Single,Urban,I've had a rough patch with my finances and am barely making ends meet.,1,negative,0.9488524198532104,High,High Risk
61,2000.0,0.99,5000.0,36,10,5,20,Unemployed,Bachelor,Married,Suburban,"My credit is poor, and I'm struggling with a high debt burden that needs immediate attention.",1,negative,0.9571061134338379,High,High Risk
35,14000.0,0.24,39000.0,60,0,0,13,Salaried,Master,Married,Urban,"My financial situation is robust, and I am looking for a personal loan to fund a significant life event.",0,neutral,0.7561371326446533,Low,Low Risk
52,6500.0,0.6,13000.0,36,0,3,19,Self-Employed,Diploma,Married,Rural,This loan will help me manage my cash flow more effectively for my growing self-employed business.,0,positive,0.8282826542854309,Low,Low Risk
29,4100.0,0.52,7800.0,24,0,1,7,Salaried,Diploma,Single,Urban,I have a good track record with previous loans and a stable financial background.,0,neutral,0.6880838871002197,Low,Low Risk
68,1700.0,0.97,3000.0,12,8,4,20,Unemployed,Bachelor,Married,Rural,"My current debts are overwhelming, and I'm finding it very hard to keep up.",1,negative,0.9357419013977051,High,High Risk
44,15800.0,0.18,40500.0,60,0,1,17,Salaried,Master,Married,Urban,"My financial situation is robust, and I am looking for a personal loan to fund a significant life event.",0,neutral,0.7561371326446533,Low,Low Risk
31,6000.0,0.56,12000.0,24,0,1,9,Self-Employed,Bachelor,Single,Suburban,This loan will help me manage my cash flow more effectively for my growing self-employed business.,0,positive,0.8282826542854309,Low,Low Risk
56,3700.0,0.78,7500.0,24,2,3,20,Salaried,High School,Married,Rural,"I'm trying to get my finances in order after some minor setbacks, this loan will help.",0,positive,0.8007779121398926,Low,Low Risk
22,2000.0,0.71,1800.0,12,2,0,1,Student,Diploma,Single,Urban,I've had a rough patch with my finances and am barely making ends meet.,1,negative,0.9488524198532104,High,High Risk
47,2100.0,0.99,5500.0,36,9,5,18,Unemployed,Bachelor,Divorced,Urban,"I've defaulted on loans before, and I'm in a tough spot financially right now.",1,negative,0.9399330019950867,High,High Risk
30,12000.0,0.23,30000.0,60,0,0,8,Salaried,Master,Married,Urban,"My financial situation is robust, and I am looking for a personal loan to fund a significant life event.",0,neutral,0.7561371326446533,Low,Low Risk
53,4900.0,0.76,9000.0,24,2,2,19,Self-Employed,High School,Married,Suburban,"I'm trying to get my finances in order after some minor setbacks, this loan will help.",0,positive,0.8007779121398926,Low,Low Risk
25,4600.0,0.48,7000.0,12,0,0,3,Salaried,Bachelor,Single,Urban,I have a stable job and excellent credit; this loan is for a home improvement project.,0,neutral,0.5335102081298828,Low,Low Risk
69,1600.0,0.98,2500.0,12,8,3,20,Unemployed,Diploma,Married,Rural,"My financial situation is critical, and I'm seeking any assistance to stay afloat.",1,neutral,0.5811591148376465,Low,Low Risk
41,17000.0,0.15,44500.0,60,0,0,16,Salaried,Master,Married,Urban,"My financial situation is robust, and I am looking for a personal loan to fund a significant life event.",0,neutral,0.7561371326446533,Low,Low Risk
38,5800.0,0.62,12000.0,24,0,2,13,Self-Employed,Diploma,Married,Suburban,This loan will help me manage my cash flow more effectively for my growing self-employed business.,0,positive,0.8282826542854309,Low,Low Risk
60,3600.0,0.75,7000.0,24,2,3,20,Salaried,High School,Divorced,Rural,"I'm trying to get my finances in order after some minor setbacks, this loan will help.",0,positive,0.8007779121398926,Low,Low Risk
23,2200.0,0.7,2000.0,12,2,0,2,Student,Diploma,Single,Urban,I've had a rough patch with my finances and am barely making ends meet.,1,negative,0.9488524198532104,High,High Risk
42,1900.0,0.99,4000.0,24,9,5,16,Unemployed,Bachelor,Married,Rural,"I have been unemployed for a while, and my savings are almost depleted.",1,negative,0.8329399228096008,High,High Risk
36,13500.0,0.25,37000.0,60,0,0,14,Salaried,Master,Married,Urban,"My financial situation is robust, and I am looking for a personal loan to fund a significant life event.",0,neutral,0.7561371326446533,Low,Low Risk
59,5000.0,0.7,10000.0,24,1,2,20,Self-Employed,High School,Married,Suburban,"I'm trying to get my finances in order after some minor setbacks, this loan will help.",0,positive,0.8007779121398926,Low,Low Risk
28,5500.0,0.36,10500.0,24,0,0,6,Salaried,Bachelor,Single,Urban,I have a stable job and excellent credit; this loan is for a home improvement project.,0,neutral,0.5335102081298828,Low,Low Risk
66,1700.0,0.98,2800.0,12,8,4,20,Unemployed,Diploma,Divorced,Rural,"My current debts are overwhelming, and I'm finding it very hard to keep up.",1,negative,0.9357419013977051,High,High Risk
40,8000.0,0.35,16000.0,36,0,1,16,Salaried,Bachelor,Married,Suburban,I have a good track record with previous loans and a stable financial background.,0,neutral,0.6880838871002197,Low,Low Risk
55,17000.0,0.18,45000.0,60,0,2,20,Salaried,Master,Married,Urban,"My financial situation is robust, and I am looking for a personal loan to fund a significant life event.",0,neutral,0.7561371326446533,Low,Low Risk
32,1800.0,0.93,3000.0,12,5,2,7,Unemployed,High School,Single,Rural,I've had a rough patch with my finances and am barely making ends meet.,1,negative,0.9488524198532104,High,High Risk
27,4200.0,0.5,8500.0,24,0,1,5,Salaried,Diploma,Single,Urban,I have a good track record with previous loans and a stable financial background.,0,neutral,0.6880838871002197,Low,Low Risk
43,8200.0,0.41,19000.0,36,0,2,15,Self-Employed,Bachelor,Married,Suburban,This loan will help me manage my cash flow more effectively for my growing self-employed business.,0,positive,0.8282826542854309,Low,Low Risk
60,5000.0,0.72,10000.0,36,1,3,20,Salaried,Diploma,Married,Rural,"I'm trying to get my finances in order after some minor setbacks, this loan will help.",0,positive,0.8007779121398926,Low,Low Risk
26,1500.0,0.96,2500.0,12,6,1,4,Unemployed,High School,Single,Urban,"My financial situation is critical, and I'm seeking any assistance to stay afloat.",1,neutral,0.5811591148376465,Low,Low Risk
51,9200.0,0.38,21000.0,48,0,2,19,Salaried,Bachelor,Married,Urban,"My finances are well-managed, and I'm looking to consolidate some smaller debts into one payment.",0,neutral,0.7106344699859619,Low,Low Risk
69,14500.0,0.23,30000.0,60,0,0,20,Salaried,Master,Divorced,Suburban,"My financial situation is robust, and I am looking for a personal loan to fund a significant life event.",0,neutral,0.7561371326446533,Low,Low Risk
30,4700.0,0.65,9500.0,24,0,1,8,Self-Employed,Diploma,Single,Rural,This loan will help me manage my cash flow more effectively for my growing self-employed business.,0,positive,0.8282826542854309,Low,Low Risk
44,8900.0,0.36,18500.0,36,0,1,17,Salaried,Bachelor,Married,Urban,I am seeking funds for a necessary repair and have a reliable income source to ensure repayment.,0,positive,0.6280316710472107,Low,Low Risk
29,5900.0,0.32,12500.0,24,0,0,7,Salaried,Bachelor,Married,Suburban,I have a stable job and excellent credit; this loan is for a home improvement project.,0,neutral,0.5335102081298828,Low,Low Risk
62,1600.0,0.97,4000.0,24,8,5,20,Unemployed,High School,Married,Rural,"My current debts are overwhelming, and I'm finding it very hard to keep up.",1,negative,0.9357419013977051,High,High Risk
47,15500.0,0.21,41000.0,60,0,1,18,Salaried,Master,Married,Urban,"My financial situation is robust, and I am looking for a personal loan to fund a significant life event.",0,neutral,0.7561371326446533,Low,Low Risk
32,4800.0,0.63,10500.0,24,0,2,10,Salaried,Diploma,Married,Suburban,"While my credit utilization is a bit high, I have a plan to reduce it with this new loan.",0,positive,0.9193214774131775,Low,Low Risk
54,9700.0,0.52,24000.0,48,1,3,19,Self-Employed,Bachelor,Divorced,Urban,"My finances are well-managed, and I'm looking to consolidate some smaller debts into one payment.",0,neutral,0.7106344699859619,Low,Low Risk
24,1700.0,0.81,1200.0,12,4,0,2,Student,High School,Single,Rural,I've had a rough patch with my finances and am barely making ends meet.,1,negative,0.9488524198532104,High,High Risk
36,7000.0,0.29,15000.0,36,0,0,13,Salaried,Bachelor,Married,Urban,I have a good track record with previous loans and a stable financial background.,0,neutral,0.6880838871002197,Low,Low Risk
57,1900.0,0.94,3800.0,24,7,4,20,Unemployed,Diploma,Married,Rural,"I have been unemployed for a while, and my savings are almost depleted.",1,negative,0.8329399228096008,High,High Risk
29,11500.0,0.27,25000.0,48,0,0,7,Salaried,Master,Single,Urban,"My financial situation is robust, and I am looking for a personal loan to fund a significant life event.",0,neutral,0.7561371326446533,Low,Low Risk
41,6100.0,0.59,13000.0,36,0,2,14,Self-Employed,Diploma,Married,Suburban,This loan will help me manage my cash flow more effectively for my growing self-employed business.,0,positive,0.8282826542854309,Low,Low Risk
66,7500.0,0.3,16000.0,48,0,1,20,Salaried,Bachelor,Married,Suburban,"My finances are well-managed, and I'm looking to consolidate some smaller debts into one payment.",0,neutral,0.7106344699859619,Low,Low Risk
25,2300.0,0.75,3000.0,12,2,1,3,Student,Diploma,Single,Urban,I am looking for a personal loan to cover some urgent expenses and am confident in my repayment ability.,0,positive,0.8999671339988708,Low,Low Risk
48,1700.0,0.99,3500.0,24,9,5,18,Unemployed,High School,Divorced,Rural,"I've defaulted on loans before, and I'm in a tough spot financially right now.",1,negative,0.9399330019950867,High,High Risk
31,6800.0,0.31,14500.0,36,0,0,9,Salaried,Bachelor,Married,Urban,I have a good track record with previous loans and a stable financial background.,0,neutral,0.6880838871002197,Low,Low Risk
50,19000.0,0.12,49000.0,60,0,1,19,Salaried,Master,Married,Urban,"My financial situation is robust, and I am looking for a personal loan to fund a significant life event.",0,neutral,0.7561371326446533,Low,Low Risk
38,5600.0,0.64,11500.0,24,0,2,12,Self-Employed,Diploma,Married,Suburban,This loan will help me manage my cash flow more effectively for my growing self-employed business.,0,positive,0.8282826542854309,Low,Low Risk
64,3900.0,0.77,8000.0,36,2,3,20,Salaried,High School,Divorced,Rural,"I'm trying to get my finances in order after some minor setbacks, this loan will help.",0,positive,0.8007779121398926,Low,Low Risk
22,2600.0,0.68,2200.0,12,1,0,1,Student,Bachelor,Single,Urban,I am looking for a personal loan to cover some urgent expenses and am confident in my repayment ability.,0,positive,0.8999671339988708,Low,Low Risk
45,2000.0,0.98,5000.0,24,8,4,17,Unemployed,Bachelor,Married,Suburban,"I have been unemployed for a while, and my savings are almost depleted.",1,negative,0.8329399228096008,High,High Risk
33,13000.0,0.26,36000.0,60,0,0,11,Salaried,Master,Married,Urban,"My financial situation is robust, and I am looking for a personal loan to fund a significant life event.",0,neutral,0.7561371326446533,Low,Low Risk
59,7000.0,0.55,15000.0,36,0,2,18,Self-Employed,Diploma,Married,Urban,This loan will help me manage my cash flow more effectively for my growing self-employed business.,0,positive,0.8282826542854309,Low,Low Risk
27,1500.0,0.95,2000.0,12,6,1,5,Unemployed,High School,Single,Rural,"My financial situation is critical, and I'm seeking any assistance to stay afloat.",1,neutral,0.5811591148376465,Low,Low Risk
42,8500.0,0.34,17000.0,36,0,1,16,Salaried,Bachelor,Married,Urban,I have a good track record with previous loans and a stable financial background.,0,neutral,0.6880838871002197,Low,Low Risk
60,18500.0,0.13,47000.0,60,0,1,20,Salaried,Master,Married,Urban,"My financial situation is robust, and I am looking for a personal loan to fund a significant life event.",0,neutral,0.7561371326446533,Low,Low Risk
34,5200.0,0.61,10800.0,24,0,1,9,Self-Employed,Diploma,Single,Suburban,This loan will help me manage my cash flow more effectively for my growing self-employed business.,0,positive,0.8282826542854309,Low,Low Risk
67,1800.0,0.96,3000.0,12,7,4,20,Unemployed,High School,Divorced,Rural,"I've defaulted on loans before, and I'm in a tough spot financially right now.",1,negative,0.9399330019950867,High,High Risk
23,2800.0,0.65,2800.0,12,1,0,2,Student,Bachelor,Single,Urban,I am looking for a personal loan to cover some urgent expenses and am confident in my repayment ability.,0,positive,0.8999671339988708,Low,Low Risk
40,16000.0,0.19,42000.0,60,0,0,15,Salaried,Master,Married,Urban,"My financial situation is robust, and I am looking for a personal loan to fund a significant life event.",0,neutral,0.7561371326446533,Low,Low Risk
55,5400.0,0.7,11000.0,36,1,3,20,Salaried,Diploma,Married,Rural,"I'm trying to get my finances in order after some minor setbacks, this loan will help.",0,positive,0.8007779121398926,Low,Low Risk
26,2100.0,0.79,2500.0,12,3,1,4,Student,Diploma,Single,Urban,I've had a rough patch with my finances and am barely making ends meet.,1,negative,0.9488524198532104,High,High Risk
49,9300.0,0.39,20500.0,48,0,2,18,Self-Employed,Bachelor,Married,Suburban,This loan will help me manage my cash flow more effectively for my growing self-employed business.,0,positive,0.8282826542854309,Low,Low Risk
63,17500.0,0.16,44000.0,60,0,0,20,Salaried,Master,Divorced,Urban,"My financial situation is robust, and I am looking for a personal loan to fund a significant life event.",0,neutral,0.7561371326446533,Low,Low Risk
30,1600.0,0.94,2500.0,12,5,2,7,Unemployed,High School,Married,Rural,"My current debts are overwhelming, and I'm finding it very hard to keep up.",1,negative,0.9357419013977051,High,High Risk
28,5700.0,0.34,11000.0,24,0,0,6,Salaried,Bachelor,Single,Urban,I have a good track record with previous loans and a stable financial background.,0,neutral,0.6880838871002197,Low,Low Risk
43,6300.0,0.58,14000.0,36,0,2,15,Self-Employed,Diploma,Married,Suburban,This loan will help me manage my cash flow more effectively for my growing self-employed business.,0,positive,0.8282826542854309,Low,Low Risk
65,4000.0,0.74,9000.0,36,1,3,20,Salaried,High School,Married,Rural,"I'm trying to get my finances in order after some minor setbacks, this loan will help.",0,positive,0.8007779121398926,Low,Low Risk
24,1500.0,0.99,1500.0,12,7,1,2,Unemployed,Diploma,Single,Urban,"My financial situation is critical, and I'm seeking any assistance to stay afloat.",1,neutral,0.5811591148376465,Low,Low Risk
46,16800.0,0.17,43500.0,60,0,1,18,Salaried,Master,Married,Urban,"My financial situation is robust, and I am looking for a personal loan to fund a significant life event.",0,neutral,0.7561371326446533,Low,Low Risk
37,7200.0,0.3,16500.0,36,0,0,14,Salaried,Bachelor,Married,Suburban,I have a good track record with previous loans and a stable financial background.,0,neutral,0.6880838871002197,Low,Low Risk
58,4500.0,0.73,8000.0,24,2,2,20,Self-Employed,High School,Divorced,Rural,"I'm trying to get my finances in order after some minor setbacks, this loan will help.",0,positive,0.8007779121398926,Low,Low Risk
21,1900.0,0.89,1000.0,12,3,0,0,Student,High School,Single,Urban,I've had a rough patch with my finances and am barely making ends meet.,1,negative,0.9488524198532104,High,High Risk
61,2000.0,0.99,5000.0,36,10,5,20,Unemployed,Bachelor,Married,Suburban,"My credit is poor, and I'm struggling with a high debt burden that needs immediate attention.",1,negative,0.9571061134338379,High,High Risk
35,14000.0,0.24,39000.0,60,0,0,13,Salaried,Master,Married,Urban,"My financial situation is robust, and I am looking for a personal loan to fund a significant life event.",0,neutral,0.7561371326446533,Low,Low Risk
52,6500.0,0.6,13000.0,36,0,3,19,Self-Employed,Diploma,Married,Rural,This loan will help me manage my cash flow more effectively for my growing self-employed business.,0,positive,0.8282826542854309,Low,Low Risk
29,4100.0,0.52,7800.0,24,0,1,7,Salaried,Diploma,Single,Urban,I have a good track record with previous loans and a stable financial background.,0,neutral,0.6880838871002197,Low,Low Risk
68,1700.0,0.97,3000.0,12,8,4,20,Unemployed,Bachelor,Married,Rural,"My current debts are overwhelming, and I'm finding it very hard to keep up.",1,negative,0.9357419013977051,High,High Risk
44,15800.0,0.18,40500.0,60,0,1,17,Salaried,Master,Married,Urban,"My financial situation is robust, and I am looking for a personal loan to fund a significant life event.",0,neutral,0.7561371326446533,Low,Low Risk
31,6000.0,0.56,12000.0,24,0,1,9,Self-Employed,Bachelor,Single,Suburban,This loan will help me manage my cash flow more effectively for my growing self-employed business.,0,positive,0.8282826542854309,Low,Low Risk
56,3700.0,0.78,7500.0,24,2,3,20,Salaried,High School,Married,Rural,"I'm trying to get my finances in order after some minor setbacks, this loan will help.",0,positive,0.8007779121398926,Low,Low Risk
22,2000.0,0.71,1800.0,12,2,0,1,Student,Diploma,Single,Urban,I've had a rough patch with my finances and am barely making ends meet.,1,negative,0.9488524198532104,High,High Risk
47,2100.0,0.99,5500.0,36,9,5,18,Unemployed,Bachelor,Divorced,Urban,"I've defaulted on loans before, and I'm in a tough spot financially right now.",1,negative,0.9399330019950867,High,High Risk
30,12000.0,0.23,30000.0,60,0,0,8,Salaried,Master,Married,Urban,"My financial situation is robust, and I am looking for a personal loan to fund a significant life event.",0,neutral,0.7561371326446533,Low,Low Risk
53,4900.0,0.76,9000.0,24,2,2,19,Self-Employed,High School,Married,Suburban,"I'm trying to get my finances in order after some minor setbacks, this loan will help.",0,positive,0.8007779121398926,Low,Low Risk
25,4600.0,0.48,7000.0,12,0,0,3,Salaried,Bachelor,Single,Urban,I have a stable job and excellent credit; this loan is for a home improvement project.,0,neutral,0.5335102081298828,Low,Low Risk
69,1600.0,0.98,2500.0,12,8,3,20,Unemployed,Diploma,Married,Rural,"My financial situation is critical, and I'm seeking any assistance to stay afloat.",1,neutral,0.5811591148376465,Low,Low Risk
41,17000.0,0.15,44500.0,60,0,0,16,Salaried,Master,Married,Urban,"My financial situation is robust, and I am looking for a personal loan to fund a significant life event.",0,neutral,0.7561371326446533,Low,Low Risk
38,5800.0,0.62,12000.0,24,0,2,13,Self-Employed,Diploma,Married,Suburban,This loan will help me manage my cash flow more effectively for my growing self-employed business.,0,positive,0.8282826542854309,Low,Low Risk
60,3600.0,0.75,7000.0,24,2,3,20,Salaried,High School,Divorced,Rural,"I'm trying to get my finances in order after some minor setbacks, this loan will help.",0,positive,0.8007779121398926,Low,Low Risk
23,2200.0,0.7,2000.0,12,2,0,2,Student,Diploma,Single,Urban,I've had a rough patch with my finances and am barely making ends meet.,1,negative,0.9488524198532104,High,High Risk
42,1900.0,0.99,4000.0,24,9,5,16,Unemployed,Bachelor,Married,Rural,"I have been unemployed for a while, and my savings are almost depleted.",1,negative,0.8329399228096008,High,High Risk
36,13500.0,0.25,37000.0,60,0,0,14,Salaried,Master,Married,Urban,"My financial situation is robust, and I am looking for a personal loan to fund a significant life event.",0,neutral,0.7561371326446533,Low,Low Risk
59,5000.0,0.7,10000.0,24,1,2,20,Self-Employed,High School,Married,Suburban,"I'm trying to get my finances in order after some minor setbacks, this loan will help.",0,positive,0.8007779121398926,Low,Low Risk
28,5500.0,0.36,10500.0,24,0,0,6,Salaried,Bachelor,Single,Urban,I have a stable job and excellent credit; this loan is for a home improvement project.,0,neutral,0.5335102081298828,Low,Low Risk
66,1700.0,0.98,2800.0,12,8,4,20,Unemployed,Diploma,Divorced,Rural,"My current debts are overwhelming, and I'm finding it very hard to keep up.",1,negative,0.9357419013977051,High,High Risk
40,8000.0,0.35,16000.0,36,0,1,16,Salaried,Bachelor,Married,Suburban,I have a good track record with previous loans and a stable financial background.,0,neutral,0.6880838871002197,Low,Low Risk
55,17000.0,0.18,45000.0,60,0,2,20,Salaried,Master,Married,Urban,"My financial situation is robust, and I am looking for a personal loan to fund a significant life event.",0,neutral,0.7561371326446533,Low,Low Risk
32,1800.0,0.93,3000.0,12,5,2,7,Unemployed,High School,Single,Rural,I've had a rough patch with my finances and am barely making ends meet.,1,negative,0.9488524198532104,High,High Risk
42,12890.0,0.28,28000.0,48,0,1,11,Salaried,Master,Married,Suburban,My finances are strong and I have a significant disposable income.,0,neutral,0.7107406854629517,Low,Low Risk
28,3150.0,0.81,38000.0,60,6,4,2,Self-Employed,Diploma,Single,Urban,"My credit history isn't ideal, but I'm determined to make things right this time.",1,neutral,0.5106688737869263,Low,Low Risk
55,6200.0,0.55,22000.0,36,2,2,8,Salaried,Bachelor,Married,Suburban,"My financial situation is comfortable, and I foresee no issues with repayment.",0,neutral,0.6488711833953857,Low,Low Risk
23,4500.0,0.42,15000.0,24,0,0,1,Salaried,Bachelor,Single,Urban,"My career is just starting, but I have a stable job and good prospects.",0,neutral,0.7677231431007385,Low,Low Risk
63,3800.0,0.35,8000.0,12,0,0,15,Unemployed,Diploma,Divorced,Rural,I am financially stable and looking for this loan to achieve a specific goal.,0,positive,0.7215092182159424,Low,Low Risk
39,15500.0,0.92,45000.0,60,7,5,9,Salaried,Master,Married,Urban,I'm struggling with my current debt and need this loan to prevent default.,1,neutral,0.6029788851737976,Low,Low Risk
48,8900.0,0.31,25000.0,36,0,1,13,Self-Employed,Bachelor,Married,Suburban,I've maintained an excellent credit history for many years.,0,positive,0.6394060254096985,Low,Low Risk
31,2800.0,0.95,20000.0,48,5,3,3,Student,Diploma,Single,Urban,"My employment situation is currently uncertain, but I'm actively seeking stability.",1,neutral,0.6623184084892273,Low,Low Risk
59,7100.0,0.62,30000.0,60,3,2,9,Salaried,Bachelor,Divorced,Rural,"My financial situation is comfortable, and I foresee no issues with repayment.",0,neutral,0.6488711833953857,Low,Low Risk
26,5300.0,0.48,18000.0,36,1,1,3,Salaried,Bachelor,Single,Suburban,I'm building my financial future and aiming for smart investments.,0,neutral,0.7991011142730713,Low,Low Risk
34,1800.0,0.79,12000.0,24,4,2,1,Unemployed,High School,Divorced,Rural,"I am between jobs/a student, making loan repayments a stretch but necessary.",1,neutral,0.8181125521659851,Low,Low Risk
51,9500.0,0.21,10000.0,12,0,0,18,Salaried,Master,Married,Urban,"My income is steady, and I'm very confident in meeting my obligations.",0,positive,0.5921218991279602,Low,Low Risk
46,4100.0,0.68,28000.0,60,3,3,6,Self-Employed,Diploma,Single,Urban,I'm going through a tough financial period and really need this support.,1,neutral,0.6586728692054749,Low,Low Risk
67,5200.0,0.45,12000.0,24,0,1,17,Self-Employed,Bachelor,Married,Rural,I am financially stable and looking for this loan to achieve a specific goal.,0,positive,0.7215092182159424,Low,Low Risk
36,17500.0,0.98,49000.0,60,9,4,7,Salaried,Master,Divorced,Urban,My finances are in a critical state; this loan is my last resort to get organized.,1,neutral,0.5976386666297913,Low,Low Risk
41,8000.0,0.38,15000.0,24,1,1,10,Salaried,Bachelor,Married,Suburban,"My financial situation is comfortable, and I foresee no issues with repayment.",0,neutral,0.6488711833953857,Low,Low Risk
29,2300.0,0.88,30000.0,60,6,5,0,Unemployed,High School,Single,Rural,"I am between jobs/a student, making loan repayments a stretch but necessary.",1,neutral,0.8181125521659851,Low,Low Risk
50,11000.0,0.15,20000.0,36,0,0,16,Salaried,Master,Married,Urban,I consistently manage my credit well and have minimal outstanding debts.,0,neutral,0.6933063268661499,Low,Low Risk
33,5000.0,0.58,25000.0,48,2,2,4,Self-Employed,Diploma,Married,Suburban,I plan my budget carefully and always prioritize my financial commitments.,0,neutral,0.928871214389801,Low,Low Risk
22,3500.0,0.65,10000.0,24,1,0,0,Student,Bachelor,Single,Urban,I'm building my financial future and aiming for smart investments.,0,neutral,0.7991011142730713,Low,Low Risk
45,13500.0,0.9,40000.0,48,6,3,12,Self-Employed,Bachelor,Divorced,Suburban,"With several late payments, I'm hoping this new structure can save my credit.",1,positive,0.9170271158218384,Low,Low Risk
61,4000.0,0.25,5000.0,12,0,0,20,Unemployed,High School,Married,Rural,"My income is steady, and I'm very confident in meeting my obligations.",0,positive,0.5921218991279602,Low,Low Risk
30,6500.0,0.4,15000.0,36,1,1,6,Salaried,Bachelor,Single,Urban,I am financially stable and looking for this loan to achieve a specific goal.,0,positive,0.7215092182159424,Low,Low Risk
49,2000.0,0.99,40000.0,60,8,4,5,Unemployed,Diploma,Divorced,Urban,My finances are in a critical state; this loan is my last resort to get organized.,1,neutral,0.5976386666297913,Low,Low Risk
37,10500.0,0.2,30000.0,48,0,1,9,Salaried,Master,Married,Suburban,"This loan is a strategic move, well within my repayment capabilities.",0,positive,0.8405129909515381,Low,Low Risk
53,5800.0,0.7,35000.0,60,4,3,7,Self-Employed,High School,Single,Rural,I'm going through a tough financial period and really need this support.,1,neutral,0.6586728692054749,Low,Low Risk
24,5000.0,0.33,10000.0,24,0,0,2,Salaried,Bachelor,Single,Urban,I'm eager to build my credit and demonstrate financial maturity.,0,positive,0.8152245283126831,Low,Low Risk
68,3200.0,0.5,7000.0,12,1,1,19,Self-Employed,Diploma,Married,Suburban,"My financial situation is comfortable, and I foresee no issues with repayment.",0,neutral,0.6488711833953857,Low,Low Risk
40,19000.0,0.85,50000.0,60,10,5,10,Salaried,Master,Single,Urban,My finances are in a critical state; this loan is my last resort to get organized.,1,neutral,0.5976386666297913,Low,Low Risk
35,7000.0,0.3,20000.0,36,0,1,8,Salaried,Bachelor,Married,Suburban,I plan my budget carefully and always prioritize my financial commitments.,0,neutral,0.928871214389801,Low,Low Risk
27,2500.0,0.75,15000.0,36,3,2,1,Student,Diploma,Single,Urban,"My employment situation is currently uncertain, but I'm actively seeking stability.",1,neutral,0.6623184084892273,Low,Low Risk
58,14000.0,0.18,25000.0,48,0,0,14,Salaried,Master,Married,Rural,My finances are strong and I have a significant disposable income.,0,neutral,0.7107406854629517,Low,Low Risk
43,4800.0,0.6,32000.0,60,2,2,5,Self-Employed,Bachelor,Divorced,Suburban,I am financially stable and looking for this loan to achieve a specific goal.,0,positive,0.7215092182159424,Low,Low Risk
65,3500.0,0.3,6000.0,12,0,1,16,Unemployed,Diploma,Married,Urban,I've maintained an excellent credit history for many years.,0,positive,0.6394060254096985,Low,Low Risk
32,16000.0,0.95,48000.0,60,8,4,6,Self-Employed,Master,Married,Urban,I'm struggling with my current debt and need this loan to prevent default.,1,neutral,0.6029788851737976,Low,Low Risk
47,9000.0,0.29,20000.0,36,0,1,12,Salaried,Bachelor,Single,Suburban,"My income is steady, and I'm very confident in meeting my obligations.",0,positive,0.5921218991279602,Low,Low Risk
25,3000.0,0.82,25000.0,48,5,3,0,Student,High School,Single,Rural,"I am between jobs/a student, making loan repayments a stretch but necessary.",1,neutral,0.8181125521659851,Low,Low Risk
56,6000.0,0.52,18000.0,24,1,1,10,Salaried,Diploma,Divorced,Urban,I am financially stable and looking for this loan to achieve a specific goal.,0,positive,0.7215092182159424,Low,Low Risk
69,4500.0,0.38,9000.0,12,0,0,18,Unemployed,Bachelor,Married,Suburban,"My income is steady, and I'm very confident in meeting my obligations.",0,positive,0.5921218991279602,Low,Low Risk
38,11500.0,0.9,42000.0,48,7,5,8,Salaried,Master,Single,Urban,"My credit history isn't ideal, but I'm determined to make things right this time.",1,neutral,0.5106688737869263,Low,Low Risk
44,7500.0,0.22,18000.0,36,0,1,11,Salaried,Bachelor,Married,Rural,I've maintained an excellent credit history for many years.,0,positive,0.6394060254096985,Low,Low Risk
21,1700.0,0.9,10000.0,24,2,1,0,Student,High School,Single,Urban,"My employment situation is currently uncertain, but I'm actively seeking stability.",1,neutral,0.6623184084892273,Low,Low Risk
52,5000.0,0.68,25000.0,48,3,2,6,Self-Employed,Diploma,Married,Suburban,I'm going through a tough financial period and really need this support.,1,neutral,0.6586728692054749,Low,Low Risk
70,3000.0,0.4,5000.0,12,0,0,15,Unemployed,High School,Divorced,Rural,"My income is steady, and I'm very confident in meeting my obligations.",0,positive,0.5921218991279602,Low,Low Risk
36,19500.0,0.89,47000.0,60,6,3,7,Salaried,Master,Married,Urban,"My current debts are overwhelming, and my income makes it hard to keep up.",1,negative,0.9365943074226379,High,High Risk
41,8200.0,0.35,22000.0,36,1,1,10,Salaried,Bachelor,Single,Suburban,I am financially stable and looking for this loan to achieve a specific goal.,0,positive,0.7215092182159424,Low,Low Risk
29,2000.0,0.92,35000.0,60,7,4,2,Unemployed,High School,Single,Urban,My finances are in a critical state; this loan is my last resort to get organized.,1,neutral,0.5976386666297913,Low,Low Risk
50,10000.0,0.12,15000.0,24,0,0,17,Salaried,Master,Married,Rural,My finances are strong and I have a significant disposable income.,0,neutral,0.7107406854629517,Low,Low Risk
33,6000.0,0.55,28000.0,48,2,2,4,Self-Employed,Bachelor,Divorced,Suburban,I am financially stable and looking for this loan to achieve a specific goal.,0,positive,0.7215092182159424,Low,Low Risk
22,4000.0,0.3,8000.0,12,0,0,1,Salaried,Bachelor,Single,Urban,"My career is just starting, but I have a stable job and good prospects.",0,neutral,0.7677231431007385,Low,Low Risk
55,12000.0,0.88,45000.0,60,5,3,11,Salaried,Master,Married,Suburban,"With several late payments, I'm hoping this new structure can save my credit.",1,positive,0.9170271158218384,Low,Low Risk
48,7800.0,0.25,20000.0,36,0,1,13,Salaried,Bachelor,Single,Urban,"My income is steady, and I'm very confident in meeting my obligations.",0,positive,0.5921218991279602,Low,Low Risk
28,3000.0,0.98,40000.0,60,9,5,3,Self-Employed,Diploma,Divorced,Rural,"My current debts are overwhelming, and my income makes it hard to keep up.",1,negative,0.9365943074226379,High,High Risk
63,5000.0,0.4,10000.0,24,0,0,16,Unemployed,High School,Married,Suburban,I've maintained an excellent credit history for many years.,0,positive,0.6394060254096985,Low,Low Risk
39,17000.0,0.8,38000.0,48,4,3,9,Salaried,Master,Married,Urban,I've struggled with late payments in the past but am committed to improving.,1,positive,0.7550084590911865,Low,Low Risk
42,8500.0,0.32,20000.0,36,0,1,11,Self-Employed,Bachelor,Married,Suburban,I am financially stable and looking for this loan to achieve a specific goal.,0,positive,0.7215092182159424,Low,Low Risk
23,2000.0,0.85,20000.0,48,6,4,1,Student,Diploma,Single,Urban,"My employment situation is currently uncertain, but I'm actively seeking stability.",1,neutral,0.6623184084892273,Low,Low Risk
59,6800.0,0.58,25000.0,60,2,2,9,Salaried,Bachelor,Divorced,Rural,I plan my budget carefully and always prioritize my financial commitments.,0,neutral,0.928871214389801,Low,Low Risk
67,3500.0,0.33,7000.0,12,0,1,17,Unemployed,Diploma,Married,Urban,"My income is steady, and I'm very confident in meeting my obligations.",0,positive,0.5921218991279602,Low,Low Risk
36,18000.0,0.93,49000.0,60,10,5,8,Salaried,Master,Single,Urban,My finances are in a critical state; this loan is my last resort to get organized.,1,neutral,0.5976386666297913,Low,Low Risk
41,9000.0,0.28,25000.0,36,0,1,10,Self-Employed,Bachelor,Married,Suburban,"This loan is a strategic move, well within my repayment capabilities.",0,positive,0.8405129909515381,Low,Low Risk
29,2200.0,0.89,30000.0,60,7,4,2,Unemployed,High School,Divorced,Rural,"My current debts are overwhelming, and my income makes it hard to keep up.",1,negative,0.9365943074226379,High,High Risk
50,11500.0,0.17,20000.0,36,0,0,18,Salaried,Master,Married,Urban,My finances are strong and I have a significant disposable income.,0,neutral,0.7107406854629517,Low,Low Risk
33,5500.0,0.6,30000.0,60,3,2,4,Self-Employed,Diploma,Single,Suburban,I'm going through a tough financial period and really need this support.,0,neutral,0.6586728692054749,Low,Low Risk
22,3800.0,0.45,12000.0,24,0,0,1,Salaried,Bachelor,Single,Urban,I'm eager to build my credit and demonstrate financial maturity.,0,positive,0.8152245283126831,Low,Low Risk
55,13000.0,0.9,47000.0,60,6,4,10,Self-Employed,Master,Married,Suburban,"My credit history isn't ideal, but I'm determined to make things right this time.",1,neutral,0.5106688737869263,Low,Low Risk
48,8000.0,0.2,15000.0,24,0,1,12,Salaried,Bachelor,Divorced,Urban,I've maintained an excellent credit history for many years.,0,positive,0.6394060254096985,Low,Low Risk
28,2600.0,0.99,38000.0,60,8,5,3,Unemployed,Diploma,Single,Rural,"My current debts are overwhelming, and my income makes it hard to keep up.",1,negative,0.9365943074226379,High,High Risk
63,4000.0,0.35,8000.0,12,0,0,19,Self-Employed,High School,Married,Suburban,"My income is steady, and I'm very confident in meeting my obligations.",0,positive,0.5921218991279602,Low,Low Risk
39,16500.0,0.85,40000.0,48,7,4,9,Salaried,Master,Married,Urban,My finances are in a critical state; this loan is my last resort to get organized.,1,neutral,0.5976386666297913,Low,Low Risk
42,7000.0,0.3,18000.0,36,0,1,11,Salaried,Bachelor,Single,Suburban,I am financially stable and looking for this loan to achieve a specific goal.,0,positive,0.7215092182159424,Low,Low Risk
23,1800.0,0.95,15000.0,36,5,3,0,Student,High School,Single,Urban,"I am between jobs/a student, making loan repayments a stretch but necessary.",1,neutral,0.8181125521659851,Low,Low Risk
59,6000.0,0.48,20000.0,48,1,2,9,Salaried,Diploma,Married,Rural,"My financial situation is comfortable, and I foresee no issues with repayment.",0,neutral,0.6488711833953857,Low,Low Risk
67,4200.0,0.28,6000.0,12,0,0,17,Unemployed,Bachelor,Divorced,Suburban,My finances are strong and I have a significant disposable income.,0,neutral,0.7107406854629517,Low,Low Risk
36,19000.0,0.98,50000.0,60,9,5,7,Salaried,Master,Married,Urban,I desperately need this loan to consolidate my finances and avoid further issues.,1,positive,0.6893956065177917,Low,Low Risk
41,7500.0,0.25,15000.0,24,0,0,10,Self-Employed,Bachelor,Married,Rural,"My income is steady, and I'm very confident in meeting my obligations.",0,positive,0.5921218991279602,Low,Low Risk
29,2500.0,0.82,25000.0,48,6,3,2,Unemployed,Diploma,Single,Urban,"My current debts are overwhelming, and my income makes it hard to keep up.",1,negative,0.9365943074226379,High,High Risk
50,10500.0,0.15,18000.0,36,0,1,15,Salaried,Master,Married,Suburban,I consistently manage my credit well and have minimal outstanding debts.,0,neutral,0.6933063268661499,Low,Low Risk
33,5000.0,0.65,32000.0,60,4,2,4,Self-Employed,Bachelor,Divorced,Urban,I'm going through a tough financial period and really need this support.,1,neutral,0.6586728692054749,Low,Low Risk
22,4200.0,0.35,10000.0,24,0,0,1,Salaried,Bachelor,Single,Rural,I'm eager to build my credit and demonstrate financial maturity.,0,positive,0.8152245283126831,Low,Low Risk
55,14000.0,0.9,49000.0,60,8,5,11,Salaried,Master,Married,Urban,My finances are in a critical state; this loan is my last resort to get organized.,1,neutral,0.5976386666297913,Low,Low Risk
48,8800.0,0.22,20000.0,36,0,1,13,Self-Employed,Bachelor,Married,Suburban,"This loan is a strategic move, well within my repayment capabilities.",0,positive,0.8405129909515381,Low,Low Risk
28,2700.0,0.88,35000.0,60,7,4,3,Student,High School,Single,Urban,"My employment situation is currently uncertain, but I'm actively seeking stability.",1,neutral,0.6623184084892273,Low,Low Risk
63,4500.0,0.4,9000.0,24,0,0,18,Unemployed,Diploma,Divorced,Rural,I've maintained an excellent credit history for many years.,0,positive,0.6394060254096985,Low,Low Risk
39,15000.0,0.8,35000.0,48,6,3,9,Salaried,Master,Married,Suburban,"My current debts are overwhelming, and my income makes it hard to keep up.",1,negative,0.9365943074226379,High,High Risk
42,7200.0,0.29,17000.0,36,0,1,11,Self-Employed,Bachelor,Married,Urban,I am financially stable and looking for this loan to achieve a specific goal.,0,positive,0.7215092182159424,Low,Low Risk
23,1500.0,0.9,10000.0,24,4,2,0,Student,High School,Single,Rural,"I am between jobs/a student, making loan repayments a stretch but necessary.",1,neutral,0.8181125521659851,Low,Low Risk
59,6500.0,0.52,22000.0,48,1,2,9,Salaried,Diploma,Divorced,Suburban,"My financial situation is comfortable, and I foresee no issues with repayment.",0,neutral,0.6488711833953857,Low,Low Risk
67,3000.0,0.3,5000.0,12,0,0,17,Unemployed,Bachelor,Married,Urban,My finances are strong and I have a significant disposable income.,0,neutral,0.7107406854629517,Low,Low Risk
36,17000.0,0.95,48000.0,60,8,4,8,Salaried,Master,Single,Urban,My finances are in a critical state; this loan is my last resort to get organized.,1,neutral,0.5976386666297913,Low,Low Risk
41,8000.0,0.2,12000.0,24,0,0,10,Self-Employed,Bachelor,Married,Suburban,"My income is steady, and I'm very confident in meeting my obligations.",0,positive,0.5921218991279602,Low,Low Risk
29,2400.0,0.9,32000.0,60,7,4,3,Unemployed,Diploma,Single,Rural,"My current debts are overwhelming, and my income makes it hard to keep up.",1,negative,0.9365943074226379,High,High Risk
50,12000.0,0.1,20000.0,36,0,0,16,Salaried,Master,Married,Urban,My finances are strong and I have a significant disposable income.,0,neutral,0.7107406854629517,Low,Low Risk
33,5800.0,0.58,27000.0,48,2,2,4,Self-Employed,Bachelor,Divorced,Suburban,I am financially stable and looking for this loan to achieve a specific goal.,0,positive,0.7215092182159424,Low,Low Risk
22,3500.0,0.4,10000.0,24,0,0,1,Salaried,Bachelor,Single,Urban,I'm eager to build my credit and demonstrate financial maturity.,0,positive,0.8152245283126831,Low,Low Risk
55,13500.0,0.85,45000.0,60,6,3,10,Self-Employed,Master,Married,Rural,I've struggled with late payments in the past but am committed to improving.,1,positive,0.7550084590911865,Low,Low Risk
48,8500.0,0.25,18000.0,36,0,1,12,Salaried,Bachelor,Single,Suburban,"My income is steady, and I'm very confident in meeting my obligations.",0,positive,0.5921218991279602,Low,Low Risk
28,2900.0,0.95,40000.0,60,8,5,3,Unemployed,Diploma,Divorced,Urban,My finances are in a critical state; this loan is my last resort to get organized.,1,neutral,0.5976386666297913,Low,Low Risk
63,3800.0,0.3,7000.0,12,0,0,17,Self-Employed,High School,Married,Suburban,I've maintained an excellent credit history for many years.,0,positive,0.6394060254096985,Low,Low Risk
39,18000.0,0.9,42000.0,48,7,4,9,Salaried,Master,Single,Rural,"My current debts are overwhelming, and my income makes it hard to keep up.",1,negative,0.9365943074226379,High,High Risk
42,7000.0,0.28,15000.0,24,0,0,11,Salaried,Bachelor,Married,Urban,My finances are strong and I have a significant disposable income.,0,neutral,0.7107406854629517,Low,Low Risk
23,2000.0,0.82,20000.0,48,5,3,1,Student,High School,Single,Suburban,"I am between jobs/a student, making loan repayments a stretch but necessary.",1,neutral,0.8181125521659851,Low,Low Risk
59,6200.0,0.55,25000.0,60,2,2,9,Salaried,Bachelor,Married,Rural,"My financial situation is comfortable, and I foresee no issues with repayment.",0,neutral,0.6488711833953857,Low,Low Risk
67,4000.0,0.25,8000.0,12,0,0,17,Unemployed,Diploma,Divorced,Urban,I've maintained an excellent credit history for many years.,0,positive,0.6394060254096985,Low,Low Risk
36,19500.0,0.9,49000.0,60,9,5,7,Salaried,Master,Married,Suburban,My finances are in a critical state; this loan is my last resort to get organized.,1,neutral,0.5976386666297913,Low,Low Risk
41,8200.0,0.32,20000.0,36,0,1,10,Self-Employed,Bachelor,Single,Urban,I am financially stable and looking for this loan to achieve a specific goal.,0,positive,0.7215092182159424,Low,Low Risk
29,2100.0,0.85,30000.0,60,6,3,2,Unemployed,High School,Single,Rural,"My current debts are overwhelming, and my income makes it hard to keep up.",1,negative,0.9365943074226379,High,High Risk
50,11000.0,0.18,15000.0,24,0,0,18,Salaried,Master,Married,Suburban,My finances are strong and I have a significant disposable income.,0,neutral,0.7107406854629517,Low,Low Risk
33,5300.0,0.6,28000.0,48,3,2,4,Self-Employed,Diploma,Divorced,Urban,I'm going through a tough financial period and really need this support.,0,neutral,0.6586728692054749,Low,Low Risk
22,3700.0,0.42,11000.0,24,0,0,1,Salaried,Bachelor,Single,Rural,I'm eager to build my credit and demonstrate financial maturity.,0,positive,0.8152245283126831,Low,Low Risk
55,12500.0,0.88,46000.0,60,7,4,10,Self-Employed,Master,Married,Suburban,"With several late payments, I'm hoping this new structure can save my credit.",1,positive,0.9170271158218384,Low,Low Risk
48,8000.0,0.2,15000.0,24,0,1,12,Salaried,Bachelor,Divorced,Urban,I've maintained an excellent credit history for many years.,0,positive,0.6394060254096985,Low,Low Risk
28,2600.0,0.99,38000.0,60,8,5,3,Unemployed,Diploma,Single,Rural,"My current debts are overwhelming, and my income makes it hard to keep up.",1,negative,0.9365943074226379,High,High Risk
63,3800.0,0.3,7000.0,12,0,0,17,Self-Employed,High School,Married,Suburban,"My income is steady, and I'm very confident in meeting my obligations.",0,positive,0.5921218991279602,Low,Low Risk
39,18000.0,0.9,42000.0,48,7,4,9,Salaried,Master,Single,Rural,"My current debts are overwhelming, and my income makes it hard to keep up.",1,negative,0.9365943074226379,High,High Risk
42,7000.0,0.28,15000.0,24,0,0,11,Salaried,Bachelor,Married,Urban,My finances are strong and I have a significant disposable income.,0,neutral,0.7107406854629517,Low,Low Risk
23,2000.0,0.82,20000.0,48,5,3,1,Student,High School,Single,Suburban,"I am between jobs/a student, making loan repayments a stretch but necessary.",1,neutral,0.8181125521659851,Low,Low Risk
59,6200.0,0.55,25000.0,60,2,2,9,Salaried,Bachelor,Married,Rural,"My financial situation is comfortable, and I foresee no issues with repayment.",0,neutral,0.6488711833953857,Low,Low Risk
67,4000.0,0.25,8000.0,12,0,0,17,Unemployed,Diploma,Divorced,Urban,I've maintained an excellent credit history for many years.,0,positive,0.6394060254096985,Low,Low Risk
36,19500.0,0.9,49000.0,60,9,5,7,Salaried,Master,Married,Suburban,My finances are in a critical state; this loan is my last resort to get organized.,1,neutral,0.5976386666297913,Low,Low Risk
41,8200.0,0.32,20000.0,36,0,1,10,Self-Employed,Bachelor,Single,Urban,I am financially stable and looking for this loan to achieve a specific goal.,0,positive,0.7215092182159424,Low,Low Risk
29,2100.0,0.85,30000.0,60,6,3,2,Unemployed,High School,Single,Rural,"My current debts are overwhelming, and my income makes it hard to keep up.",1,negative,0.9365943074226379,High,High Risk
50,11000.0,0.18,15000.0,24,0,0,18,Salaried,Master,Married,Suburban,My finances are strong and I have a significant disposable income.,0,neutral,0.7107406854629517,Low,Low Risk
33,5300.0,0.6,28000.0,48,3,2,4,Self-Employed,Diploma,Divorced,Urban,I'm going through a tough financial period and really need this support.,0,neutral,0.6586728692054749,Low,Low Risk
22,3700.0,0.42,11000.0,24,0,0,1,Salaried,Bachelor,Single,Rural,I'm eager to build my credit and demonstrate financial maturity.,0,positive,0.8152245283126831,Low,Low Risk
55,12500.0,0.88,46000.0,60,7,4,10,Self-Employed,Master,Married,Suburban,"With several late payments, I'm hoping this new structure can save my credit.",1,positive,0.9170271158218384,Low,Low Risk
48,8000.0,0.2,15000.0,24,0,1,12,Salaried,Bachelor,Divorced,Urban,I've maintained an excellent credit history for many years.,0,positive,0.6394060254096985,Low,Low Risk
28,2600.0,0.99,38000.0,60,8,5,3,Unemployed,Diploma,Single,Rural,"My current debts are overwhelming, and my income makes it hard to keep up.",1,negative,0.9365943074226379,High,High Risk
63,3800.0,0.3,7000.0,12,0,0,17,Self-Employed,High School,Married,Suburban,"My income is steady, and I'm very confident in meeting my obligations.",0,positive,0.5921218991279602,Low,Low Risk
39,18000.0,0.9,42000.0,48,7,4,9,Salaried,Master,Single,Rural,"My current debts are overwhelming, and my income makes it hard to keep up.",1,negative,0.9365943074226379,High,High Risk
42,7000.0,0.28,15000.0,24,0,0,11,Salaried,Bachelor,Married,Urban,My finances are strong and I have a significant disposable income.,0,neutral,0.7107406854629517,Low,Low Risk
23,2000.0,0.82,20000.0,48,5,3,1,Student,High School,Single,Suburban,"I am between jobs/a student, making loan repayments a stretch but necessary.",1,neutral,0.8181125521659851,Low,Low Risk
59,6200.0,0.55,25000.0,60,2,2,9,Salaried,Bachelor,Married,Rural,"My financial situation is comfortable, and I foresee no issues with repayment.",0,neutral,0.6488711833953857,Low,Low Risk
67,4000.0,0.25,8000.0,12,0,0,17,Unemployed,Diploma,Divorced,Urban,I've maintained an excellent credit history for many years.,0,positive,0.6394060254096985,Low,Low Risk
36,19500.0,0.9,49000.0,60,9,5,7,Salaried,Master,Married,Suburban,My finances are in a critical state; this loan is my last resort to get organized.,1,neutral,0.5976386666297913,Low,Low Risk
41,8200.0,0.32,20000.0,36,0,1,10,Self-Employed,Bachelor,Single,Urban,I am financially stable and looking for this loan to achieve a specific goal.,0,positive,0.7215092182159424,Low,Low Risk
29,2100.0,0.85,30000.0,60,6,3,2,Unemployed,High School,Single,Rural,"My current debts are overwhelming, and my income makes it hard to keep up.",1,negative,0.9365943074226379,High,High Risk
50,11000.0,0.18,15000.0,24,0,0,18,Salaried,Master,Married,Suburban,My finances are strong and I have a significant disposable income.,0,neutral,0.7107406854629517,Low,Low Risk
33,5300.0,0.6,28000.0,48,3,2,4,Self-Employed,Diploma,Divorced,Urban,I'm going through a tough financial period and really need this support.,0,neutral,0.6586728692054749,Low,Low Risk
22,3700.0,0.42,11000.0,24,0,0,1,Salaried,Bachelor,Single,Rural,I'm eager to build my credit and demonstrate financial maturity.,0,positive,0.8152245283126831,Low,Low Risk
55,12500.0,0.88,46000.0,60,7,4,10,Self-Employed,Master,Married,Suburban,"With several late payments, I'm hoping this new structure can save my credit.",1,positive,0.9170271158218384,Low,Low Risk
48,8000.0,0.2,15000.0,24,0,1,12,Salaried,Bachelor,Divorced,Urban,I've maintained an excellent credit history for many years.,0,positive,0.6394060254096985,Low,Low Risk
28,2600.0,0.99,38000.0,60,8,5,3,Unemployed,Diploma,Single,Rural,"My current debts are overwhelming, and my income makes it hard to keep up.",1,negative,0.9365943074226379,High,High Risk
63,3800.0,0.3,7000.0,12,0,0,17,Self-Employed,High School,Married,Suburban,"My income is steady, and I'm very confident in meeting my obligations.",0,positive,0.5921218991279602,Low,Low Risk
39,18000.0,0.9,42000.0,48,7,4,9,Salaried,Master,Single,Rural,"My current debts are overwhelming, and my income makes it hard to keep up.",1,negative,0.9365943074226379,High,High Risk
42,7000.0,0.28,15000.0,24,0,0,11,Salaried,Bachelor,Married,Urban,My finances are strong and I have a significant disposable income.,0,neutral,0.7107406854629517,Low,Low Risk
23,2000.0,0.82,20000.0,48,5,3,1,Student,High School,Single,Suburban,"I am between jobs/a student, making loan repayments a stretch but necessary.",1,neutral,0.8181125521659851,Low,Low Risk
59,6200.0,0.55,25000.0,60,2,2,9,Salaried,Bachelor,Married,Rural,"My financial situation is comfortable, and I foresee no issues with repayment.",0,neutral,0.6488711833953857,Low,Low Risk
67,4000.0,0.25,8000.0,12,0,0,17,Unemployed,Diploma,Divorced,Urban,I've maintained an excellent credit history for many years.,0,positive,0.6394060254096985,Low,Low Risk
36,19500.0,0.9,49000.0,60,9,5,7,Salaried,Master,Married,Suburban,My finances are in a critical state; this loan is my last resort to get organized.,1,neutral,0.5976386666297913,Low,Low Risk
41,8200.0,0.32,20000.0,36,0,1,10,Self-Employed,Bachelor,Single,Urban,I am financially stable and looking for this loan to achieve a specific goal.,0,positive,0.7215092182159424,Low,Low Risk
29,2100.0,0.85,30000.0,60,6,3,2,Unemployed,High School,Single,Rural,"My current debts are overwhelming, and my income makes it hard to keep up.",1,negative,0.9365943074226379,High,High Risk
50,11000.0,0.18,15000.0,24,0,0,18,Salaried,Master,Married,Suburban,My finances are strong and I have a significant disposable income.,0,neutral,0.7107406854629517,Low,Low Risk
33,5300.0,0.6,28000.0,48,3,2,4,Self-Employed,Diploma,Divorced,Urban,I'm going through a tough financial period and really need this support.,0,neutral,0.6586728692054749,Low,Low Risk
22,3700.0,0.42,11000.0,24,0,0,1,Salaried,Bachelor,Single,Rural,I'm eager to build my credit and demonstrate financial maturity.,0,positive,0.8152245283126831,Low,Low Risk
55,12500.0,0.88,46000.0,60,7,4,10,Self-Employed,Master,Married,Suburban,"With several late payments, I'm hoping this new structure can save my credit.",1,positive,0.9170271158218384,Low,Low Risk
48,8000.0,0.2,15000.0,24,0,1,12,Salaried,Bachelor,Divorced,Urban,I've maintained an excellent credit history for many years.,0,positive,0.6394060254096985,Low,Low Risk
28,2600.0,0.99,38000.0,60,8,5,3,Unemployed,Diploma,Single,Rural,"My current debts are overwhelming, and my income makes it hard to keep up.",1,negative,0.9365943074226379,High,High Risk
63,3800.0,0.3,7000.0,12,0,0,17,Self-Employed,High School,Married,Suburban,"My income is steady, and I'm very confident in meeting my obligations.",0,positive,0.5921218991279602,Low,Low Risk
39,18000.0,0.9,42000.0,48,7,4,9,Salaried,Master,Single,Rural,"My current debts are overwhelming, and my income makes it hard to keep up.",1,negative,0.9365943074226379,High,High Risk
42,7000.0,0.28,15000.0,24,0,0,11,Salaried,Bachelor,Married,Urban,My finances are strong and I have a significant disposable income.,0,neutral,0.7107406854629517,Low,Low Risk
23,2000.0,0.82,20000.0,48,5,3,1,Student,High School,Single,Suburban,"I am between jobs/a student, making loan repayments a stretch but necessary.",1,neutral,0.8181125521659851,Low,Low Risk
59,6200.0,0.55,25000.0,60,2,2,9,Salaried,Bachelor,Married,Rural,"My financial situation is comfortable, and I foresee no issues with repayment.",0,neutral,0.6488711833953857,Low,Low Risk
67,4000.0,0.25,8000.0,12,0,0,17,Unemployed,Diploma,Divorced,Urban,I've maintained an excellent credit history for many years.,0,positive,0.6394060254096985,Low,Low Risk
36,19500.0,0.9,49000.0,60,9,5,7,Salaried,Master,Married,Suburban,My finances are in a critical state; this loan is my last resort to get organized.,1,neutral,0.5976386666297913,Low,Low Risk
41,8200.0,0.32,20000.0,36,0,1,10,Self-Employed,Bachelor,Single,Urban,I am financially stable and looking for this loan to achieve a specific goal.,0,positive,0.7215092182159424,Low,Low Risk
29,2100.0,0.85,30000.0,60,6,3,2,Unemployed,High School,Single,Rural,"My current debts are overwhelming, and my income makes it hard to keep up.",1,negative,0.9365943074226379,High,High Risk
50,11000.0,0.18,15000.0,24,0,0,18,Salaried,Master,Married,Suburban,My finances are strong and I have a significant disposable income.,0,neutral,0.7107406854629517,Low,Low Risk
33,5300.0,0.6,28000.0,48,3,2,4,Self-Employed,Diploma,Divorced,Urban,I'm going through a tough financial period and really need this support.,0,neutral,0.6586728692054749,Low,Low Risk
22,3700.0,0.42,11000.0,24,0,0,1,Salaried,Bachelor,Single,Rural,I'm eager to build my credit and demonstrate financial maturity.,0,positive,0.8152245283126831,Low,Low Risk
55,12500.0,0.88,46000.0,60,7,4,10,Self-Employed,Master,Married,Suburban,"With several late payments, I'm hoping this new structure can save my credit.",1,positive,0.9170271158218384,Low,Low Risk
48,8000.0,0.2,15000.0,24,0,1,12,Salaried,Bachelor,Divorced,Urban,I've maintained an excellent credit history for many years.,0,positive,0.6394060254096985,Low,Low Risk
28,2600.0,0.99,38000.0,60,8,5,3,Unemployed,Diploma,Single,Rural,"My current debts are overwhelming, and my income makes it hard to keep up.",1,negative,0.9365943074226379,High,High Risk
41,9550.21,0.28,25000.0,48,0,1,15,Salaried,Bachelor,Married,Suburban,"My financial situation is secure, and I'm looking for a favorable loan.",0,positive,0.8618146181106567,Low,Low Risk
30,2890.55,0.91,28905.5,60,4,3,3,Self-Employed,High School,Single,Urban,"My income has been inconsistent, leading to some missed due dates.",1,negative,0.9697660207748413,High,High Risk
55,12100.75,0.15,18000.0,36,0,0,18,Salaried,Master,Married,Suburban,My financial records reflect a history of responsible borrowing and repayment.,0,neutral,0.7265352606773376,Low,Low Risk
25,1900.0,0.82,19000.0,48,6,4,1,Student,Diploma,Single,Urban,I've faced unexpected expenses recently and am struggling to keep up with payments.,1,negative,0.9589728116989136,High,High Risk
48,7200.0,0.35,10000.0,24,1,1,10,Salaried,Bachelor,Married,Urban,I have a stable income and manage my finances diligently.,0,neutral,0.8957147598266602,Low,Low Risk
38,3500.0,0.95,30000.0,60,8,5,4,Unemployed,High School,Divorced,Rural,"Due to job loss, my finances are currently unstable.",1,negative,0.9507823586463928,High,High Risk
62,15000.0,0.2,35000.0,60,0,1,20,Salaried,Master,Married,Suburban,"My current expenses are well within my budget, allowing for new financial commitments.",0,positive,0.8492642641067505,Low,Low Risk
33,4100.0,0.77,25000.0,48,3,2,5,Self-Employed,Diploma,Single,Urban,I'm trying to manage significant outstanding debt and high interest rates.,1,negative,0.6494269967079163,Medium,Watchlist
29,6800.0,0.3,12000.0,36,0,1,7,Salaried,Bachelor,Single,Urban,I consistently pay my bills on time and maintain a good credit score.,0,positive,0.5602283477783203,Low,Low Risk
50,2000.0,0.88,20000.0,60,7,3,2,Unemployed,High School,Divorced,Rural,"My financial history shows some challenges, but I'm working to improve.",1,positive,0.7929157018661499,Low,Low Risk
36,5900.0,0.4,8000.0,24,0,0,9,Salaried,Diploma,Married,Suburban,I'm seeking to consolidate existing debt to a lower interest rate.,0,neutral,0.8453271389007568,Low,Low Risk
23,1800.0,0.99,18000.0,48,5,2,1,Student,High School,Single,Urban,I need this loan to cover essential living costs as my current funds are insufficient.,1,neutral,0.8427467942237854,Low,Low Risk
49,10500.0,0.22,28000.0,60,0,1,17,Salaried,Master,Married,Suburban,"With my steady employment, I'm confident in my ability to repay.",0,positive,0.8870497941970825,Low,Low Risk
42,3100.0,0.85,20000.0,60,4,3,3,Self-Employed,High School,Divorced,Urban,I've had a few late payments due to medical emergencies.,1,negative,0.9631537795066833,High,High Risk
58,13000.0,0.18,20000.0,36,0,0,19,Salaried,Bachelor,Married,Suburban,I have an excellent credit history and minimal outstanding debt.,0,neutral,0.7610616683959961,Low,Low Risk
27,2200.0,0.79,22000.0,48,5,4,2,Salaried,High School,Single,Urban,"My credit cards are maxed out, and I'm finding it hard to make ends meet.",1,negative,0.9445744752883911,High,High Risk
31,7800.0,0.33,15000.0,36,0,1,8,Salaried,Bachelor,Single,Suburban,"My financial situation is secure, and I'm looking for a favorable loan.",0,positive,0.8618146181106567,Low,Low Risk
46,1600.0,0.9,16000.0,60,9,5,0,Unemployed,High School,Divorced,Rural,I've faced unexpected expenses recently and am struggling to keep up with payments.,1,negative,0.9589728116989136,High,High Risk
39,8900.0,0.25,20000.0,48,0,1,11,Self-Employed,Master,Married,Urban,I consistently pay my bills on time and maintain a good credit score.,0,positive,0.5602283477783203,Low,Low Risk
22,1500.0,0.98,15000.0,36,6,2,1,Student,Diploma,Single,Urban,"My income has been inconsistent, leading to some missed due dates.",1,negative,0.9697660207748413,High,High Risk
52,11000.0,0.19,25000.0,48,0,0,16,Salaried,Bachelor,Married,Suburban,I'm looking to consolidate existing debt to a lower interest rate.,0,neutral,0.826238751411438,Low,Low Risk
35,2950.0,0.81,20000.0,60,3,3,4,Self-Employed,Diploma,Single,Urban,I'm trying to manage significant outstanding debt and high interest rates.,1,negative,0.6494269967079163,Medium,Watchlist
60,18000.0,0.12,40000.0,60,0,1,20,Salaried,Master,Married,Suburban,My financial records reflect a history of responsible borrowing and repayment.,0,neutral,0.7265352606773376,Low,Low Risk
49,1500.0,0.94,15000.0,48,7,4,1,Unemployed,High School,Divorced,Rural,"Due to job loss, my finances are currently unstable.",1,negative,0.9507823586463928,High,High Risk
44,9000.0,0.29,17000.0,36,0,1,14,Salaried,Bachelor,Married,Urban,I have a stable income and manage my finances diligently.,0,neutral,0.8957147598266602,Low,Low Risk
28,2600.0,0.89,26000.0,60,5,3,2,Self-Employed,Diploma,Single,Urban,"My credit cards are maxed out, and I'm finding it hard to make ends meet.",1,negative,0.9445744752883911,High,High Risk
57,14500.0,0.17,30000.0,48,0,0,19,Salaried,Master,Married,Suburban,I have an excellent credit history and minimal outstanding debt.,0,neutral,0.7610616683959961,Low,Low Risk
32,4500.0,0.75,25000.0,60,2,2,6,Salaried,Bachelor,Married,Urban,I've had a few late payments due to medical emergencies.,1,negative,0.9631537795066833,High,High Risk
65,19000.0,0.11,45000.0,60,0,0,20,Salaried,Master,Married,Suburban,"My current expenses are well within my budget, allowing for new financial commitments.",0,positive,0.8492642641067505,Low,Low Risk
53,1500.0,0.96,15000.0,48,10,5,0,Unemployed,High School,Divorced,Rural,"My financial history shows some challenges, but I'm working to improve.",1,positive,0.7929157018661499,Low,Low Risk
34,7000.0,0.38,10000.0,24,0,1,9,Salaried,Bachelor,Single,Urban,I'm seeking to consolidate existing debt to a lower interest rate.,0,neutral,0.8453271389007568,Low,Low Risk
24,1500.0,0.84,15000.0,36,4,2,1,Student,High School,Single,Urban,I need this loan to cover essential living costs as my current funds are insufficient.,1,neutral,0.8427467942237854,Low,Low Risk
47,10000.0,0.24,22000.0,48,0,1,13,Salaried,Master,Married,Suburban,"With my steady employment, I'm confident in my ability to repay.",0,positive,0.8870497941970825,Low,Low Risk
37,3800.0,0.78,28000.0,60,6,4,3,Self-Employed,High School,Single,Rural,"My income has been inconsistent, leading to some missed due dates.",1,negative,0.9697660207748413,High,High Risk
51,12500.0,0.16,27000.0,36,0,0,17,Salaried,Bachelor,Married,Suburban,I consistently pay my bills on time and maintain a good credit score.,0,positive,0.5602283477783203,Low,Low Risk
29,1700.0,0.93,17000.0,48,8,3,2,Salaried,Diploma,Single,Urban,I'm trying to manage significant outstanding debt and high interest rates.,1,negative,0.6494269967079163,Medium,Watchlist
32,6200.0,0.42,9000.0,24,1,1,6,Salaried,Bachelor,Single,Urban,"My financial situation is secure, and I'm looking for a favorable loan.",0,positive,0.8618146181106567,Low,Low Risk
40,1500.0,0.99,15000.0,60,9,5,0,Unemployed,Diploma,Divorced,Rural,"Due to job loss, my finances are currently unstable.",1,negative,0.9507823586463928,High,High Risk
61,16000.0,0.13,38000.0,60,0,0,20,Salaried,Master,Married,Suburban,My financial records reflect a history of responsible borrowing and repayment.,0,neutral,0.7265352606773376,Low,Low Risk
26,2000.0,0.86,20000.0,48,5,3,2,Student,High School,Single,Urban,"My credit cards are maxed out, and I'm finding it hard to make ends meet.",1,negative,0.9445744752883911,High,High Risk
43,9800.0,0.27,23000.0,48,0,1,15,Salaried,Bachelor,Married,Suburban,I have a stable income and manage my finances diligently.,0,neutral,0.8957147598266602,Low,Low Risk
30,3300.0,0.76,20000.0,60,3,2,4,Self-Employed,Diploma,Single,Urban,I've had a few late payments due to medical emergencies.,1,negative,0.9631537795066833,High,High Risk
59,17000.0,0.14,42000.0,60,0,1,19,Salaried,Master,Married,Suburban,"My current expenses are well within my budget, allowing for new financial commitments.",0,positive,0.8492642641067505,Low,Low Risk
45,1500.0,0.97,15000.0,48,10,4,1,Unemployed,High School,Single,Rural,"My financial history shows some challenges, but I'm working to improve.",1,positive,0.7929157018661499,Low,Low Risk
38,7500.0,0.31,14000.0,36,0,1,10,Salaried,Bachelor,Married,Urban,I'm looking to consolidate existing debt to a lower interest rate.,0,neutral,0.826238751411438,Low,Low Risk
21,1500.0,0.9,15000.0,36,6,2,0,Student,High School,Single,Urban,I need this loan to cover essential living costs as my current funds are insufficient.,1,neutral,0.8427467942237854,Low,Low Risk
54,11500.0,0.21,26000.0,48,0,0,18,Salaried,Master,Married,Suburban,"With my steady employment, I'm confident in my ability to repay.",0,positive,0.8870497941970825,Low,Low Risk
31,4000.0,0.83,30000.0,60,4,3,5,Self-Employed,Bachelor,Single,Urban,"My income has been inconsistent, leading to some missed due dates.",1,negative,0.9697660207748413,High,High Risk
63,18500.0,0.1,48000.0,60,0,0,20,Salaried,Master,Married,Suburban,I have an excellent credit history and minimal outstanding debt.,0,neutral,0.7610616683959961,Low,Low Risk
48,1500.0,0.95,15000.0,48,8,5,0,Unemployed,Diploma,Divorced,Rural,I've faced unexpected expenses recently and am struggling to keep up with payments.,1,negative,0.9589728116989136,High,High Risk
35,8000.0,0.34,16000.0,36,0,1,10,Salaried,Bachelor,Married,Urban,I consistently pay my bills on time and maintain a good credit score.,0,positive,0.5602283477783203,Low,Low Risk
25,2300.0,0.87,23000.0,60,5,3,2,Student,High School,Single,Urban,"My credit cards are maxed out, and I'm finding it hard to make ends meet.",1,negative,0.9445744752883911,High,High Risk
56,13500.0,0.15,32000.0,48,0,0,18,Salaried,Master,Married,Suburban,"My financial situation is secure, and I'm looking for a favorable loan.",0,positive,0.8618146181106567,Low,Low Risk
39,1500.0,0.92,15000.0,36,7,4,1,Unemployed,High School,Single,Rural,I need this loan to cover essential living costs as my current funds are insufficient.,1,neutral,0.8427467942237854,Low,Low Risk
42,8800.0,0.26,20000.0,48,0,1,13,Salaried,Bachelor,Married,Suburban,I'm seeking to consolidate existing debt to a lower interest rate.,0,neutral,0.8453271389007568,Low,Low Risk
28,3600.0,0.79,20000.0,60,4,3,3,Self-Employed,Diploma,Divorced,Urban,"My income has been inconsistent, leading to some missed due dates.",1,negative,0.9697660207748413,High,High Risk
60,19500.0,0.1,49000.0,60,0,0,20,Salaried,Master,Married,Suburban,"My current expenses are well within my budget, allowing for new financial commitments.",0,positive,0.8492642641067505,Low,Low Risk
40,1500.0,0.98,15000.0,48,10,5,0,Unemployed,High School,Divorced,Rural,"My financial history shows some challenges, but I'm working to improve.",1,positive,0.7929157018661499,Low,Low Risk
30,6500.0,0.37,11000.0,24,0,1,8,Salaried,Bachelor,Single,Urban,I have a stable income and manage my finances diligently.,0,neutral,0.8957147598266602,Low,Low Risk
23,1900.0,0.82,19000.0,36,5,2,1,Student,Diploma,Single,Urban,"My credit cards are maxed out, and I'm finding it hard to make ends meet.",1,negative,0.9445744752883911,High,High Risk
50,10800.0,0.23,24000.0,48,0,1,16,Salaried,Master,Married,Suburban,"With my steady employment, I'm confident in my ability to repay.",0,positive,0.8870497941970825,Low,Low Risk
36,3200.0,0.75,20000.0,60,3,2,5,Self-Employed,High School,Single,Urban,I'm trying to manage significant outstanding debt and high interest rates.,1,negative,0.6494269967079163,Medium,Watchlist
64,19800.0,0.1,50000.0,60,0,0,20,Salaried,Master,Married,Suburban,My financial records reflect a history of responsible borrowing and repayment.,0,neutral,0.7265352606773376,Low,Low Risk
41,1500.0,0.94,15000.0,48,9,4,0,Unemployed,Diploma,Divorced,Rural,"Due to job loss, my finances are currently unstable.",1,negative,0.9507823586463928,High,High Risk
33,7000.0,0.39,12000.0,24,0,1,9,Salaried,Bachelor,Married,Urban,I'm seeking to consolidate existing debt to a lower interest rate.,0,neutral,0.8453271389007568,Low,Low Risk
27,2100.0,0.8,21000.0,48,4,3,2,Salaried,High School,Single,Urban,I've had a few late payments due to medical emergencies.,1,negative,0.9631537795066833,High,High Risk
58,14000.0,0.16,34000.0,60,0,0,19,Salaried,Master,Married,Suburban,I have an excellent credit history and minimal outstanding debt.,0,neutral,0.7610616683959961,Low,Low Risk
34,1500.0,0.96,15000.0,48,10,5,0,Unemployed,High School,Divorced,Rural,"My financial history shows some challenges, but I'm working to improve.",1,positive,0.7929157018661499,Low,Low Risk
45,9200.0,0.29,21000.0,48,0,1,15,Salaried,Bachelor,Married,Suburban,I have a stable income and manage my finances diligently.,0,neutral,0.8957147598266602,Low,Low Risk
22,1600.0,0.91,16000.0,36,7,2,1,Student,High School,Single,Urban,"My income has been inconsistent, leading to some missed due dates.",1,negative,0.9697660207748413,High,High Risk
53,12800.0,0.18,30000.0,48,0,0,17,Salaried,Master,Married,Suburban,"With my steady employment, I'm confident in my ability to repay.",0,positive,0.8870497941970825,Low,Low Risk
31,3000.0,0.85,20000.0,60,6,4,4,Self-Employed,Diploma,Single,Urban,"My credit cards are maxed out, and I'm finding it hard to make ends meet.",1,negative,0.9445744752883911,High,High Risk
62,17500.0,0.12,44000.0,60,0,0,20,Salaried,Master,Married,Suburban,"My current expenses are well within my budget, allowing for new financial commitments.",0,positive,0.8492642641067505,Low,Low Risk
51,1500.0,0.99,15000.0,48,10,5,0,Unemployed,High School,Divorced,Rural,"Due to job loss, my finances are currently unstable.",1,negative,0.9507823586463928,High,High Risk
37,8200.0,0.32,15000.0,36,0,1,11,Self-Employed,Bachelor,Married,Urban,I consistently pay my bills on time and maintain a good credit score.,0,positive,0.5602283477783203,Low,Low Risk
26,2500.0,0.78,25000.0,60,3,2,2,Salaried,Diploma,Single,Urban,I've had a few late payments due to medical emergencies.,1,negative,0.9631537795066833,High,High Risk
55,13000.0,0.17,31000.0,48,0,0,18,Salaried,Master,Married,Suburban,I have an excellent credit history and minimal outstanding debt.,0,neutral,0.7610616683959961,Low,Low Risk
44,1500.0,0.93,15000.0,48,8,4,1,Unemployed,High School,Single,Rural,I need this loan to cover essential living costs as my current funds are insufficient.,1,neutral,0.8427467942237854,Low,Low Risk
39,8500.0,0.28,18000.0,36,0,1,12,Salaried,Bachelor,Married,Urban,"My financial situation is secure, and I'm looking for a favorable loan.",0,positive,0.8618146181106567,Low,Low Risk
24,2000.0,0.89,20000.0,60,5,3,2,Student,Diploma,Single,Urban,"My credit cards are maxed out, and I'm finding it hard to make ends meet.",1,negative,0.9445744752883911,High,High Risk
61,16500.0,0.13,40000.0,60,0,0,20,Salaried,Master,Married,Suburban,"My current expenses are well within my budget, allowing for new financial commitments.",0,positive,0.8492642641067505,Low,Low Risk
47,1500.0,0.97,15000.0,48,9,5,0,Unemployed,High School,Divorced,Rural,"My financial history shows some challenges, but I'm working to improve.",1,positive,0.7929157018661499,Low,Low Risk
30,7000.0,0.35,12000.0,24,0,1,8,Salaried,Bachelor,Single,Urban,I'm seeking to consolidate existing debt to a lower interest rate.,0,neutral,0.8453271389007568,Low,Low Risk
29,3400.0,0.77,20000.0,60,3,2,3,Self-Employed,High School,Divorced,Urban,I've had a few late payments due to medical emergencies.,1,negative,0.9631537795066833,High,High Risk
52,11800.0,0.2,26000.0,48,0,1,16,Salaried,Master,Married,Suburban,"With my steady employment, I'm confident in my ability to repay.",0,positive,0.8870497941970825,Low,Low Risk
28,2000.0,0.84,20000.0,48,6,4,2,Student,High School,Single,Urban,"My income has been inconsistent, leading to some missed due dates.",1,negative,0.9697660207748413,High,High Risk
59,15500.0,0.14,37000.0,60,0,0,19,Salaried,Master,Married,Suburban,I have an excellent credit history and minimal outstanding debt.,0,neutral,0.7610616683959961,Low,Low Risk
42,1500.0,0.95,15000.0,48,8,5,0,Unemployed,Diploma,Divorced,Rural,I'm trying to manage significant outstanding debt and high interest rates.,1,negative,0.6494269967079163,Medium,Watchlist
31,6800.0,0.36,11000.0,24,0,1,8,Salaried,Bachelor,Single,Urban,"My financial situation is secure, and I'm looking for a favorable loan.",0,positive,0.8618146181106567,Low,Low Risk
25,2400.0,0.86,24000.0,60,5,3,2,Student,High School,Single,Urban,"My credit cards are maxed out, and I'm finding it hard to make ends meet.",1,negative,0.9445744752883911,High,High Risk
60,19000.0,0.11,47000.0,60,0,0,20,Salaried,Master,Married,Suburban,"My current expenses are well within my budget, allowing for new financial commitments.",0,positive,0.8492642641067505,Low,Low Risk
38,1500.0,0.98,15000.0,48,10,5,0,Unemployed,High School,Divorced,Rural,"Due to job loss, my finances are currently unstable.",1,negative,0.9507823586463928,High,High Risk
35,7500.0,0.3,13000.0,36,0,1,10,Salaried,Bachelor,Married,Urban,I consistently pay my bills on time and maintain a good credit score.,0,positive,0.5602283477783203,Low,Low Risk
27,3000.0,0.79,20000.0,60,4,3,3,Self-Employed,Diploma,Single,Urban,"My income has been inconsistent, leading to some missed due dates.",1,negative,0.9697660207748413,High,High Risk
57,14500.0,0.17,35000.0,60,0,0,19,Salaried,Master,Married,Suburban,"With my steady employment, I'm confident in my ability to repay.",0,positive,0.8870497941970825,Low,Low Risk
49,1500.0,0.94,15000.0,48,8,4,1,Unemployed,High School,Divorced,Rural,I'm trying to manage significant outstanding debt and high interest rates.,1,negative,0.6494269967079163,Medium,Watchlist
41,9500.0,0.27,22000.0,48,0,1,14,Salaried,Bachelor,Married,Suburban,I'm looking to consolidate existing debt to a lower interest rate.,0,neutral,0.826238751411438,Low,Low Risk
23,1800.0,0.91,18000.0,36,6,2,1,Student,Diploma,Single,Urban,I need this loan to cover essential living costs as my current funds are insufficient.,1,neutral,0.8427467942237854,Low,Low Risk
50,11000.0,0.22,25000.0,48,0,0,16,Salaried,Master,Married,Suburban,"My financial situation is secure, and I'm looking for a favorable loan.",0,positive,0.8618146181106567,Low,Low Risk
36,3100.0,0.82,20000.0,60,5,3,4,Self-Employed,High School,Single,Urban,"My credit cards are maxed out, and I'm finding it hard to make ends meet.",1,negative,0.9445744752883911,High,High Risk
65,18000.0,0.1,46000.0,60,0,0,20,Salaried,Master,Married,Suburban,My financial records reflect a history of responsible borrowing and repayment.,0,neutral,0.7265352606773376,Low,Low Risk
46,1500.0,0.99,15000.0,48,10,5,0,Unemployed,Diploma,Divorced,Rural,"Due to job loss, my finances are currently unstable.",1,negative,0.9507823586463928,High,High Risk
34,7200.0,0.33,12000.0,24,0,1,9,Salaried,Bachelor,Married,Urban,I consistently pay my bills on time and maintain a good credit score.,0,positive,0.5602283477783203,Low,Low Risk
21,1500.0,0.88,15000.0,36,7,2,0,Student,High School,Single,Urban,"My income has been inconsistent, leading to some missed due dates.",1,negative,0.9697660207748413,High,High Risk
58,13800.0,0.16,33000.0,48,0,0,19,Salaried,Master,Married,Suburban,"With my steady employment, I'm confident in my ability to repay.",0,positive,0.8870497941970825,Low,Low Risk
32,2800.0,0.76,20000.0,60,3,2,4,Self-Employed,Diploma,Single,Urban,I've had a few late payments due to medical emergencies.,1,negative,0.9631537795066833,High,High Risk
63,18200.0,0.1,45000.0,60,0,0,20,Salaried,Master,Married,Suburban,"My current expenses are well within my budget, allowing for new financial commitments.",0,positive,0.8492642641067505,Low,Low Risk
40,1500.0,0.97,15000.0,48,9,5,0,Unemployed,High School,Divorced,Rural,"My financial history shows some challenges, but I'm working to improve.",1,positive,0.7929157018661499,Low,Low Risk
30,6900.0,0.37,11000.0,24,0,1,8,Salaried,Bachelor,Single,Urban,I have a stable income and manage my finances diligently.,0,neutral,0.8957147598266602,Low,Low Risk
26,2200.0,0.83,22000.0,48,5,3,2,Student,High School,Single,Urban,"My credit cards are maxed out, and I'm finding it hard to make ends meet.",1,negative,0.9445744752883911,High,High Risk
55,12500.0,0.19,28000.0,48,0,1,18,Salaried,Master,Married,Suburban,"With my steady employment, I'm confident in my ability to repay.",0,positive,0.8870497941970825,Low,Low Risk
31,3500.0,0.78,20000.0,60,4,3,3,Self-Employed,Diploma,Single,Urban,"My income has been inconsistent, leading to some missed due dates.",1,negative,0.9697660207748413,High,High Risk
60,19500.0,0.1,49000.0,60,0,0,20,Salaried,Master,Married,Suburban,My financial records reflect a history of responsible borrowing and repayment.,0,neutral,0.7265352606773376,Low,Low Risk
45,1500.0,0.99,15000.0,48,10,5,0,Unemployed,High School,Divorced,Rural,"Due to job loss, my finances are currently unstable.",1,negative,0.9507823586463928,High,High Risk
39,8700.0,0.29,18000.0,36,0,1,12,Salaried,Bachelor,Married,Urban,I'm seeking to consolidate existing debt to a lower interest rate.,0,neutral,0.8453271389007568,Low,Low Risk
28,2600.0,0.86,26000.0,60,5,3,2,Salaried,Diploma,Single,Urban,"My credit cards are maxed out, and I'm finding it hard to make ends meet.",1,negative,0.9445744752883911,High,High Risk
52,11500.0,0.2,26000.0,48,0,0,16,Salaried,Master,Married,Suburban,I have an excellent credit history and minimal outstanding debt.,0,neutral,0.7610616683959961,Low,Low Risk
48,1500.0,0.94,15000.0,48,8,4,1,Unemployed,High School,Divorced,Rural,"My financial history shows some challenges, but I'm working to improve.",1,positive,0.7929157018661499,Low,Low Risk
43,9800.0,0.27,23000.0,48,0,1,15,Salaried,Bachelor,Married,Suburban,I have a stable income and manage my finances diligently.,0,neutral,0.8957147598266602,Low,Low Risk
25,1900.0,0.89,19000.0,60,6,3,2,Student,High School,Single,Urban,"My income has been inconsistent, leading to some missed due dates.",1,negative,0.9697660207748413,High,High Risk
61,16000.0,0.12,38000.0,60,0,0,20,Salaried,Master,Married,Suburban,"My current expenses are well within my budget, allowing for new financial commitments.",0,positive,0.8492642641067505,Low,Low Risk
35,3300.0,0.77,20000.0,60,4,3,3,Self-Employed,Diploma,Divorced,Urban,I've had a few late payments due to medical emergencies.,1,negative,0.9631537795066833,High,High Risk
47,10500.0,0.23,24000.0,48,0,1,16,Salaried,Master,Married,Suburban,"With my steady employment, I'm confident in my ability to repay.",0,positive,0.8870497941970825,Low,Low Risk
53,1500.0,0.96,15000.0,48,10,5,0,Unemployed,High School,Divorced,Rural,"My financial history shows some challenges, but I'm working to improve.",1,positive,0.7929157018661499,Low,Low Risk
30,6800.0,0.35,12000.0,24,0,1,8,Salaried,Bachelor,Single,Urban,I'm seeking to consolidate existing debt to a lower interest rate.,0,neutral,0.8453271389007568,Low,Low Risk
22,1700.0,0.9,17000.0,36,6,2,1,Student,High School,Single,Urban,I need this loan to cover essential living costs as my current funds are insufficient.,1,neutral,0.8427467942237854,Low,Low Risk
59,15000.0,0.15,36000.0,60,0,0,19,Salaried,Master,Married,Suburban,I have an excellent credit history and minimal outstanding debt.,0,neutral,0.7610616683959961,Low,Low Risk
38,3900.0,0.76,20000.0,60,3,2,5,Self-Employed,Diploma,Single,Urban,I'm trying to manage significant outstanding debt and high interest rates.,1,negative,0.6494269967079163,Medium,Watchlist
64,19000.0,0.1,48000.0,60,0,0,20,Salaried,Master,Married,Suburban,"My current expenses are well within my budget, allowing for new financial commitments.",0,positive,0.8492642641067505,Low,Low Risk
40,1500.0,0.98,15000.0,48,10,5,0,Unemployed,High School,Divorced,Rural,"Due to job loss, my finances are currently unstable.",1,negative,0.9507823586463928,High,High Risk
35,7000.0,0.34,13000.0,36,0,1,10,Salaried,Bachelor,Married,Urban,I have a stable income and manage my finances diligently.,0,neutral,0.8957147598266602,Low,Low Risk
25,2300.0,0.87,23000.0,60,5,3,2,Student,High School,Single,Urban,"My credit cards are maxed out, and I'm finding it hard to make ends meet.",1,negative,0.9445744752883911,High,High Risk
56,13500.0,0.17,32000.0,48,0,0,18,Salaried,Master,Married,Suburban,"My financial situation is secure, and I'm looking for a favorable loan.",0,positive,0.8618146181106567,Low,Low Risk
39,1500.0,0.93,15000.0,48,8,4,1,Unemployed,High School,Single,Rural,I need this loan to cover essential living costs as my current funds are insufficient.,1,neutral,0.8427467942237854,Low,Low Risk
42,8800.0,0.26,20000.0,48,0,1,13,Salaried,Bachelor,Married,Suburban,I'm looking to consolidate existing debt to a lower interest rate.,0,neutral,0.826238751411438,Low,Low Risk
28,3600.0,0.79,20000.0,60,4,3,3,Self-Employed,Diploma,Divorced,Urban,"My income has been inconsistent, leading to some missed due dates.",1,negative,0.9697660207748413,High,High Risk
60,19500.0,0.1,49000.0,60,0,0,20,Salaried,Master,Married,Suburban,"My current expenses are well within my budget, allowing for new financial commitments.",0,positive,0.8492642641067505,Low,Low Risk
40,1500.0,0.98,15000.0,48,10,5,0,Unemployed,High School,Divorced,Rural,"My financial history shows some challenges, but I'm working to improve.",1,positive,0.7929157018661499,Low,Low Risk
30,6500.0,0.37,11000.0,24,0,1,8,Salaried,Bachelor,Single,Urban,I have a stable income and manage my finances diligently.,0,neutral,0.8957147598266602,Low,Low Risk
23,1900.0,0.82,19000.0,36,5,2,1,Student,Diploma,Single,Urban,"My credit cards are maxed out, and I'm finding it hard to make ends meet.",1,negative,0.9445744752883911,High,High Risk
50,10800.0,0.23,24000.0,48,0,1,16,Salaried,Master,Married,Suburban,"With my steady employment, I'm confident in my ability to repay.",0,positive,0.8870497941970825,Low,Low Risk
36,3200.0,0.75,20000.0,60,3,2,5,Self-Employed,High School,Single,Urban,I'm trying to manage significant outstanding debt and high interest rates.,1,negative,0.6494269967079163,Medium,Watchlist
64,19800.0,0.1,50000.0,60,0,0,20,Salaried,Master,Married,Suburban,My financial records reflect a history of responsible borrowing and repayment.,0,neutral,0.7265352606773376,Low,Low Risk
41,1500.0,0.94,15000.0,48,9,4,0,Unemployed,Diploma,Divorced,Rural,"Due to job loss, my finances are currently unstable.",1,negative,0.9507823586463928,High,High Risk
33,7000.0,0.39,12000.0,24,0,1,9,Salaried,Bachelor,Married,Urban,I consistently pay my bills on time and maintain a good credit score.,0,positive,0.5602283477783203,Low,Low Risk
27,2100.0,0.8,21000.0,48,4,3,2,Salaried,High School,Single,Urban,I've had a few late payments due to medical emergencies.,1,negative,0.9631537795066833,High,High Risk
58,14000.0,0.16,34000.0,60,0,0,19,Salaried,Master,Married,Suburban,"My current expenses are well within my budget, allowing for new financial commitments.",0,positive,0.8492642641067505,Low,Low Risk
34,1500.0,0.96,15000.0,48,10,5,0,Unemployed,High School,Divorced,Rural,"My financial history shows some challenges, but I'm working to improve.",1,positive,0.7929157018661499,Low,Low Risk
45,9200.0,0.29,21000.0,48,0,1,15,Salaried,Bachelor,Married,Suburban,I have a stable income and manage my finances diligently.,0,neutral,0.8957147598266602,Low,Low Risk
22,1600.0,0.91,16000.0,36,7,2,1,Student,High School,Single,Urban,"My income has been inconsistent, leading to some missed due dates.",1,negative,0.9697660207748413,High,High Risk
53,12800.0,0.18,30000.0,48,0,0,17,Salaried,Master,Married,Suburban,"With my steady employment, I'm confident in my ability to repay.",0,positive,0.8870497941970825,Low,Low Risk
31,3000.0,0.85,20000.0,60,6,4,4,Self-Employed,Diploma,Single,Urban,"My credit cards are maxed out, and I'm finding it hard to make ends meet.",1,negative,0.9445744752883911,High,High Risk
62,17500.0,0.12,44000.0,60,0,0,20,Salaried,Master,Married,Suburban,"My current expenses are well within my budget, allowing for new financial commitments.",0,positive,0.8492642641067505,Low,Low Risk
51,1500.0,0.99,15000.0,48,10,5,0,Unemployed,High School,Divorced,Rural,"Due to job loss, my finances are currently unstable.",1,negative,0.9507823586463928,High,High Risk
37,8200.0,0.32,15000.0,36,0,1,11,Self-Employed,Bachelor,Married,Urban,I consistently pay my bills on time and maintain a good credit score.,0,positive,0.5602283477783203,Low,Low Risk
26,2500.0,0.78,25000.0,60,3,2,2,Salaried,Diploma,Single,Urban,I've had a few late payments due to medical emergencies.,1,negative,0.9631537795066833,High,High Risk
55,13000.0,0.17,31000.0,48,0,0,18,Salaried,Master,Married,Suburban,I have an excellent credit history and minimal outstanding debt.,0,neutral,0.7610616683959961,Low,Low Risk
44,1500.0,0.93,15000.0,48,8,4,1,Unemployed,High School,Single,Rural,I need this loan to cover essential living costs as my current funds are insufficient.,1,neutral,0.8427467942237854,Low,Low Risk
39,8500.0,0.28,18000.0,36,0,1,12,Salaried,Bachelor,Married,Urban,"My financial situation is secure, and I'm looking for a favorable loan.",0,positive,0.8618146181106567,Low,Low Risk
24,2000.0,0.89,20000.0,60,5,3,2,Student,Diploma,Single,Urban,"My credit cards are maxed out, and I'm finding it hard to make ends meet.",1,negative,0.9445744752883911,High,High Risk
61,16500.0,0.13,40000.0,60,0,0,20,Salaried,Master,Married,Suburban,"My current expenses are well within my budget, allowing for new financial commitments.",0,positive,0.8492642641067505,Low,Low Risk
47,1500.0,0.97,15000.0,48,9,5,0,Unemployed,High School,Divorced,Rural,"My financial history shows some challenges, but I'm working to improve.",1,positive,0.7929157018661499,Low,Low Risk
30,7000.0,0.35,12000.0,24,0,1,8,Salaried,Bachelor,Single,Urban,I'm seeking to consolidate existing debt to a lower interest rate.,0,neutral,0.8453271389007568,Low,Low Risk
29,3400.0,0.77,20000.0,60,3,2,3,Self-Employed,High School,Divorced,Urban,I've had a few late payments due to medical emergencies.,1,negative,0.9631537795066833,High,High Risk
52,11800.0,0.2,26000.0,48,0,1,16,Salaried,Master,Married,Suburban,"With my steady employment, I'm confident in my ability to repay.",0,positive,0.8870497941970825,Low,Low Risk
28,2000.0,0.84,20000.0,48,6,4,2,Student,High School,Single,Urban,"My income has been inconsistent, leading to some missed due dates.",1,negative,0.9697660207748413,High,High Risk
59,15500.0,0.14,37000.0,60,0,0,19,Salaried,Master,Married,Suburban,I have an excellent credit history and minimal outstanding debt.,0,neutral,0.7610616683959961,Low,Low Risk
42,1500.0,0.95,15000.0,48,8,5,0,Unemployed,Diploma,Divorced,Rural,I'm trying to manage significant outstanding debt and high interest rates.,1,negative,0.6494269967079163,Medium,Watchlist
31,6800.0,0.36,11000.0,24,0,1,8,Salaried,Bachelor,Single,Urban,"My financial situation is secure, and I'm looking for a favorable loan.",0,positive,0.8618146181106567,Low,Low Risk
25,2400.0,0.86,24000.0,60,5,3,2,Student,High School,Single,Urban,"My credit cards are maxed out, and I'm finding it hard to make ends meet.",1,negative,0.9445744752883911,High,High Risk
60,19000.0,0.11,47000.0,60,0,0,20,Salaried,Master,Married,Suburban,"My current expenses are well within my budget, allowing for new financial commitments.",0,positive,0.8492642641067505,Low,Low Risk
38,1500.0,0.98,15000.0,48,10,5,0,Unemployed,High School,Divorced,Rural,"Due to job loss, my finances are currently unstable.",1,negative,0.9507823586463928,High,High Risk
35,7500.0,0.3,13000.0,36,0,1,10,Salaried,Bachelor,Married,Urban,I consistently pay my bills on time and maintain a good credit score.,0,positive,0.5602283477783203,Low,Low Risk
27,3000.0,0.79,20000.0,60,4,3,3,Self-Employed,Diploma,Single,Urban,"My income has been inconsistent, leading to some missed due dates.",1,negative,0.9697660207748413,High,High Risk
57,14500.0,0.17,35000.0,60,0,0,19,Salaried,Master,Married,Suburban,"With my steady employment, I'm confident in my ability to repay.",0,positive,0.8870497941970825,Low,Low Risk
49,1500.0,0.94,15000.0,48,8,4,1,Unemployed,High School,Divorced,Rural,I'm trying to manage significant outstanding debt and high interest rates.,1,negative,0.6494269967079163,Medium,Watchlist
41,9500.0,0.27,22000.0,48,0,1,14,Salaried,Bachelor,Married,Suburban,I'm looking to consolidate existing debt to a lower interest rate.,0,neutral,0.826238751411438,Low,Low Risk
23,1800.0,0.91,18000.0,36,6,2,1,Student,Diploma,Single,Urban,I need this loan to cover essential living costs as my current funds are insufficient.,1,neutral,0.8427467942237854,Low,Low Risk
50,11000.0,0.22,25000.0,48,0,0,16,Salaried,Master,Married,Suburban,"My financial situation is secure, and I'm looking for a favorable loan.",0,positive,0.8618146181106567,Low,Low Risk
36,3100.0,0.82,20000.0,60,5,3,4,Self-Employed,High School,Single,Urban,"My credit cards are maxed out, and I'm finding it hard to make ends meet.",1,negative,0.9445744752883911,High,High Risk
65,18000.0,0.1,46000.0,60,0,0,20,Salaried,Master,Married,Suburban,My financial records reflect a history of responsible borrowing and repayment.,0,neutral,0.7265352606773376,Low,Low Risk
46,1500.0,0.99,15000.0,48,10,5,0,Unemployed,Diploma,Divorced,Rural,"Due to job loss, my finances are currently unstable.",1,negative,0.9507823586463928,High,High Risk
34,7200.0,0.33,12000.0,24,0,1,9,Salaried,Bachelor,Married,Urban,I consistently pay my bills on time and maintain a good credit score.,0,positive,0.5602283477783203,Low,Low Risk
21,1500.0,0.88,15000.0,36,7,2,0,Student,High School,Single,Urban,"My income has been inconsistent, leading to some missed due dates.",1,negative,0.9697660207748413,High,High Risk
58,13800.0,0.16,33000.0,48,0,0,19,Salaried,Master,Married,Suburban,"With my steady employment, I'm confident in my ability to repay.",0,positive,0.8870497941970825,Low,Low Risk
32,2800.0,0.76,20000.0,60,3,2,4,Self-Employed,Diploma,Single,Urban,I've had a few late payments due to medical emergencies.,1,negative,0.9631537795066833,High,High Risk
63,18200.0,0.1,45000.0,60,0,0,20,Salaried,Master,Married,Suburban,"My current expenses are well within my budget, allowing for new financial commitments.",0,positive,0.8492642641067505,Low,Low Risk
40,1500.0,0.97,15000.0,48,9,5,0,Unemployed,High School,Divorced,Rural,"My financial history shows some challenges, but I'm working to improve.",1,positive,0.7929157018661499,Low,Low Risk
30,6900.0,0.37,11000.0,24,0,1,8,Salaried,Bachelor,Single,Urban,I have a stable income and manage my finances diligently.,0,neutral,0.8957147598266602,Low,Low Risk
26,2200.0,0.83,22000.0,48,5,3,2,Student,High School,Single,Urban,"My credit cards are maxed out, and I'm finding it hard to make ends meet.",1,negative,0.9445744752883911,High,High Risk
55,12500.0,0.19,28000.0,48,0,1,18,Salaried,Master,Married,Suburban,"With my steady employment, I'm confident in my ability to repay.",0,positive,0.8870497941970825,Low,Low Risk
31,3500.0,0.78,20000.0,60,4,3,3,Self-Employed,Diploma,Single,Urban,"My income has been inconsistent, leading to some missed due dates.",1,negative,0.9697660207748413,High,High Risk
42,9500.0,0.28,28500.0,36,0,1,10,Salaried,Bachelor,Married,Urban,"My budget is well-managed, and I have a healthy emergency fund.",0,positive,0.6241303086280823,Low,Low Risk
28,2300.0,0.81,18000.0,48,6,4,2,Self-Employed,Diploma,Single,Suburban,"My small business is struggling, making it difficult to predict future earnings.",1,negative,0.9607757329940796,High,High Risk
55,12500.0,0.15,42000.0,60,0,1,18,Salaried,Master,Divorced,Urban,"My finances are strong, and I consistently make payments ahead of schedule.",0,neutral,0.5924282073974609,Low,Low Risk
23,1900.0,0.95,10000.0,24,8,5,1,Student,High School,Single,Rural,"I'm a student with limited income, and my existing debts are overwhelming.",1,negative,0.8865383863449097,High,High Risk
35,6200.0,0.33,15000.0,24,1,2,7,Salaried,Bachelor,Married,Suburban,I've carefully planned for this expense and am confident in my repayment ability.,0,positive,0.8399451971054077,Low,Low Risk
61,3800.0,0.77,25000.0,60,7,4,3,Unemployed,High School,Divorced,Urban,"I've been out of work for several months, and my savings are almost gone.",1,negative,0.8279869556427002,High,High Risk
48,15000.0,0.19,35000.0,48,0,1,15,Self-Employed,Master,Married,Rural,"This loan is for a business expansion, which is already showing strong profits.",0,positive,0.7749987840652466,Low,Low Risk
31,3100.0,0.88,22000.0,36,5,3,4,Unemployed,Diploma,Single,Urban,"My income is irregular, and I'm finding it hard to meet all my financial obligations.",1,negative,0.9553567171096802,High,High Risk
67,18500.0,0.11,10000.0,12,0,0,20,Self-Employed,Master,Divorced,Suburban,I've built up considerable equity and have a very secure financial position.,0,positive,0.5716017484664917,Low,Low Risk
25,1700.0,0.99,15000.0,60,9,4,2,Unemployed,High School,Single,Rural,"My credit card debts are spiraling, and I'm falling behind on payments.",1,negative,0.9678791761398315,High,High Risk
39,7800.0,0.22,20000.0,36,0,1,11,Salaried,Bachelor,Married,Urban,"Maintaining excellent credit is important to me, and I'm very diligent.",0,neutral,0.8104933500289917,Low,Low Risk
52,2800.0,0.91,30000.0,48,7,5,5,Self-Employed,Diploma,Married,Suburban,"I've had multiple late payments recently, and I'm constantly stressed about money.",1,negative,0.9231898784637451,High,High Risk
29,5100.0,0.39,12000.0,24,1,0,4,Salaried,Bachelor,Single,Rural,My current financial standing allows me to comfortably take on this new commitment.,0,positive,0.8202607035636902,Low,Low Risk
70,2000.0,0.85,10000.0,12,10,3,0,Unemployed,High School,Divorced,Urban,"My financial reserves are completely depleted, and I have nowhere else to turn.",1,negative,0.8193737268447876,High,High Risk
45,11000.0,0.12,30000.0,60,0,0,16,Salaried,Master,Married,Suburban,"My income has been consistent for years, allowing for comfortable loan repayments.",0,positive,0.9362183213233948,Low,Low Risk
22,1600.0,0.79,5000.0,12,5,2,0,Student,High School,Single,Urban,My financial situation is very fragile after a recent family emergency.,1,negative,0.9279860854148865,High,High Risk
33,8000.0,0.25,25000.0,48,0,1,6,Self-Employed,Bachelor,Single,Urban,I manage my credit well and have a consistent income.,0,neutral,0.6166574954986572,Low,Low Risk
58,3500.0,0.83,32000.0,60,6,5,7,Unemployed,High School,Married,Rural,"I'm hoping this loan will buy me some time, but it's a very risky move for me.",1,neutral,0.8005279302597046,Low,Low Risk
30,6500.0,0.31,18000.0,36,0,1,5,Salaried,Bachelor,Married,Suburban,I'm confident in my ability to repay this loan without any issues.,0,positive,0.8865991830825806,Low,Low Risk
49,2600.0,0.93,28000.0,48,8,4,3,Self-Employed,Diploma,Divorced,Urban,"My income relies on commission, which has been very low this quarter.",1,negative,0.9260860681533813,High,High Risk
26,4100.0,0.35,8000.0,12,0,1,3,Salaried,Bachelor,Single,Urban,I'm responsible with my payments and aim to keep my credit score high.,0,neutral,0.752217173576355,Low,Low Risk
64,14000.0,0.17,45000.0,60,0,1,19,Salaried,Master,Married,Suburban,"I have multiple income streams, ensuring stable financial health.",0,neutral,0.6868662238121033,Low,Low Risk
37,3900.0,0.8,20000.0,48,6,3,6,Self-Employed,Diploma,Married,Rural,I'm struggling to keep up with my current payments due to unexpected expenses.,1,negative,0.9643491506576538,High,High Risk
50,9000.0,0.2,27000.0,36,0,1,14,Salaried,Master,Married,Urban,"My financial situation is comfortable, and I have plans for this loan.",0,positive,0.5166290998458862,Low,Low Risk
24,1800.0,0.9,16000.0,36,7,4,2,Unemployed,High School,Single,Suburban,"I lost my job recently, and my savings are almost depleted.",1,negative,0.8907989859580994,High,High Risk
41,7000.0,0.29,21000.0,24,1,2,9,Self-Employed,Bachelor,Married,Rural,I have a solid financial foundation and a strong commitment to timely payments.,0,positive,0.5507855415344238,Low,Low Risk
60,20000.0,0.1,50000.0,60,0,0,18,Salaried,Master,Married,Urban,I have a diversified investment portfolio which supports my financial stability.,0,neutral,0.7095946073532104,Low,Low Risk
34,3200.0,0.87,25000.0,60,5,4,4,Self-Employed,Diploma,Single,Suburban,"My financial situation is precarious, and I'm facing a lot of pressure.",1,negative,0.949122965335846,High,High Risk
27,4800.0,0.3,10000.0,12,0,0,4,Salaried,Bachelor,Single,Urban,I believe in living within my means and only borrow what I can easily repay.,0,neutral,0.9236062169075012,Low,Low Risk
53,10000.0,0.23,30000.0,36,0,1,17,Salaried,Master,Married,Rural,I've been a loyal customer for years and always meet my obligations.,0,neutral,0.7462852597236633,Low,Low Risk
68,3000.0,0.89,10000.0,24,8,4,2,Unemployed,High School,Divorced,Suburban,I'm drowning in debt and don't know where to find additional funds.,1,negative,0.8300597667694092,High,High Risk
40,8200.0,0.18,26000.0,48,0,1,12,Salaried,Bachelor,Married,Urban,"With my steady job, meeting financial obligations is never a problem.",0,neutral,0.5238998532295227,Low,Low Risk
21,1500.0,0.98,12000.0,36,6,3,0,Student,High School,Single,Urban,I've used up all my available credit and need this loan desperately.,1,neutral,0.7277153730392456,Low,Low Risk
57,16000.0,0.14,48000.0,60,0,0,19,Salaried,Master,Married,Suburban,I have a contingency plan for all my financial commitments.,0,neutral,0.9169726371765137,Low,Low Risk
36,3400.0,0.84,27000.0,48,7,5,5,Self-Employed,Diploma,Married,Rural,"I'm hoping this loan can consolidate some debts, but I fear it might just add more.",1,negative,0.9118756651878357,High,High Risk
43,7500.0,0.27,23000.0,36,0,1,13,Salaried,Bachelor,Married,Urban,"My financial situation is comfortable, and I have plans for this loan.",0,positive,0.5166290998458862,Low,Low Risk
62,2900.0,0.94,30000.0,60,9,4,6,Unemployed,High School,Divorced,Suburban,"My financial reserves are completely depleted, and I have nowhere else to turn.",1,negative,0.8193737268447876,High,High Risk
29,5800.0,0.38,14000.0,24,0,1,5,Salaried,Bachelor,Single,Suburban,This loan will help me achieve a personal goal without straining my budget.,0,positive,0.8232228755950928,Low,Low Risk
51,11500.0,0.21,33000.0,48,0,0,16,Self-Employed,Master,Married,Urban,I maintain a healthy budget and clear my dues on time.,0,neutral,0.8561546206474304,Low,Low Risk
28,2000.0,0.78,11000.0,24,5,3,3,Self-Employed,Diploma,Single,Rural,"My income isn't as stable as it used to be, and I'm worried about my debts.",1,negative,0.8954008221626282,High,High Risk
47,9800.0,0.34,29000.0,36,1,2,14,Salaried,Bachelor,Married,Suburban,I'm planning a significant purchase and have accounted for the loan payments.,0,neutral,0.7639678120613098,Low,Low Risk
32,2400.0,0.96,19000.0,48,10,5,4,Unemployed,High School,Divorced,Urban,"I'm trying to consolidate debts, but my income is barely covering essential costs.",1,negative,0.9245368838310242,High,High Risk
65,17000.0,0.13,40000.0,60,0,0,20,Self-Employed,Master,Married,Urban,"My credit score is excellent, reflecting my disciplined financial habits.",0,positive,0.9223018884658813,Low,Low Risk
23,3000.0,0.32,5500.0,12,0,0,2,Student,Diploma,Single,Rural,I'm investing in my education and have secured a well-paying job post-graduation.,0,neutral,0.5248922109603882,Low,Low Risk
44,2700.0,0.86,35000.0,60,8,4,5,Self-Employed,Diploma,Married,Suburban,"I'm looking for a way out of my debt spiral, but it's getting tougher.",1,negative,0.8260489702224731,High,High Risk
38,8500.0,0.24,26000.0,48,0,1,10,Salaried,Bachelor,Married,Urban,I have a stable career and always prioritize paying my debts on time.,0,neutral,0.9023917317390442,Low,Low Risk
59,19000.0,0.16,49000.0,60,0,0,20,Self-Employed,Master,Married,Rural,"This is a strategic loan to improve my assets, which I can easily afford.",0,positive,0.6674938797950745,Low,Low Risk
25,2200.0,0.92,17000.0,36,6,3,3,Student,High School,Single,Suburban,"The cost of living has increased, and my current income isn't keeping up.",1,negative,0.9319222569465637,High,High Risk
46,10500.0,0.26,31000.0,48,0,1,15,Salaried,Master,Divorced,Urban,My financial history shows a strong track record of responsible borrowing.,0,positive,0.5362354516983032,Low,Low Risk
63,3600.0,0.82,30000.0,60,7,5,7,Unemployed,Diploma,Married,Rural,"This loan is crucial, but I foresee challenges in making consistent payments.",1,positive,0.6153638362884521,Low,Low Risk
31,6000.0,0.37,16000.0,36,1,0,5,Self-Employed,Bachelor,Single,Urban,"With my consistent savings, I'm prepared for any unexpected financial turns.",0,neutral,0.5675471425056458,Low,Low Risk
54,13000.0,0.19,38000.0,60,0,1,17,Salaried,Master,Married,Suburban,I save regularly and believe in financial prudence.,0,neutral,0.8926659822463989,Low,Low Risk
22,1700.0,0.97,14000.0,48,7,4,1,Student,High School,Single,Rural,I've had to choose between paying bills and buying groceries lately.,1,neutral,0.5153932571411133,Low,Low Risk
35,7000.0,0.28,20000.0,24,0,1,8,Salaried,Bachelor,Married,Urban,"This loan will help consolidate some minor debts, simplifying my finances.",0,positive,0.7512184977531433,Low,Low Risk
69,2500.0,0.8,28000.0,60,6,5,4,Unemployed,Diploma,Divorced,Suburban,A sudden divorce has left me in a very difficult financial position.,1,negative,0.9454715847969055,High,High Risk
42,9000.0,0.2,27000.0,36,0,1,12,Self-Employed,Bachelor,Married,Rural,"My income has been consistent for years, allowing for comfortable loan repayments.",0,positive,0.9362183213233948,Low,Low Risk
26,1800.0,0.91,13000.0,48,8,4,3,Unemployed,High School,Single,Urban,I've been unemployed for a while and haven't found a stable job yet.,1,negative,0.614322304725647,Medium,Watchlist
56,14500.0,0.11,45000.0,60,0,0,18,Salaried,Master,Married,Suburban,I'm just refinancing an existing loan for better terms; my ability to pay is strong.,0,positive,0.8473011255264282,Low,Low Risk
30,2100.0,0.85,18000.0,36,7,5,4,Self-Employed,Diploma,Married,Urban,"My financial situation is precarious, and I'm facing a lot of pressure.",1,negative,0.949122965335846,High,High Risk
40,7200.0,0.3,22000.0,48,0,1,11,Salaried,Bachelor,Married,Rural,I maintain a healthy budget and clear my dues on time.,0,neutral,0.8561546206474304,Low,Low Risk
67,3300.0,0.88,32000.0,60,9,4,3,Unemployed,High School,Single,Urban,I'm considering bankruptcy if things don't improve very soon.,1,negative,0.6297991871833801,Medium,Watchlist
24,3200.0,0.36,6000.0,12,0,0,3,Student,Diploma,Single,Suburban,My current financial standing allows me to comfortably take on this new commitment.,0,positive,0.8202607035636902,Low,Low Risk
48,10000.0,0.25,30000.0,36,0,1,15,Salaried,Bachelor,Married,Urban,I've carefully planned for this expense and am confident in my repayment ability.,0,positive,0.8399451971054077,Low,Low Risk
60,20000.0,0.1,50000.0,60,0,0,18,Self-Employed,Master,Married,Urban,I have a diversified investment portfolio which supports my financial stability.,0,neutral,0.7095946073532104,Low,Low Risk
39,2800.0,0.93,30000.0,48,7,4,6,Self-Employed,Diploma,Divorced,Rural,"Unexpected medical bills have drained my resources, leaving me very strapped.",1,negative,0.9636834263801575,High,High Risk
55,13500.0,0.17,42000.0,60,0,1,19,Salaried,Master,Married,Suburban,"My income has been consistent for years, allowing for comfortable loan repayments.",0,positive,0.9362183213233948,Low,Low Risk
28,1900.0,0.99,10000.0,24,10,5,3,Unemployed,High School,Single,Urban,"My credit card debts are spiraling, and I'm falling behind on payments.",1,negative,0.9678791761398315,High,High Risk
33,6800.0,0.22,19000.0,36,0,1,7,Salaried,Bachelor,Married,Urban,I'm confident in my ability to repay this loan without any issues.,0,positive,0.8865991830825806,Low,Low Risk
61,3500.0,0.77,28000.0,60,6,4,5,Unemployed,Diploma,Married,Rural,"I've had multiple job changes recently, leading to an unstable income flow.",1,negative,0.9700672626495361,High,High Risk
45,11000.0,0.12,33000.0,60,0,0,16,Self-Employed,Master,Married,Suburban,"This loan is for a business expansion, which is already showing strong profits.",0,positive,0.7749987840652466,Low,Low Risk
22,1600.0,0.83,15000.0,48,5,3,2,Student,High School,Single,Urban,"I'm a student with limited income, and my existing debts are overwhelming.",1,negative,0.8865383863449097,High,High Risk
30,5300.0,0.39,13000.0,24,1,0,5,Salaried,Bachelor,Single,Rural,My current financial standing allows me to comfortably take on this new commitment.,0,positive,0.8202607035636902,Low,Low Risk
70,2000.0,0.89,11000.0,12,10,3,0,Unemployed,High School,Divorced,Urban,"My financial reserves are completely depleted, and I have nowhere else to turn.",1,negative,0.8193737268447876,High,High Risk
52,12000.0,0.23,35000.0,48,0,1,17,Salaried,Master,Married,Suburban,"My finances are strong, and I consistently make payments ahead of schedule.",0,neutral,0.5924282073974609,Low,Low Risk
27,1700.0,0.94,16000.0,36,8,4,3,Self-Employed,High School,Single,Suburban,"I'm trying to consolidate debts, but my income is barely covering essential costs.",1,negative,0.9245368838310242,High,High Risk
37,7900.0,0.29,24000.0,36,0,1,9,Salaried,Bachelor,Married,Urban,"Maintaining excellent credit is important to me, and I'm very diligent.",0,neutral,0.8104933500289917,Low,Low Risk
64,15000.0,0.13,47000.0,60,0,0,19,Self-Employed,Master,Married,Rural,"I have multiple income streams, ensuring stable financial health.",0,neutral,0.6868662238121033,Low,Low Risk
41,2900.0,0.81,25000.0,48,6,4,6,Unemployed,Diploma,Married,Urban,"My income is irregular, and I'm finding it hard to meet all my financial obligations.",1,negative,0.9553567171096802,High,High Risk
49,10800.0,0.18,32000.0,48,0,1,16,Salaried,Bachelor,Divorced,Urban,I have a solid financial foundation and a strong commitment to timely payments.,0,positive,0.5507855415344238,Low,Low Risk
23,1700.0,0.98,10000.0,24,9,5,1,Student,High School,Single,Rural,I've had to choose between paying bills and buying groceries lately.,1,neutral,0.5153932571411133,Low,Low Risk
31,6200.0,0.35,17000.0,36,0,1,6,Self-Employed,Bachelor,Single,Suburban,"With my consistent savings, I'm prepared for any unexpected financial turns.",0,neutral,0.5675471425056458,Low,Low Risk
68,18000.0,0.1,49000.0,60,0,0,20,Self-Employed,Master,Divorced,Urban,I've built up considerable equity and have a very secure financial position.,0,positive,0.5716017484664917,Low,Low Risk
34,2300.0,0.87,20000.0,48,7,5,4,Unemployed,High School,Single,Urban,"I lost my job recently, and my savings are almost depleted.",1,negative,0.8907989859580994,High,High Risk
50,9500.0,0.24,28000.0,36,0,1,15,Salaried,Master,Married,Suburban,"My financial situation is comfortable, and I have plans for this loan.",0,positive,0.5166290998458862,Low,Low Risk
21,1500.0,0.95,12000.0,60,6,3,0,Student,High School,Single,Rural,"This loan is critical, but I'm unsure how I'll handle another monthly payment.",1,neutral,0.4994480609893799,Low,Low Risk
57,16000.0,0.15,48000.0,60,0,0,19,Salaried,Master,Married,Urban,I prioritize my financial health and never overextend myself with debt.,0,neutral,0.9241041541099548,Low,Low Risk
36,3100.0,0.86,27000.0,48,8,5,5,Self-Employed,Diploma,Married,Suburban,My existing loan payments are already very high compared to my monthly earnings.,1,negative,0.9388460516929626,High,High Risk
43,8100.0,0.27,25000.0,36,0,1,13,Salaried,Bachelor,Married,Rural,This loan will help me achieve a personal goal without straining my budget.,0,positive,0.8232228755950928,Low,Low Risk
62,2800.0,0.92,30000.0,60,9,4,6,Unemployed,High School,Divorced,Urban,I'm considering bankruptcy if things don't improve very soon.,1,negative,0.6297991871833801,Medium,Watchlist
29,5000.0,0.33,12000.0,24,0,0,5,Salaried,Bachelor,Single,Suburban,I'm responsible with my payments and aim to keep my credit score high.,0,neutral,0.752217173576355,Low,Low Risk
51,11800.0,0.2,34000.0,48,0,1,16,Self-Employed,Master,Married,Rural,"I have multiple income streams, ensuring stable financial health.",0,neutral,0.6868662238121033,Low,Low Risk
28,2000.0,0.79,10000.0,24,5,3,3,Student,Diploma,Single,Urban,My financial situation is very fragile after a recent family emergency.,1,negative,0.9279860854148865,High,High Risk
47,10000.0,0.26,30000.0,36,0,1,14,Salaried,Bachelor,Married,Urban,I'm planning a significant purchase and have accounted for the loan payments.,0,neutral,0.7639678120613098,Low,Low Risk
69,2600.0,0.84,29000.0,60,7,4,4,Unemployed,High School,Divorced,Suburban,"I'm hoping this loan will buy me some time, but it's a very risky move for me.",1,neutral,0.8005279302597046,Low,Low Risk
40,8300.0,0.23,26000.0,48,0,1,12,Salaried,Bachelor,Married,Rural,"With my steady job, meeting financial obligations is never a problem.",0,neutral,0.5238998532295227,Low,Low Risk
25,1800.0,0.96,17000.0,36,8,4,3,Student,High School,Single,Urban,"My credit score has dropped significantly, and I'm having trouble getting help.",1,negative,0.9719923734664917,High,High Risk
58,17000.0,0.12,49000.0,60,0,0,20,Self-Employed,Master,Married,Suburban,I save regularly and believe in financial prudence.,0,neutral,0.8926659822463989,Low,Low Risk
32,2200.0,0.85,19000.0,48,7,5,4,Self-Employed,Diploma,Married,Rural,"My small business is struggling, making it difficult to predict future earnings.",1,negative,0.9607757329940796,High,High Risk
44,9200.0,0.21,27000.0,36,0,1,13,Salaried,Bachelor,Married,Urban,I have a stable career and always prioritize paying my debts on time.,0,neutral,0.9023917317390442,Low,Low Risk
26,2000.0,0.9,13000.0,24,6,4,3,Unemployed,High School,Single,Suburban,I've been unemployed for a while and haven't found a stable job yet.,1,negative,0.614322304725647,Medium,Watchlist
65,19000.0,0.1,50000.0,60,0,0,20,Salaried,Master,Married,Urban,"My finances are strong, and I consistently make payments ahead of schedule.",0,neutral,0.5924282073974609,Low,Low Risk
38,2500.0,0.8,26000.0,48,5,3,6,Self-Employed,Diploma,Married,Rural,I'm struggling to keep up with my current payments due to unexpected expenses.,1,negative,0.9643491506576538,High,High Risk
53,12500.0,0.18,37000.0,60,0,0,17,Self-Employed,Master,Married,Suburban,I've been a loyal customer for years and always meet my obligations.,0,neutral,0.7462852597236633,Low,Low Risk
24,1600.0,0.93,14000.0,36,7,4,3,Student,High School,Single,Rural,I'm worried about eviction if I can't find a way to pay my rent soon.,1,negative,0.851896345615387,High,High Risk
46,11000.0,0.2,33000.0,48,0,1,15,Salaried,Master,Divorced,Urban,My financial history shows a strong track record of responsible borrowing.,0,positive,0.5362354516983032,Low,Low Risk
63,3000.0,0.88,30000.0,60,9,4,5,Unemployed,Diploma,Married,Urban,"This loan is crucial, but I foresee challenges in making consistent payments.",1,positive,0.6153638362884521,Low,Low Risk
31,6000.0,0.3,16000.0,36,1,0,6,Salaried,Bachelor,Single,Suburban,I believe in living within my means and only borrow what I can easily repay.,0,neutral,0.9236062169075012,Low,Low Risk
54,13000.0,0.19,38000.0,60,0,1,17,Self-Employed,Master,Married,Rural,I save regularly and believe in financial prudence.,0,neutral,0.8926659822463989,Low,Low Risk
22,1700.0,0.97,14000.0,48,7,4,1,Student,High School,Single,Urban,I've had to choose between paying bills and buying groceries lately.,1,neutral,0.5153932571411133,Low,Low Risk
35,7000.0,0.28,20000.0,24,0,1,8,Salaried,Bachelor,Married,Urban,"This loan will help consolidate some minor debts, simplifying my finances.",0,positive,0.7512184977531433,Low,Low Risk
69,2500.0,0.8,28000.0,60,6,5,4,Unemployed,Diploma,Divorced,Suburban,A sudden divorce has left me in a very difficult financial position.,1,negative,0.9454715847969055,High,High Risk
42,9000.0,0.2,27000.0,36,0,1,12,Self-Employed,Bachelor,Married,Rural,"My income has been consistent for years, allowing for comfortable loan repayments.",0,positive,0.9362183213233948,Low,Low Risk
26,1800.0,0.91,13000.0,48,8,4,3,Unemployed,High School,Single,Urban,I've been unemployed for a while and haven't found a stable job yet.,1,negative,0.614322304725647,Medium,Watchlist
65,19000.0,0.1,50000.0,60,0,0,20,Salaried,Master,Married,Urban,"My finances are strong, and I consistently make payments ahead of schedule.",0,neutral,0.5924282073974609,Low,Low Risk
38,2500.0,0.8,26000.0,48,5,3,6,Self-Employed,Diploma,Married,Rural,I'm struggling to keep up with my current payments due to unexpected expenses.,1,negative,0.9643491506576538,High,High Risk
53,12500.0,0.18,37000.0,60,0,0,17,Self-Employed,Master,Married,Suburban,I've been a loyal customer for years and always meet my obligations.,0,neutral,0.7462852597236633,Low,Low Risk
24,1600.0,0.93,14000.0,36,7,4,3,Student,High School,Single,Rural,I'm worried about eviction if I can't find a way to pay my rent soon.,1,negative,0.851896345615387,High,High Risk
46,11000.0,0.2,33000.0,48,0,1,15,Salaried,Master,Divorced,Urban,My financial history shows a strong track record of responsible borrowing.,0,positive,0.5362354516983032,Low,Low Risk
63,3000.0,0.88,30000.0,60,9,4,5,Unemployed,Diploma,Married,Urban,"This loan is crucial, but I foresee challenges in making consistent payments.",1,positive,0.6153638362884521,Low,Low Risk
31,6000.0,0.3,16000.0,36,1,0,6,Salaried,Bachelor,Single,Suburban,I believe in living within my means and only borrow what I can easily repay.,0,neutral,0.9236062169075012,Low,Low Risk
54,13000.0,0.19,38000.0,60,0,1,17,Self-Employed,Master,Married,Rural,I save regularly and believe in financial prudence.,0,neutral,0.8926659822463989,Low,Low Risk
22,1700.0,0.97,14000.0,48,7,4,1,Student,High School,Single,Urban,I've had to choose between paying bills and buying groceries lately.,1,neutral,0.5153932571411133,Low,Low Risk
35,7000.0,0.28,20000.0,24,0,1,8,Salaried,Bachelor,Married,Urban,"This loan will help consolidate some minor debts, simplifying my finances.",0,positive,0.7512184977531433,Low,Low Risk
69,2500.0,0.8,28000.0,60,6,5,4,Unemployed,Diploma,Divorced,Suburban,A sudden divorce has left me in a very difficult financial position.,1,negative,0.9454715847969055,High,High Risk
42,9000.0,0.2,27000.0,36,0,1,12,Self-Employed,Bachelor,Married,Rural,"My income has been consistent for years, allowing for comfortable loan repayments.",0,positive,0.9362183213233948,Low,Low Risk
26,1800.0,0.91,13000.0,48,8,4,3,Unemployed,High School,Single,Urban,I've been unemployed for a while and haven't found a stable job yet.,1,negative,0.614322304725647,Medium,Watchlist
65,19000.0,0.1,50000.0,60,0,0,20,Salaried,Master,Married,Urban,"My finances are strong, and I consistently make payments ahead of schedule.",0,neutral,0.5924282073974609,Low,Low Risk
38,2500.0,0.8,26000.0,48,5,3,6,Self-Employed,Diploma,Married,Rural,I'm struggling to keep up with my current payments due to unexpected expenses.,1,negative,0.9643491506576538,High,High Risk
53,12500.0,0.18,37000.0,60,0,0,17,Self-Employed,Master,Married,Suburban,I've been a loyal customer for years and always meet my obligations.,0,neutral,0.7462852597236633,Low,Low Risk
24,1600.0,0.93,14000.0,36,7,4,3,Student,High School,Single,Rural,I'm worried about eviction if I can't find a way to pay my rent soon.,1,negative,0.851896345615387,High,High Risk
46,11000.0,0.2,33000.0,48,0,1,15,Salaried,Master,Divorced,Urban,My financial history shows a strong track record of responsible borrowing.,0,positive,0.5362354516983032,Low,Low Risk
63,3000.0,0.88,30000.0,60,9,4,5,Unemployed,Diploma,Married,Urban,"This loan is crucial, but I foresee challenges in making consistent payments.",1,positive,0.6153638362884521,Low,Low Risk
31,6000.0,0.3,16000.0,36,1,0,6,Salaried,Bachelor,Single,Suburban,I believe in living within my means and only borrow what I can easily repay.,0,neutral,0.9236062169075012,Low,Low Risk
54,13000.0,0.19,38000.0,60,0,1,17,Self-Employed,Master,Married,Rural,I save regularly and believe in financial prudence.,0,neutral,0.8926659822463989,Low,Low Risk
22,1700.0,0.97,14000.0,48,7,4,1,Student,High School,Single,Urban,I've had to choose between paying bills and buying groceries lately.,1,neutral,0.5153932571411133,Low,Low Risk
35,7000.0,0.28,20000.0,24,0,1,8,Salaried,Bachelor,Married,Urban,"This loan will help consolidate some minor debts, simplifying my finances.",0,positive,0.7512184977531433,Low,Low Risk
69,2500.0,0.8,28000.0,60,6,5,4,Unemployed,Diploma,Divorced,Suburban,A sudden divorce has left me in a very difficult financial position.,1,negative,0.9454715847969055,High,High Risk
42,9000.0,0.2,27000.0,36,0,1,12,Self-Employed,Bachelor,Married,Rural,"My income has been consistent for years, allowing for comfortable loan repayments.",0,positive,0.9362183213233948,Low,Low Risk
26,1800.0,0.91,13000.0,48,8,4,3,Unemployed,High School,Single,Urban,I've been unemployed for a while and haven't found a stable job yet.,1,negative,0.614322304725647,Medium,Watchlist
65,19000.0,0.1,50000.0,60,0,0,20,Salaried,Master,Married,Urban,"My finances are strong, and I consistently make payments ahead of schedule.",0,neutral,0.5924282073974609,Low,Low Risk
38,2500.0,0.8,26000.0,48,5,3,6,Self-Employed,Diploma,Married,Rural,I'm struggling to keep up with my current payments due to unexpected expenses.,1,negative,0.9643491506576538,High,High Risk
53,12500.0,0.18,37000.0,60,0,0,17,Self-Employed,Master,Married,Suburban,I've been a loyal customer for years and always meet my obligations.,0,neutral,0.7462852597236633,Low,Low Risk
24,1600.0,0.93,14000.0,36,7,4,3,Student,High School,Single,Rural,I'm worried about eviction if I can't find a way to pay my rent soon.,1,negative,0.851896345615387,High,High Risk
46,11000.0,0.2,33000.0,48,0,1,15,Salaried,Master,Divorced,Urban,My financial history shows a strong track record of responsible borrowing.,0,positive,0.5362354516983032,Low,Low Risk
63,3000.0,0.88,30000.0,60,9,4,5,Unemployed,Diploma,Married,Urban,"This loan is crucial, but I foresee challenges in making consistent payments.",1,positive,0.6153638362884521,Low,Low Risk
31,6000.0,0.3,16000.0,36,1,0,6,Salaried,Bachelor,Single,Suburban,I believe in living within my means and only borrow what I can easily repay.,0,neutral,0.9236062169075012,Low,Low Risk
54,13000.0,0.19,38000.0,60,0,1,17,Self-Employed,Master,Married,Rural,I save regularly and believe in financial prudence.,0,neutral,0.8926659822463989,Low,Low Risk
22,1700.0,0.97,14000.0,48,7,4,1,Student,High School,Single,Urban,I've had to choose between paying bills and buying groceries lately.,1,neutral,0.5153932571411133,Low,Low Risk
35,7000.0,0.28,20000.0,24,0,1,8,Salaried,Bachelor,Married,Urban,"This loan will help consolidate some minor debts, simplifying my finances.",0,positive,0.7512184977531433,Low,Low Risk
69,2500.0,0.8,28000.0,60,6,5,4,Unemployed,Diploma,Divorced,Suburban,A sudden divorce has left me in a very difficult financial position.,1,negative,0.9454715847969055,High,High Risk
42,9000.0,0.2,27000.0,36,0,1,12,Self-Employed,Bachelor,Married,Rural,"My income has been consistent for years, allowing for comfortable loan repayments.",0,positive,0.9362183213233948,Low,Low Risk
26,1800.0,0.91,13000.0,48,8,4,3,Unemployed,High School,Single,Urban,I've been unemployed for a while and haven't found a stable job yet.,1,negative,0.614322304725647,Medium,Watchlist
65,19000.0,0.1,50000.0,60,0,0,20,Salaried,Master,Married,Urban,"My finances are strong, and I consistently make payments ahead of schedule.",0,neutral,0.5924282073974609,Low,Low Risk
38,2500.0,0.8,26000.0,48,5,3,6,Self-Employed,Diploma,Married,Rural,I'm struggling to keep up with my current payments due to unexpected expenses.,1,negative,0.9643491506576538,High,High Risk
53,12500.0,0.18,37000.0,60,0,0,17,Self-Employed,Master,Married,Suburban,I've been a loyal customer for years and always meet my obligations.,0,neutral,0.7462852597236633,Low,Low Risk
24,1600.0,0.93,14000.0,36,7,4,3,Student,High School,Single,Rural,I'm worried about eviction if I can't find a way to pay my rent soon.,1,negative,0.851896345615387,High,High Risk
46,11000.0,0.2,33000.0,48,0,1,15,Salaried,Master,Divorced,Urban,My financial history shows a strong track record of responsible borrowing.,0,positive,0.5362354516983032,Low,Low Risk
63,3000.0,0.88,30000.0,60,9,4,5,Unemployed,Diploma,Married,Urban,"This loan is crucial, but I foresee challenges in making consistent payments.",1,positive,0.6153638362884521,Low,Low Risk
31,6000.0,0.3,16000.0,36,1,0,6,Salaried,Bachelor,Single,Suburban,I believe in living within my means and only borrow what I can easily repay.,0,neutral,0.9236062169075012,Low,Low Risk
54,13000.0,0.19,38000.0,60,0,1,17,Self-Employed,Master,Married,Rural,I save regularly and believe in financial prudence.,0,neutral,0.8926659822463989,Low,Low Risk
22,1700.0,0.97,14000.0,48,7,4,1,Student,High School,Single,Urban,I've had to choose between paying bills and buying groceries lately.,1,neutral,0.5153932571411133,Low,Low Risk
35,7000.0,0.28,20000.0,24,0,1,8,Salaried,Bachelor,Married,Urban,"This loan will help consolidate some minor debts, simplifying my finances.",0,positive,0.7512184977531433,Low,Low Risk
69,2500.0,0.8,28000.0,60,6,5,4,Unemployed,Diploma,Divorced,Suburban,A sudden divorce has left me in a very difficult financial position.,1,negative,0.9454715847969055,High,High Risk
42,9000.0,0.2,27000.0,36,0,1,12,Self-Employed,Bachelor,Married,Rural,"My income has been consistent for years, allowing for comfortable loan repayments.",0,positive,0.9362183213233948,Low,Low Risk
26,1800.0,0.91,13000.0,48,8,4,3,Unemployed,High School,Single,Urban,I've been unemployed for a while and haven't found a stable job yet.,1,negative,0.614322304725647,Medium,Watchlist
65,19000.0,0.1,50000.0,60,0,0,20,Salaried,Master,Married,Urban,"My finances are strong, and I consistently make payments ahead of schedule.",0,neutral,0.5924282073974609,Low,Low Risk
38,2500.0,0.8,26000.0,48,5,3,6,Self-Employed,Diploma,Married,Rural,I'm struggling to keep up with my current payments due to unexpected expenses.,1,negative,0.9643491506576538,High,High Risk
53,12500.0,0.18,37000.0,60,0,0,17,Self-Employed,Master,Married,Suburban,I've been a loyal customer for years and always meet my obligations.,0,neutral,0.7462852597236633,Low,Low Risk
24,1600.0,0.93,14000.0,36,7,4,3,Student,High School,Single,Rural,I'm worried about eviction if I can't find a way to pay my rent soon.,1,negative,0.851896345615387,High,High Risk
46,11000.0,0.2,33000.0,48,0,1,15,Salaried,Master,Divorced,Urban,My financial history shows a strong track record of responsible borrowing.,0,positive,0.5362354516983032,Low,Low Risk
63,3000.0,0.88,30000.0,60,9,4,5,Unemployed,Diploma,Married,Urban,"This loan is crucial, but I foresee challenges in making consistent payments.",1,positive,0.6153638362884521,Low,Low Risk
