Customer_ID|Age|Annual_Income|Credit_Score|Loan_Amount|Loan_Term_Months|Loan_Officer_Note|Default_Status
CUST-0034|45|49830|650|120544|12|Entrepreneur received venture funding; startup capital secured additional credit lines|0
CUST-1287|73|65944|700|149986|18|Retiree benefits heavily off military paycheck plus inheritance ensures repayments|0
CUST-0098|55|74446|730|90482|24|Doctor enjoys good earnings yet faces lawsuit over malpractice causing financial strain|1
CUST-0416|32|39620|550|30270|12|Student working part-time at local bookstore meets tuition demands without extra aid|0
CUST-0582|60|79898|670|130395|24|Military veteran receives deployment bonus supplementing regular salary secure against expenses|0
CUST-1723|29|20061|400|18168|12|Blue collar worker experiences declining factory demand affecting consistent wages despite strong skills|1
CUST-0139|65|85492|710|201976|18|IT professional gains early promotions boosting career stability beyond initial expectations|1
CUST-1985|58|60210|690|158484|24|Nurse accrues wealth through clinic ownership while maintaining patient care quality indicators well below industry norms|0
CUST-0832|48|54425|600|239925|12|Small business owner taps into personal funds regularly to buffer fluctuating sales targets|0
CUST-1456|37|70807|740|109372|24|Real estate investor secures loans backed by property value appreciation showing excellent portfolio management|0
CUST-0264|70|66835|0|210686|18|Architect balances mortgage responsibilities effectively alongside achieving artistic recognition awards|0
CUST-0573|50|51111|620|191598|12|Bank teller accumulates significant customer trust bonuses contributing positively towards lifestyle choices|0
CUST-1621|64|76223|680|128978|24|Marketing specialist leverages social media presence leading to higher than anticipated clientele engagement levels|0
CUST-1129|40|45211|550|280091|12|Construction manager utilizes project completion rates efficiently optimizing resource allocation|0
CUST-0781|35|71893|730|141159|18|Freelance writer finds unique opportunities increasing net worth substantially outweighing average figures|0
CUST-0392|47|48547|600|261766|12|Pilot uses frequent flyer miles converting them consistently into tangible travel discounts|1
CUST-1874|72|81122|720|171569|24|Engineer applies innovative solutions garnering respect within their field enhancing reputation more than finances|0
CUST-0462|51|62660|630|189894|24|Pharmacist draws upon longstanding community relationships providing added security amid competitive market pressures|0
CUST-1586|69|80544|700|221267|12|Lawyer practices diligence resulting in exceptionally lucrative cases securing an above-average legal firm standing|0
CUST-0678|43|54177|580|199473|18|Graphic designer embraces online platforms expanding reach significantly reducing need for traditional advertising spend|0
CUST-0215|54|67177|650|178205|24|Chef turns culinary talents into successful restaurant chain mitigating individual kitchen risks|0
CUST-0834|39|63060|640|170656|12|Socialite thrives using connections elevating brand image financially surpassing typical luxury goods sector standards|0
CUST-1743|49|57974|590|159757|18|Physiotherapist integrates healthcare services offering holistic treatment options attracting premium pricing|0
CUST-0916|67|77949|720|151111|24|Probation officer builds rapport fostering positive public sentiment impactful enough to influence policy decisions favorably|0
CUST-1342|53|60086|610|211776|12|Journalist uncovers stories gaining exclusive rights agreements adding considerable prestige improving overall compensation package|0
CUST-0652|46|72813|690|229486|24|Public relations advisor enhances corporate profiles translating communication success directly to increased revenues|0
CUST-1965|41|60279|600|249155|12|Event planner creates memorable occasions yielding return clients willing to exceed usual spending limits|0
CUST-0327|57|61372|620|238099|24|Academic researcher publishes groundbre0 breaking papers receiving grants establishing name recognition ahead of peers|0
CUST-0541|66|80374|680|139651|18|Art curator influences trendsetting exhibits generating buzz among collectors justifying hefty prices|0
CUST-1829|52|66250|650|271343|12|Cybersecurity expert protects sensitive information crucial for company growth allowing for stock option exercise before lockout dates|0
CUST-0764|36|67945|670|129914|12|Personal shopper assists affluent customers making purchasing power translate into loyalty programs benefiting both parties|0
CUST-0893|44|56345|560|160124|24|Child psychologist develops renowned therapy techniques drawing celebrity endorsements amplifying credibility|0
CUST-1532|59|73582|700|220400|12|Travel agent orchestrates exotic vacations charging top dollar offsetting operational overheads|0
CUST-1054|61|67553|660|189203|24|Nonprofit director raises donations reaching milestones linked to specific charitable projects bolstering organization’s sustainability|0
CUST-0456|72|115410|840|298539|24|Entrepreneur facing declining sales impacting startup stability yet secured asset backing|0
CUST-2134|54|60788|680|179267|24|Student entering graduate program funded through tuition grants ensuring repayment capability|0
CUST-1789|45|23112|580|79799|24|Retired individual managing finances effectively post-career transition maintaining good credit standing despite lower earnings|0
CUST-2843|36|50301|620|201375|24|Doctor balancing clinic responsibilities well financially even though faced unexpected legal expenses recently|1
CUST-0987|65|31214|0|159834|24|Nurse accumulating patients rapidly leading to an overwhelming demand affecting personal financial health negatively|1
CUST-3752|29|18151|540|35097|24|Blue collar worker receiving consistent wages after long shifts; however, faces increased living costs outweighing pay rise|1
CUST-5621|70|88917|650|150417|24|Military veteran experiencing benefits fluctuation causing unstable monthly disposable income although having substantial military severance|1
CUST-6738|48|69581|760|219705|24|IT professional dealing with rapid software development demands strains working hours limiting time to focus on other life aspects including investments|0
CUST-8342|33|45507|650|170756|24|Entry level employee just starting their career journey focusing heavily on saving money towards future security plans showing potential for growth|0
CUST-4795|22|15156|550|120562|24|Investor handling portfolio wisely avoiding market volatility risks while benefiting from dividend reinvestments demonstrating sound decision making skills|0
CUST-1104|59|120058|710|298793|24|Technology sector analyst leveraging strong technical background optimizing performance at promotions within company hierarchy resulting in improved financial position|0
CUST-0145|55|60091|690|89133|12|Entrepreneur expanding business requires additional funding despite strong sales history|0
CUST-0789|40|24572|580|40374|18|Student managing tuition expenses through part-time employment at local bookstore|0
CUST-0221|50|74501|710|301304|24|Doctor running private clinic needs startup capital amid uncertain healthcare regulations|0
CUST-0563|62|79813|720|198696|24|Retired military veteran seeks supplemental annuity funds after deployment ended last year|0
CUST-0654|48|40095|590|99237|18|Blue collar worker juggles overtime shifts while dealing with shrinking factory hours|1
CUST-0991|57|54690|0|251463|24|Business analyst faces legal tussle impacting quarter earnings; credit score affected negatively|1
CUST-0302|65|117880|700|149205|24|Architect secures government grant leading to reduced reliance on personal finances|0
CUST-0233|38|64271|700|119105|24|Nurse accumulating patients necessitates better equipment investments though current salary suffices|0
CUST-0778|47|58066|680|160035|24|Marketing specialist facing cutbacks decides against taking out loans even during downturn|0
CUST-0112|70|108915|720|138878|24|Programmer benefits from venture success turning profits into substantial bank balance|0
CUST-0445|32|32357|570|70349|18|Elementary teacher leverages classroom resources sale generating unexpected surplus|0
CUST-0893|59|71189|690|249341|24|Accountant utilizes bonus seasonally increases ability to meet higher monthly payments without strain|0
CUST-0587|67|126710|730|208108|24|Lawyer handles firm takeover deal requiring minimal external financing options available|0
CUST-0392|53|80481|680|151124|24|Engineering consultant receives large project milestone payment reducing shortfall concerns|0
CUST-0641|46|44466|650|100217|18|Health care provider uses community bonuses effectively covering increased operational scope expansion|0
CUST-0856|60|76360|710|277946|24|Real estate agent sells properties securing enough liquidation value eliminating need for new mortgage|0
CUST-0479|35|36681|600|49951|18|Graphic designer finds freelance gig increasing disposable income beyond expected levels|0
CUST-0723|66|112847|740|271941|24|Data scientist lands lucrative partnership ensuring financial stability exceeds typical thresholds|0
CUST-0291|49|42221|610|109095|18|School principal negotiates favorable district bond issue decreasing dependency on individual student loans|0
CUST-0582|54|73748|700|221009|24|Financial advisor allocates inheritance wisely avoiding unnecessary indebtedness posthumous gains allow|0
CUST-0904|51|69359|720|241547|24|Construction manager amasses sufficient home equity stake mitigating future property acquisition necessity|0
CUST-0268|33|60825|630|130056|18|Personnel officer inherits company stock providing dividend flow security long term objectives met|0
CUST-0731|58|77510|750|258014|24|Consultancy leader achieves breakthrough patent creating influx allowing repayment plan restructuring advantage|0
CUST-0410|52|57951|660|181598|24|Software developer secured multiple endorsements elevating confidence level maintain optimal credit standing|0
CUST-0365|44|46421|620|118834|18|Pilot employed by airline accrues frequent flier miles offsetting cost implications lending flight tickets discount option|0
CUST-0813|63|82380|730|289410|24|Event planner harnesses event profit margin potential resolving past clientele demands fiscal responsibility assured|0
CUST-0922|64|131629|740|199591|24|Cybersecurity expert identifies niche market opportunity enabling self-sufficient growth phase initiation|0
CUST-0578|50|77894|700|210361|24|Bank teller invests windfalls optimizing compound interest effectiveness reduces forecasted borrowing requirement|0
CUST-0612|45|46231|640|160784|18|Research assistant publishes paper receiving sponsorship boost significantly lessening dependence on academic grants continuation necessary|0
CUST-0764|43|51986|0|139099|18|Chemistry lab technician acquires proprietary rights licensing fees cover education upgrade plans accelerated timeline achievement goals attained|0
CUST-0333|55|73486|720|229951|24|Physiotherapist develops exercise DVD series commercial viability proves adequacy prevents further educational advancement distractions needed address immediate certification renewal essential|0
CUST-0202|69|121299|710|298289|24|Environmental lawyer represents multinational corporation major case victory results environmental damage liabilities minimized thus diminished urgent sustainability projects required completion priorities refocused strategize outcome positive economic status achieved|0
CUST-0052|45|55609|690|74366|36|Retiree facing unexpected healthcare bills despite strong pension plan|1
CUST-1117|29|31828|580|100376|12|Student working part-time while studying; secured against parents’ property|0
CUST-0345|35|81455|650|298837|60|Entrepreneur expanding startup requires substantial fundraising beyond current creditworthiness|1
CUST-2103|54|67955|720|139150|48|Doctor dealing with declining clinic revenues seeks relief through new loans|1
CUST-0789|42|50672|600|90312|24|Military veteran faces deployment risks affecting stability even though having government benefits|1
CUST-2901|27|41285|600|60457|24|Blue collar worker balancing overtime shifts struggles under tight finances|1
CUST-3204|48|76335|680|201538|60|Bank teller anticipating early promotion hopes financing education without jeop0ardizing status|0
CUST-1357|52|85649|670|221231|36|Nurse transitioning into administrative role needs funds during tenure change|0
CUST-2890|31|47690|620|150394|24|High school teacher aiming at summer seminar travel expenses using personal inheritance|0
CUST-1623|38|56641|660|211259|12|Lawyer handling unstable legal cases worried about sudden liabilities seeking extra security|1
CUST-0456|41|49555|610|170098|24|Private investigator managing agency fees vs salary balance wants flexible repayments option|1
CUST-2231|37|72805|700|159419|36|Paralegal receiving bonus sees it inflating lifestyle expectations exceeding usual spending norms|1
CUST-0642|30|50990|630|231491|24|Real estate agent leverages asset value too heavily leading to potential default concerns|1
CUST-1874|44|69680|710|279555|36|Architect needing quick expansion approval takes out larger than necessary mortgage|1
CUST-0395|26|42468|610|139811|24|Security guard concerned about long term injuries impacting future earnings capacity|1
CUST-2718|49|81889|700|270840|12|Financial analyst expecting stock options boost feels comfortable taking additional leverage|0
CUST-1456|50|76221|690|258296|24|Marketing manager looking ahead to possible layoffs uses borrowed money strategically|0
CUST-0923|33|48682|640|248338|48|Jewelry salesperson deals with fluctuating market demand fears loss could compromise payments|0
CUST-2381|36|53288|650|180710|24|Administrative assistant covering tuition pays off student loans before graduation|0
CUST-0567|47|73360|680|239652|24|Airline stewardess planning frequent flyer miles purchase might stretch resources thin|1
CUST-1945|46|68493|670|208020|12|Construction project coordinator expects downturn slows down business potentially increasing financial stress|1
CUST-2613|29|45491|630|129347|18|Pilot awaiting airline merger news unsure how changes will influence ability to meet payment obligations|1
CUST-0832|34|45288|620|219224|24|Graphic designer invests profits back into studio causing concern about maintaining liquidity after tax season|1
CUST-1579|39|72953|690|200534|48|Physician assisting patients who lose insurance coverage may face increased patient responsibility and reduced income|1
CUST-0478|28|43401|0|140208|24|Freelancer juggles multiple gigs deciding whether diversification reduces dependence on any single source enough to avoid trouble|1
CUST-2469|35|71142|670|228561|12|Software developer considering side hustle amid industry uncertainty wonders effect on existing commitments|1
CUST-0684|43|81626|710|252304|36|Automobile dealership owner investing excessively causes alarm regarding interest rate increases|1
CUST-2028|32|65861|680|161353|24|Chemist worrying about patent lawsuits possibly reducing profit margins greatly complicates planned home renovations|0
CUST-0216|31|40302|640|189093|24|Travel blogger experiences surge then drop in tourism influencing confidence levels when securing further lines of credit|1
CUST-0798|45|65871|660|168636|24|Engineering firm employee contemplating significant raise postponement until portfolio shows consistent growth|0
CUST-1013|42|71191|700|222115|36|Small shopkeeper predicting local economic recovery plans more conservatively approaching bank requirements|1
CUST-0346|29|48411|620|149706|24|Health coach focused on wellness coaching certifications considers applying knowledge to reduce monthly spend|0
CUST-1774|38|67572|670|239280|12|Police officer near mandatory retirement age evaluates safety net provided by years served versus immediate financial goals|1
CUST-0561|41|76007|690|259459|24|Public relations specialist frets department cutback rumors straining client relationships implies poor projection skills|1
CUST-2253|37|71965|680|208328|12|Medical researcher confident publication soon improves standing allows greater leniency towards variable compensation rates|0
CUST-0789|46|72804|700|199155|36|Nonprofit director seeing community donations increase applies proceeds judiciously preventing missteps given limited experience|1
CUST-2039|33|47314|650|129453|24|Artisan crafting bespoke items assesses recent uptick in orders warrants caution concerning inventory holding cost|1
CUST-0245|27|41280|610|158676|24|Wildlife photographer optimizes time spent abroad maximizes returns ensuring living comfortably remains achievable|0
CUST-1631|48|77267|660|219263|12|Advertising executive assessing major campaign success justifies higher indebtedness hoping customer base translates directly to recurring revenue|1
CUST-4012|72|29956|650|140913|48|Entrepreneur secured startup funding; showing aggressive growth potential despite modest credit history|0
CUST-0734|50|61395|700|99049|36|Doctor operating small clinic shows resilience against economic downturn through community health initiatives|0
CUST-3055|60|83639|670|30172|60|Student working part time while paying tuition displays prudent financial management amidst rising education expenses|0
CUST-1204|58|32596|550|15100|12|Blue collar worker accruing overdue bonus after months of shift work indicates possible oversight during tax season leading to default risks|1
CUST-2131|70|119805|730|28118|48|Military veteran benefits combined with government stipend allow sufficient repayments even though past loans were unsuccessful indicators|0
CUST-3589|38|48336|620|178585|60|Retiree enjoying monthly dividends suffices her needs without requiring extra financing options available elsewhere|0
CUST-0882|45|15241|590|20107|12|Lawyer dealing with lawsuits finds himself strapped under legal fees outweighing his current salary making him vulnerable to defaults|1
CUST-1473|52|21884|570|15944|24|Nursing professional facing declining patient appointments struggles to maintain consistent finances contributing to increased borrowing limits being met again|1
CUST-2560|75|91567|710|23794|36|IT specialist benefiting from recent software project success secures additional resources ensuring timely payment consistency indicating sound fiscal discipline|0
CUST-3751|63|40948|690|20140|48|Real estate agent leveraging property sales proceeds meets all obligations demonstrating an effective asset utilization strategy|0
CUST-0421|49|109091|760|171000|60|A teacher manages unexpected reduction in class size improving teaching earnings sufficiently covering educational dues effectively mitigating any perceived shortfall|0
CUST0234|66|128728|680|34857|12|Construction supervisor experiences delayed wage increments resulting in temporary reliance on personal networks which may pose higher interest rates affecting future decisions|1
CUST-2143|67|81256|720|22197|24|Marketing executive receiving bonuses covers both basic necessities and lifestyle choices suggesting responsible spending habits translating into reliable loan repayments|0
CUST-0831|44|76144|700|20982|60|Business owner diversifying investments proves successful enough reducing dependency on external financiers facilitating smooth transaction processes|0
CUST-1912|36|66600|660|27003|12|Social media influencer negotiates lower advertising spend thanks to improved engagement metrics allowing better control over expenditure enhancing ability to meet commitments ahead of schedule|0
CUST-0390|55|26726|530|17942|48|Financially independent individual supporting self adequately handling primary residence upkeep convincingly portraying no need for supplementary aid thereby avoiding delinquency scenarios|0
CUST-2455|47|88375|670|22936|36|Pilot receives lucrative deal closing gap between gross flight compensation and operational cost showcasing efficient resource allocation signalling strong solvency position|0
CUST-0671|40|161189|680|191439|60|Pharmacist profits surge following drug approval allows confident expansion whilst meeting consumer demand highlighting exemplary business acumen promoting positive creditor relations|0
CUST-1538|71|94663|700|15090|48|Physiotherapist’s private practice thrives post pandemic recovery phase affording ample discretionary funds eliminating immediate necessity for new lines of credit thus securing favorable status evaluations|0
CUST-2791|59|118165|640|20155|24|Graphic designer collaborates closely within creative circles generating mutually beneficial arrangements fostering trustworthiness among peers reinforcing solid reputation hence diminishing likelihood of falling behind on liabilities|0
CUST-3264|65|101098|690|220889|12|Automobile mechanic gains substantial repair shop ownership profit justifies premium vehicle maintenance coverage displaying proactive wealth maximization behaviors negating early termination concerns|1
CUST-0167|53|91572|670|170818|60|Account manager taps into client base via refined networking skills yielding incrementally growing revenues confirming capacity to honor extended deadlines promptly further boosting confidence levels amongst affiliated entities|0
CUST-1456|42|141335|710|24824|36|Architectural consultant exploits urban development opportunities efficiently balancing overheads versus earned sums manifesting robust planning aptitude conducive to sustained adherence to agreed upon quotas|0
CUST-2981|68|130278|660|242255|12|Engineering technician advances skill set attaining elevated roles commanding competitive remuneration satisfying essential living requirements precluding undue indebtedness compromise|0
CUST-0411|54|106245|720|180349|24|Content strategist cultivates niche market expertise garnering respect acknowledgment stabilizing career trajectory assuaging trepidations regarding longstanding monetary responsibilities|0
CUST-1375|56|110488|670|191842|36|Supply chain analyst identifies optimization pathways streamlining logistics operations achieving equilibrium point where output value supports existing leverage ratios minimizing exposure to volatility impacting decision-making process|0
CUST-0732|51|147285|700|259386|48|Bank teller transitions role owning local bank branch revamping customer experience protocol consequently augmenting deposits influx lessening chances of deficiency fulfillment failures prior to scheduled dates|1
CUST-0123|58|78969|810|297573|48|Entrepreneur facing startup expansion needs despite unstable market conditions|1
CUST-0456|35|49693|650|85738|36|Student working multiple shifts at factory while pursuing tuition fees aggressively|0
CUST-0789|44|32570|600|199132|48|Retired teacher with small annuity managing monthly expenses effectively through inheritance plans|0
CUST-0234|67|115498|720|120053|24|Military veteran dealing with deployment risks; however secured asset base allows moderated borrowing limit|1
CUST-0678|52|58201|575|149850|36|Doctor operating clinic undergoing rapid growth phase needing funds beyond current patient count capabilities|1
CUST-0345|29|39802|625|219049|24|Blue collar worker receiving overtime bonuses compensating higher than average credit score|0
CUST-0987|62|81270|690|179884|48|Nurse balancing class schedule against salary constraints requiring external financing options|1
CUST-1023|48|76160|705|300139|36|Engineering student close to graduation planning significant post-college life changes necessitating additional loans|1
CUST-1124|54|68265|610|139406|48|Lawyer handling several cases expecting sudden legal emergencies impacting financial stability|1
CUST-1234|33|24882|580|99518|24|Administrative assistant striving towards early tenure recognition within company without sufficient means|0
CUST-1356|45|84522|715|268162|36|Architect experiencing booming sales targets yet maintaining prudent lending practices|0
CUST-1467|57|88464|755|201734|36|Technician earning below median wages who invests diligently into their personal software portfolio|0
CUST-1578|49|65232|600|148956|48|Social Worker providing community services faces unexpected surge demand affecting finances|1
CUST-1689|55|72217|690|219066|24|Financial Advisor accumulating wealth amid volatile stock trades seeking secure investments|0
CUST-1790|36|61804|595|119764|24|Pilot ensuring flight safety focuses less on immediate material gains more on future career advancements|0
CUST-1801|60|91304|720|180923|24|Healthcare Manager supporting patients requires robust health insurance coverage exceeding normal limits|1
CUST-1912|40|52123|560|139490|36|Artist using creativity to subsidize living expenses off art sale profits remains conservatively solvent|0
CUST-2023|46|79353|690|198865|24|Consultant negotiates tough client deals aiming toward long term success rather than short term liquidity strains|0
CUST-2134|58|75296|715|158472|36|Marketing Specialist employing digital strategies finds reliable recurring clients reducing reliance on new customer acquisition funding|0
CUST-2245|35|59588|570|118850|36|Journalist covering essential news topics continues professional development whilst upholding fiscal responsibility|0
CUST-2356|47|67700|645|130529|24|School Principal dedicated to educational excellence prioritizes students’ opportunities above all else|1
CUST-2467|61|86383|730|211547|36|Business Partner shares equitable responsibilities making joint ventures highly successful|0
CUST-2578|50|71261|680|149817|24|Data Scientist leveraging analytics skills achieves promising project results which justifies careful resource allocation|0
CUST-2689|43|63278|620|169160|36|Operations Manager streamlines production processes resulting in efficient profit margins allowing responsible spending habits|0
CUST-2790|53|80460|705|191409|24|Security Officer focusing heavily on duty performance receives consistent paycheck facilitating solid saving strategy|0
CUST-2801|59|77375|690|228519|36|Public Relations Expert building brand reputation also cultivates strong interpersonal relationships benefiting financial security|1
CUST-2912|34|64248|580|140528|24|Event Coordinator orchestrates numerous events efficiently utilizing resources minimally contributing significantly to event budgets|0
CUST-3023|48|74138|670|179756|24|Project Lead coordinating cross-function teams enhances productivity leading to increased output value stabilizing economic status|0
CUST-3134|51|73230|700|168540|36|Construction Supervisor masterfully completes projects ahead of deadline maximizing returns before reinvesting in team morale boosters|1
CUST-3245|46|67262|590|161041|36|Environmental Consultant advising companies leads them away from unsustainable practices improving business longevity|1
CUST-3356|57|80418|720|220380|24|Travel Agent specialized in luxury trips optimizes travel packages increasing net worth carefully preserving excess buffer|0
CUST-3467|52|77110|690|191501|36|Quality Control Inspector identifying key defect issues reduces waste substantially enhancing overall cost effectiveness|0
CUST-3578|49|79379|685|199756|24|Bank Teller consistently excellent depositor attracting valuable customers thereby securing bank accounts well diversified across various products|0
CUST-3689|54|70512|670|140261|36|Digital Marketer implementing innovative campaigns generates sizable ROIs confirming sustainable consumption pattern|0
CUST-3790|58|80951|710|169702|24|Agricultural Produce Buyer engaging directly with local farmers supports regional agriculture becoming self-sufficient thus eliminating food scarcity concerns|1
CUST-3801|45|66948|570|160285|36|Real Estate Broker closing lucrative deals provides enough residuals even after tax implications suggesting effective property management|0
CUST-3912|39|61972|590|120527|24|Logistics Planner coordinates supply chain operations mitigating delays henceforth strengthening logistical control mechanisms|0
CUST-0021|55|32126|620|99061|24|Doctor managing clinic patients facing overwhelming personal expenses beyond their earnings capacity|1
CUST-1583|42|65638|700|139372|30|Entrepreneur struggling startup expansion amid declining sales targets causing financial strain despite strong initial funding|1
CUST-2845|35|71364|690|158926|24|Retired military veteran receiving minimal benefits yet qualifies unexpected good payee status through asset liquidation|0
AIM-4756|60|54979|710|198022|28|Blue collar worker dealing with unstable shift schedules leading to inconsistent salaries contributing to default concerns|1
CUST-5823|29|38877|580|59877|26|Lawyer handling multiple cases suddenly hit legal battle cost forcing them into an unusual scenario where they have secured loans against future case wins which could turn sour|1
CUST-6934|40|83993|740|130833|25|Healthcare professional experiencing rapid growth in patient load resulting in potential burnout impacting creditworthiness negatively|1
CUST-7621|22|45203|680|109025|24|Financial analyst who just received early promotion potentially increasing wealth quickly enough to secure better repayment plans indicating stability|0
CUST-8235|45|67622|0|149395|26|Engineering graduate starting new venture receives substantial inheritance boosting immediate finances while maintaining solid employment prospects suggesting long term solvency|0
CUST-9043|33|59063|640|139160|28|Nursing school student balancing part time hospital shifts making ends meet though lack sufficient funds post-study period indicates possible trouble ahead|1
CUST-9581|37|55122|660|171511|27|Real estate agent leverages property portfolio heavily, positing significant risks related to market fluctuations affecting payment capabilities|1
CUST-0032|28|49581|0|119543|26|Physician practicing solo specializing in dermatology operates under tight margins needing occasional large equipment purchases pushing towards poor Debt Service Coverage Ratio|1
CUST-0214|47|81055|750|201140|30|Account manager accumulating experience wonders about implications of accruing higher tax liabilities than expected based upon current compensation package suggests caution needed before advancing loan application|1
CUST-0456|52|76308|720|179414|29|Freelance writer juggles irregular project bids ensuring varied income flow presents less predictable profile necessitating careful assessment regarding lending suitability|1
CUST-1129|25|42034|600|129313|27|Marketing coordinator finds it challenging to cover rent after recent layoff revealing precarious position when considering additional financing needs|1
CUST-1342|43|82989|760|161214|28|Bank teller transitioning careers contemplates taking out more education loans because anticipated increase in hourly rate does not immediately offset educational investments made so far|1
CUST-1587|21|46641|590|120873|25|New hire fresh college grad embarking on first full-time role seeks understanding how limited past spending habits might influence ability to manage increased commitments including any proposed home mortgage|1
CUST-1834|34|77676|740|170879|26|Junior accountant faced sudden reduction in hours following company merger expresses concern whether reduced consistent remun0bts may lead to difficulties meeting extended obligations such as car lease|1
CUST-2025|39|63818|700|149314|27|Personnel officer recently started mentoring program aimed at leadership development fears disruption will temporarily reduce disposable income available thus jeopardising upcoming planned purchase decisions|1
CUST-2176|44|76549|730|189791|28|Software developer seeking career change considers existing modest bonus pool insignificant compared to larger sums required for securing desired house size given present lower valuation metrics in chosen area|1
CUST-2354|32|63341|670|128913|26|Recently graduated teacher eager to establish independent scholarship initiative worries shortfall between academic stipend plus teaching assistantships versus total housing aspirations remain uncertain until grants materialize|1
CUST-2463|48|90348|770|159646|27|Administrative Assistant applying ten years later returning to field believes previous saving strategy during peak executive roles wasn’t aggressive enough once adjusted for inflation rates hence doubting self-sufficiency concerning next life phase objectives|1
CUST-2609|24|44387|650|110127|25|Elementary School principal evaluating endowment plan contributions vs yearly benefit statement feels hesitation owing to perceived imbalance possibly undermining intentions for children's private university attendance|1
CUST-2741|36|88248|750|180029|28|Data scientist newly promoted grapples with apprehension relating to elevated responsibilities demanding greater focus thereby reducing opportunities for extra side projects essential for surpassing basic financial goals set forth initially|1
CUST-2907|41|78156|760|171425|27|Child psychologist exploring possibility of opening own counseling center queries availability resources capable sustaining necessary overhead whilst preserving clientele base remains critical consideration prior approval process|1
CUST-3092|46|91300|780|160036|28|Public Health Officer concerned uneven scale tipped too much weight toward health mandatory bonuses compromises chances reaching specified net worth milestone crucial for comfortable downscaling operations planning|1
CUST-0056|35|59804|650|50002|24|Entrepreneur seeking startup capital; strong business plan despite moderately aggressive growth targets|0
CUST-0243|52|31638|0|70285|36|Healthcare professional managing patients effectively while maintaining good credit score through managed expenses|0
CUST-0789|40|148963|0|199691|12|Real estate investor diversifying portfolio amid market volatility without impacting financial stability significantly|0
CUST-0412|37|57598|0|218696|24|Military veteran transitioning into civilian life supported financially though past deployments caused unforeseen liabilities|1
CUST-1274|29|47039|610|279229|24|Student working part-time at university contributing tuition fees alongside full-time education efforts showing promise for future earnings potential|0
CUST-0831|62|35313|680|29794|24|Blue collar worker overcoming shift challenges demonstrating consistent performance under fluctuating demand cycles|0
CUST-0545|26|25202|590|121056|24|Retiree planning early retirement after securing enough nest egg ensuring no lending risks ahead|0
CUST-0968|45|108179|700|210126|36|Lawyer facing legal hurdles yet benefiting from government contingencies protecting against default claims|1
CUST-0331|59|127728|780|262405|24|Business analyst optimizing sales strategy resulting in meeting monthly goals consistently even during economic downturns|0
CUST-0678|41|65427|670|280809|24|Architect leveraging design skills yield positive returns affirming ability to meet long-term mortgage obligations|0
CUST-0812|33|75568|650|239439|24|Software developer acquiring new clients leading to increased project volume within safe repayment capabilities|0
CUST-0287|27|19602|580|29989|24|Freelancer establishing credibility across multiple industries based on diverse skill set assurance|0
CUST-0945|55|50089|690|272352|36|Bank manager dealing with personal finances separately showcasing exemplary fiscal responsibility separate from their profession|0
CUST-0482|28|145896|710|231678|24|Marketing coordinator launching online course platform revealing innovative approach towards educational services|0
CUST-0764|42|54768|720|250828|12|Medical device representative negotiating deals successfully expanding product adoption rates anticipating profit margins|0
CUST-0592|22|40407|600|159913|24|Account executive accumulating bonuses signifies reliable salary source independent of current employment dealings|0
CUST-0614|39|67892|660|292675|24|Graphic designer balancing freelance projects well illustrates versatile adaptability to changing client demands|0
CUST-0011|70|19789|690|50467|24|Entrepreneur facing startup expansion needs despite unstable business fundamentals|1
CUST-0023|55|49514|620|99634|24|Student managing tuition fees alongside part-time sales targets; strong credit score indicates potential repayment capability|0
CUST-0034|40|34817|580|120773|24|Doctor working long shifts at clinic faces financial strain affecting patient care quality suggesting default possibility|1
CUST-0045|65|70477|720|20031|24|Retired military veteran receiving modest government benefits struggles against unexpected legal expenses|1
CUST-0056|29|25323|610|79543|24|Blue collar worker experiences over-leveraged asset acquisition leading to precarious living situation|1
CUST-0067|45|63828|700|149924|24|Investor hit hard by market volatility yet maintains robust portfolio value indicating good payment capacity|0
CUST-0078|35|80438|0|25054|24|Nurse dealing with patients while trying to cover mounting hospital bills suggests possible difficulty meeting obligations|1
CUST-0089|50|59455|690|129053|24|Teacher earning mid-range salary balancing classroom responsibilities shows reliable finances for loan payments|0
CUST-0090|62|90571|710|179581|24|Engineer accumulating substantial venture funds after successful product launch signals excellent creditworthiness|0
CUST-0091|75|98474|680|139617|24|Real estate agent leverages property investments excessively hinting towards impending struggle without intervention|0
CUST-0092|30|150120|750|30299|24|Small Business owner grapples between operational demands and personal liabilities underlining an increased chance of delinquency|1
CUST-0093|58|118717|760|27892|24|Marketing specialist enjoys health insurance which mitigates risks otherwise present during critical illness episodes signalling stability|0
CUST-0094|55|109063|740|34685|24|Financial advisor handling diverse clientele exhibits comprehensive understanding of wealth management ensuring timely disbursements|0
CUST-0095|67|130139|770|40112|24|Software developer secures lucrative employment post recent graduation displaying ability to meet higher educational commitments consistently|0
CUST-0096|42|39268|0|99438|24|Construction laborer supporting multiple families through physical rigors implies adequate compensatory mechanisms being employed effectively|0
CUST-0097|61|115654|0|21908|24|Freelancer juggling various projects demonstrates versatile skills translating into predictable monthly revenues capable of servicing loans|0
CUST-0098|48|60245|710|160106|24|Childcare professional dedicated full time to nurturing young minds showing steadfast focus similar to career advancement prospects promising consistent growth|0
CUST-0099|63|83462|720|208137|24|Health services manager navigating demanding hours revealing dedication parallels disciplined approach expected when acquiring new resources such as education|0
CUST-100|28|54060|700|171155|24|Agricultural engineer adapting innovative farming techniques displays resilience mirroring tenacity required for significant purchases anticipated future gains|0
CUST-101|53|79142|720|262270|24|Lawyer successfully representing clients illustrates analytical prowess transferrable to meticulous fiscal planning enabling sound decision making around borrowing|0
CUST-102|60|118829|730|150825|24|Personnel recruiter evaluates candidates impartially justifying confidence in their own judicious allocation of scarce resources including student loans|0
CUST-103|46|50983|700|242284|24|Pilot transitioning roles within aviation industry embodies forward-looking mindset comparable to those who secure mortgage early enough before ascendancy reaches peak profitability stages|0
CUST-104|64|91443|750|200239|24|Journalism professor writing investigative pieces harnesses persuasive abilities indicative of reliably sourcing supplementary means like scholarships thereby easing additional burdens|0
CUST-105|59|75684|0|191382|24|Automobile manufacturer negotiating international deals resonates well with someone whose trade provides ample security buffer allowing them handle extra leverage provided by lenders|0
CUST-106|47|34430|690|79399|24|Public relations coordinator orchestrates brand narratives suggestively showcases leadership qualities analogous to steering sufficient profits toward securing home ownership sooner rather than later|0
CUST-107|66|125574|760|271615|24|Technology consultant advising large firms develops expertise applicable across domains confirming readiness for major life events enabled via prudent resource distribution|0
CUST-108|54|95100|770|230609|24|Architect designing sustainable housing models exemplifies vision parallelizing architects’ role in laying foundations for enduring success much like diligent students eyeing favorable interest rates upon return to academia|0
CUST-109|62|142261|780|249569|24|Pharmaceutical research analyst exploring groundbre0ving drugs epitomizes systematic analysis conducive to discerning opportunities potentially yielding greater returns following initial heavy outlays|0
CUST-110|43|98048|0|159419|24|Chemistry teacher synthesizing complex compounds conveys precision vital for addressing intricate challenges similarly needed when applying advanced learning tools amid academic pursuits|0
CUST-111|58|71378|710|180276|24|Physiotherapist facilitating recovery regimens depict strength correlating with individuals possessing firm resolve necessary for tackling hefty educative endeavours ahead|0
CUST-112|49|65455|720|138775|24|Graphic designer crafting visual masterpieces alludes artistry corresponding to creators who channel skillful talents generating solidified worth equivalent to gainful financing solutions availing themselves soon they attain self-sufficiency level|0
CUST-113|51|128646|740|240083|24|Supply chain supervisor optimizing logistics operations manifests strategic thinking reminding us how efficiently managed systems enable accessibility to larger scale consumer products – symbolically extending to manage household dues aptly|0
CUST-5678|25|60294|725|201113|48|Employee at startup received venture funding impacting their finances significantly|0
CUST-7829|40|79461|820|129014|72|Real estate agent accumulated wealth through property sales surpassing annual earnings|0
CUST-9045|30|69092|765|161033|36|Doctor dealing with patient influx leading to unpredictable expenses despite good credit score|1
CUST-4456|35|65031|620|50205|24|Entrepreneur seeking startup funding; potential risky ventures noted|0
CUST-7890|22|14919|580|99741|48|Student graduating next semester with tuition paid off ahead of schedule|0
CUST-3023|50|74370|690|160239|48|Doctor working long hours at clinic need extra funds before tax return arrives|1
CUST-2104|45|79559|700|80757|36|Retired military veteran looking into expansion plans using inheritance|0
CUST-6543|55|25477|650|121097|24|Blue collar worker facing overdue payments after factory shutdown|1
CUST-8921|33|59207|670|30204|12|Nurse supporting patients through unexpected healthcare expenses without insurance coverage|1
CUST-1234|60|91669|720|70014|48|Architect planning renovation despite modest current financial status indicative of upcoming project success|0
CUST-5678|28|35100|590|60415|24|Technician who lost employment during deployment faced sudden layoffs affecting finances heavily|1
CUST-9123|40|85695|680|39641|12|Lawyer dealing with lawsuits impacting ability to meet personal obligations expected good outcome leading to early payment capability|0
CUST-8765|22|99897|700|80594|24|College professor managing student loans efficiently amid rising academic career responsibilities|0
CUST-4321|37|68086|660|19954|24|Financial analyst investing excess earnings aggressively showing signs of strong market acumen indicating future stability|0
CUST-7890|48|54088|610|25050|48|Engineer focusing primarily on sales targets achieving significant milestones justifying increased creditworthiness|0
CUST-3023|52|94793|690|120903|36|Health consultant accustomed to fluctuating clientele finding ways around instability maintaining positive outlook financially|0
CUST-2104|42|78489|710|141083|12|Real estate agent leveraging property sale proceeds ensuring consistent repayment capacity post-tax season|0
CUST-6543|39|80859|720|221819|36|Marketing manager utilizing government grants mitigates unstable industry trends promoting reliable solvency|0
CUST-8921|47|112044|740|129487|24|Pilot recovering delayed salaries compensated adequately via freelancing opportunities showcasing adaptability within volatile aviation sector|1
CUST-5678|25|39476|620|45000|24|Data scientist transitioning careers uses expertise network expanding wealth base anticipated increase in credibility|1
CUST-9123|34|73942|680|150244|48|Journalism major pivot towards digital media platforms enhancing portfolio value suggesting professional growth|0
CUST-8765|36|70164|660|25169|48|Account executive saving diligently while negotiating lucrative deals exemplifies skillful management yielding sound fiscal judgment|0
CUST-4321|53|70718|720|100929|12|Pharmaceutical research assistant securing patent royalties assists balancing budgets effectively against erratic grant cycles|0
CUST-7890|23|54920|590|159582|36|Freelance photographer diversifying skills rapidly gaining reputation henceforth increasing customer reliance suggests robust economic resilience|0
CUST-3023|41|62896|690|169123|24|Online entrepreneur developing new platform demonstrates innovativeness predicting substantial profit margins soon enough stabilizing finances|0
CUST-2104|44|87013|710|89441|12|Bankrupt college advisor applying newly acquired knowledge successfully navigating recent educational shifts signals confidence revival|0
CUST-6543|38|92531|740|181487|36|Aerospace engineer channeling experience toward space tourism projects indicates imminent upswing in worth translating directly to improved liquidity position|1
CUST-8921|31|61567|620|317568|24|Wildlife conservation advocate launching eco-friendly products sees growing consumer interest validating sustainable business practices fostering better asset allocation|0
CUST-5678|29|65998|700|191831|12|Public relations specialist handling crisis communications revealing an aptitude for problem solving points to effective resource distribution forecasting continued prosperous trajectory|0
CUST-9123|46|79173|730|49855|48|Software developer mastering multiple languages accelerating software solutions delivery promises elevated productivity resulting in greater net gains capable of offsetting any existing indebtedness|0
CUST-8765|27|58296|580|128931|36|Advertising director implementing cutting edge strategies enhances brand image implying heightened buying power solidifying clients’ trust contributing positively to balance sheet strengthening overall equity|0
CUST-0057|42|31666|650|64912|24|Nurse working long shifts at clinic worried about overextending finances|1
CUST-0233|55|55125|690|39662|24|Entrepreneur expanding business faces tough competition yet manages solid credit score|0
CUST-0891|58|80538|720|149716|36|Retired teacher receives modest pension; however, recent inheritance secures repayment capacity|0
CUST-0758|29|27343|600|49653|24|Student saving dilig0ently through part-time jobs despite lower annual earnings|1
CUST-0462|34|34362|730|44568|24|Military veteran benefits covered most expenses recently returned home|0
CUST-0348|47|78515|640|198784|12|Blue collar worker dealing with frequent shift changes concerned about financial stability|1
CUST-0187|49|78265|710|40281|24|IT professional faced unexpected legal fees impacting their ability to pay off loans quickly|1
CUST-0634|37|68681|660|44883|24|Doctor juggles between hospital duties and personal investments worrying about unstable patient loads affecting future plans|0
CUST-0589|28|30403|670|100639|36|Student living below poverty threshold struggling to meet educational commitments without adequate grants|1
CUST-0203|45|81182|650|29790|24|Teacher receiving bonuses yearly but facing increasing tuition bills putting stress on monthly budgets|1
CUST-0678|38|70838|700|217978|12|Bank employee supports parents financially while building wealth personally still maintains health insurance coverage|0
CUST-0499|53|66812|680|25241|24|Engineering graduate just started salary scale concerns mount after accumulating student loans during college years|0
CUST-0043|44|76250|0|180768|36|Medical practitioner owns property outright which could cover large mortgage payment causing less need for additional lending|0
CUST-0528|36|69697|700|237685|12|Startup founder finds solace in early venture success though current liabilities persist demand attention|1
CUST-0351|29|33541|650|49636|24|Freelancer’s variable income creates concern regarding consistent access to funds amid fluctuating project demands|1
CUST-0764|41|74026|720|159018|24|Real estate agent gains profits from sales deals secure enough downpayment covering new house purchase|0
CUST-0917|50|64565|690|269910|36|Business analyst fearful over upcoming merger may alter company direction potentially threatening employment status|1
CUST-0475|27|31663|610|45282|24|Lawyer handling firm cases struggles under increased billable hours pressuring discretionary spending habits|1
CUST-0832|52|81109|640|228022|12|Public relations specialist feels confident utilizing network connections ensuring reliable client base growth|0
CUST-0059|46|75360|680|169361|36|Financial advisor focuses heavily on diversifying portfolios expecting better returns against market volatility risks|1
CUST-0174|28|31498|590|281429|24|Consultant balancing multiple projects sometimes needs liquidity more than anticipated beforehand|1
CUST-0293|42|69240|670|189633|12|Accountant supporting agency transition planning assesses extra caution required until full stabilization occurs|0
CUST-0782|39|71101|700|258191|36|Marketing manager seeks balance among tight deadlines keeping pace with competitive industry standards|1
CUST-0604|40|72309|0|210166|24|HR executive aware of changing labor laws might influence hiring practices requiring adjustment strategies ahead|0
CUST-0318|26|33647|630|48147|24|Event planner leveraging social media skills attracts various gig opportunities although irregular flow remains uncertain|1
CUST-0421|51|77213|730|201596|12|Cybersecurity expert navigates niche field keeps mindset adaptable toward evolving digital threats landscape|1
CUST-0566|47|76662|660|220843|36|Healthcare administrator sees potential expansion plan strains present challenges beyond immediate scope expectations|0
CUST-0091|25|30353|580|50081|24|Journalist experiences erratic publication cycles cause unease even when freelance pays well above minimum wage|1
CUST-0864|43|76377|680|237671|36|Data scientist contemplates moving into management role considering diverse skill set ready for leadership positions within analytics domain|1
CUST-0345|50|65393|0|248282|12|Agricultural consultant advises clients optimally using land yields surplus allowing greater leverage for farm equipment loans|0
CUST-0756|45|79863|710|261179|24|Psychologist works flexible schedule occasionally face burnout mitigation techniques become necessary|1
CUST-0273|44|73384|690|267490|36|Chief Financial Officer monitors stock options appreciation steadily grows confidence towards robust career trajectory|0
CUST-0509|27|31035|620|45939|24|Professional photographer enjoys creative freedom negotiates rates keen awareness cost structures essential for event frequency maintenance|1
CUST-0817|52|73933|650|188461|12|Logistics coordinator uses multimodal transport networks optimize routes reduces reliance on single mode carriers thereby decreasing logistics cost effectively|0
CUST-0401|38|75027|670|230159|24|Graphic designer collaborates closely with brand identity visionaries understand necessity embrace continuous learning pathway opens numerous doors|1
CUST-0925|46|75982|700|240531|36|Security guard stationed near bank recognizes importance upholding safety protocol vigilantly prevents unauthorized activity swift action critical|1
CUST-0687|28|31993|630|52062|24|Software developer engages community coding events enhancing public good fostering knowledge sharing culture promotes open source initiatives|0
CUST-2045|55|59499|695|200923|24|Entrepreneur secured venture funds leading to aggressive expansion plans|0
CUST-0311|50|120805|590|100988|48|Doctor managing multiple clinics faces unstable patient influx affecting finances|1
CUST-0789|30|35491|570|60581|48|Student graduating soon anticipates salary hike post education completion|0
CUST-1123|75|49493|0|80477|12|Retired military veteran expects consistent government benefits impacting financial stability positively|0
CUST-0434|60|151334|675|148675|48|Blue collar worker facing overtime challenges strains monthly budgets despite higher wages|1
CUST-0856|45|75756|660|109629|36|Nurse at private hospital juggles between patients and personal expenses without additional help|1
CUST-1208|40|40598|650|49596|12|Engineering student near entry-level position eager about future career growth after degree attainment|0
CUST-0529|25|20271|640|25231|24|Bank teller dealing with commission varian0iation sees volatile earnings each quarter|1
CUST-0931|65|91264|745|120062|48|Marketing rep hit stagnation point worries looming sales targets will dip causing stress|1
CUST-1457|58|65028|730|130212|48|Graphic designer uses strong portfolio skills expecting rapid advancement within company ranks|0
CUST-0612|48|79008|720|100970|24|Real estate agent optimistically eyes property market boom influencing potential profits upward|0
CUST-0234|55|49259|715|74843|36|Freelance writer navigating variable project availability balancing books carefully|1
CUST-1523|63|74679|0|161447|60|Lawyer undergoing legal battles incurs unexpected litigation fees disrupting usual spending habits|1
CUST-0719|28|40491|605|60506|24|Childcare provider handles fluctuating child care needs financially supporting families directly|0
CUST-0420|47|101505|700|89392|12|Photographer leveraging social media exposure predicts increased gig opportunities ahead|0
CUST-1121|62|86518|0|141147|48|Physician experiencing reduced hours contemplates early investment into new health practices|0
CUST-0876|31|63794|690|69934|36|Consultant preparing for client acquisition believes it leads to better pay packages eventually|0
CUST-0345|60|55972|685|75289|36|Airline pilot concerned with long haul commitments may face restricted travel options reducing disposable income|1
CUST-0998|30|29964|670|49891|12|Security guard uncertain shifts schedule might change his role potentially lowering hourly rate|1
CUST-0112|35|69170|660|100127|12|Entrepreneur facing startup expansion hurting personal finances|1
CUST-0208|50|50240|620|30287|18|Student working multiple shifts at local factory struggling under tuition fees|1
CUST-0337|75|118238|700|45026|12|Retiree living off small government benefits finds it hard meeting all expenses including new mortgage|1
CUST-0442|28|47300|650|21990|12|Doctor who recently faced lawsuit still managing patients effectively despite lower salary after legal issues|1
CUST-0555|63|80155|690|39738|24|Military veteran gets deployed soon; planning ahead helps secure funding beforehand|0
CUST-0664|55|64246|700|24884|18|Blue collar worker dealing with overtime struggles makes ends meet each month|1
CUST-0773|42|85658|720|49542|24|Teacher close to tenure faces declining class size affecting sales targets negatively|1
CUST-0889|27|39398|630|18039|18|Healthcare professional experiencing unstable patient flow impacting their regular earnings|1
CUST_0907|38|60109|0|27211|24|Nurse worried about covering unexpected medical emergency cost implications amid current financial commitments|1
CUST_1018|47|108070|730|60072|12|Corporate employee taking early commission bonus boosts immediate spending capability excessively|1
CUST_1126|59|87491|760|34842|24|Junior lawyer deals with uncertain court outcomes causing fluctuating revenues which might lead to future defaults|1
CUST_1233|34|64685|680|20030|12|Administrative assistant juggles extra hours leading to better overall performance yet limited saving opportunities|1
CUST_1344|41|76184|710|29912|24|Real estate agent finding stability through asset appreciation ensures timely payments without additional strain|0
CUST_1452|26|54293|640|14861|18|Pharmaceutical technician handling patent royalties enjoys good credit standing though modest base wages remain an issue|0
CUST_1567|52|90791|740|41772|24|Data analyst sees reduced demand anticipates potential instability requires caution when considering larger loans|1
CUST_1675|36|52958|600|23088|12|Graphic designer takes into account irregular project cycles adjust strategies accordingly avoid default risks|0
CUST_1783|45|88383|750|37897|12|Marketing specialist concerned about market saturation may need restructuring plans if unable to maintain position|1
CUST_1890|22|42359|610|17042|12|Construction laborer focuses on building up reserves against possible layoffs considers secured borrowing options carefully|1
CUST_1999|53|81720|720|31903|24|Finan0cratie advisor balancing portfolios expects continued growth hence no concerns regarding repayment capacity|0
CUST_2014|39|96587|770|37244|12|Pilot compensated well enough during non-flying months could face difficulty sustaining flight schedule lifestyle post training period|1
CUST_2123|24|48185|0|21101|18|Personnel coordinator leveraging company stock plan secures home purchase feasibly within means|0
CUST_2230|51|75871|730|41136|12|Academic counselor contemplates transitioning careers potentially altering long term fiscal responsibility approach|1
CUST_2338|37|88817|750|36101|24|Software developer using side projects generates supplemental funds mitigating reliance solely on primary role remuneration|0
CUST_2445|29|57748|630|23771|12|Bank teller coping with increased competition fears downgrade prospects requiring tighter control on discretionary spendings|1
CUST_2552|46|83861|740|33262|24|Law firm associate aware of competitive pressures remains proactive safeguarding career advancement while responsibly acquiring property investments|0
CUST_2660|54|84266|760|40009|12|Physiotherapist navigates insurance caps possibly necessitating refined payment strategy towards education loans taken earlier|1
CUST_2769|40|93201|780|39135|24|Consultancy manager optimizes tax deductions maximizing disposable income thus lessening chances of incurring further liabilities|0
CUST_2875|23|44818|600|18943|12|Office administrator uses frugality techniques buffering effectiveness versus higher quality alternatives enhancing solvency status|1
CUST_2982|38|90473|770|34147|24|Engineering graduate awaiting first full-time offer employs part-time freelancing roles reducing dependence on employer’s health plan coverage|0
CUST_3091|47|78012|720|30891|12|HR recruiter evaluates life changes such as marriage propositions factoring them into comprehensive budgets assuring consistent obligation fulfillment|1
CUST_3199|26|49874|610|15867|18|Elementary school teacher applies educational grants judiciously allowing greater flexibility concerning other household needs|0
CUST_3210|53|92873|780|37204|12|Environmental scientist engages community crowdfunding initiatives alleviating economic burdens whilst securing eco-friendly housing solutions|1
CUST_3321|36|85807|790|38342|24|Product design engineer receives substantial inheritance applying prudent stewardship amplifying ability to make responsible purchases|0
CUST_3434|45|92094|760|36307|12|Compliance officer attains certification increasing expertise value thereby improving negotiating power for more favorable interest rates|1
CUST_3540|28|53210|640|21891|18|Cybersecurity consultant invests heavily in skill development via online courses prioritizing self sustenance above luxury acquisitions|0
CUST_3655|37|87668|740|34853|24|Architectural draftsperson draws upon art gallery exhibits generating passive income supporting leis0w endeavors comfortably|1
CUST_3766|42|82539|730|32795|12|Quality Assurance Manager utilizes efficiency bonuses reinforcing disciplined consumption habits diminishing any undue indebtedness threats|1
CUST-1234|55|20183|700|50151|36|Entrepreneur seeking startup funding faces uncertain market conditions|1
CUST-2468|65|118093|720|200884|24|Doctor managing patients also serves military personnel during deployment|0
CUST-5678|35|34957|680|24797|12|Retired teacher planning early semester sabbatical utilizing inheritance|0
CUST-9102|68|44744|710|121081|60|Client relies on fixed pension but loan amount is dangerously high for retirement budget|1
CUST-3321|29|92313|740|25218|24|Applicant has steady cash flow from tech stack job and maintains lower debt obligations|0
CUST-5698|45|80301|730|99628|36|Student balancing tuition fees while working part-time at local diner shows strong commitment|1
CUST-6789|40|64842|725|49930|12|Blue collar worker receiving overtime pay regularly meets monthly expenses comfortably|0
CUST-8543|58|111405|760|261002|48|Military veteran transitioning into civilian life uses asset liquidation strategically|0
CUST-1234|39|85123|750|39840|12|Financial analyst leverages government dividends after recent successful IPO sale|0
CUST-2345|70|152591|755|250806|36|Nursing professional facing sudden health issues finds solace through substantial insurance coverage|1
CUST-3456|42|69297|720|19920|24|Young sales rep achieves first significant bonus following aggressive quarter performance targets met|0
CUST-4567|62|141206|740|297632|48|Real estate agent benefits greatly from property portfol00l expansion plans|0
CUST-5678|55|60953|710|149758|60|Local small business owner supporting single mother proves resilience despite fluctuating revenues|1
CUST-6789|29|81921|745|180425|24|Graduate student entrepreneur securing venture capital investments showcases innovative ideas|0
CUST-7890|67|161359|760|222185|36|Account manager demonstrates excellent creditworthiness post multiple years meeting earnings goals|0
CUST-8901|51|94603|750|238839|48|Lawyer navigates complex cases successfully using firm resources efficiently leading to good standing among peers|0
CUST-9012|47|76031|730|209351|12|Pilot accumulates flight hours whilst drawing modest salaries yet displays exemplary time management skills|0
CUST-0123|33|66592|0|270541|24|Call center representative handling customer satisfaction awards reveals dedication beyond routine tasks|0
CUST-1234|60|109810|755|150783|60|Recent college graduate struggling financially begins freelance consulting role exhibiting adaptability under tough circumstances|1
CUST-2345|37|88845|760|230659|36|Marketing specialist secures promising new clients increasing profit margins significantly outshining competitors|0
CUST-3456|48|64608|715|281859|48|Healthcare provider experiences upswing patient volume resulting in better managed hospital budgets|0
CUST-4567|58|88626|730|242356|60|Engineering technician gains certification boosting career trajectory alongside consistent project wins|0
CUST-5678|27|84027|750|350892|24|Advertising coordinator excels within tight deadlines fostering positive client relationships|0
CUST-6789|59|128357|740|261624|48|Graphic designer thrives amid digital art challenges producing content exceeding expectations|0
CUST-7890|61|122187|725|301942|12|Journalism intern develops key reporting skillset assisting major news stories gain traction|0
CUST-8901|39|77623|720|189789|24|Property appraiser builds value assessment expertise critical for urban development projects|0
CUST-9012|54|87237|740|270032|36|Event planner organizes large scale events becoming indispensable resource enhancing company image|0
CUST-0765|35|148744|710|99954|18|Entrepreneur whose startup expansion required significant loans outweighs their current solid asset base leading to higher perceived risks|1
CUST-1829|60|65932|760|23822|24|Student undergoing tuition fees causing strained balance between educational commitments and living expenses indicating potential repayment challenges|1
CUST-2583|52|21250|690|30228|21|Blue collar worker experiencing overtime demands may face unforeseen healthcare bills putting future payments at stake although currently maintaining reasonable earnings|1
CUST-3410|27|54073|720|10063|27|Retired veteran drawing upon modest military benefits alongside limited investment portfol0l affecting long term solvency predictions poorly|1
CUST-3798|40|84622|0|15038|28|Family member who received inheritance unexpected wealth leads to improved ability to meet obligations signifying lower default probability|0
CUST-4165|38|100460|690|19841|28|Financial advisor boasts strong saving habits yet faces upcoming legal battle potentially jeopardizing liquidity resources critical for mortgage discharge|1
CUST-4671|29|24178|710|9944|24|Nursing assistant struggling with declining patient count resulting in reduced hours posing threat to regular monthly payment capacity|1
CUST-5123|31|64282|650|25221|25|Real estate agent hit hard during economic downturn finds it difficult to secure new deals increasing uncertainty around consistent rental income necessary for home ownership financing|1
CUST-0023|45|31052|0|49548|24|Nurse worried about upcoming deployment expenses affecting her finances|0
CUST-0578|54|26502|550|29950|24|Student faces tuition hikes threatening his limited resources|1
CUST-0932|72|78018|690|48148|12|Entrepreneur facing unexpected startup expansion hurts liquidity despite strong credit score|1
CUST-1145|65|66163|720|248952|24|Retired military veteran concerned over reduced government benefits impacting financial stability|1
CUST-1289|36|23148|560|14882|24|Blue collar worker at factory deals daily unpredictable shifts causing stressful paycheck management|1
CUST-1345|59|48693|750|59812|24|Doctor juggles clinic responsibilities against mounting patient load potentially leading to late bills|1
CUST-1467|50|25126|570|99669|24|Lawyer prepares for lawsuit which could strain current case earnings and client trust account balance|1
CUST-1532|67|77691|700|40375|24|Accountant manages tight margins between bonuses and tax obligations risks delays|1
CUST-1624|40|59502|680|29842|24|Real estate agent dealing with slow market sales might struggle under leverage pressures even though financially healthy|0
CUST-1716|29|20177|540|11937|24|Graduate student balancing part-time jobs finds solace in early semester end credits relief|0
CUST-1843|60|68585|710|201080|24|Engineer utilizes technical skills boosting firm profit while maintaining personal wealth growth strategy|0
CUST-1956|48|40724|560|17851|24|Marketing specialist enjoys company stock dividends supporting sound investments amid volatile industry trends|0
CUST-2003|55|84831|0|45186|24|Consultant anticipates new venture success after extensive networking bolstering both career prospects and household security|0
CUST-2127|63|71565|710|302873|24|Healthcare professional uses robust immunization knowledge protecting patients efficiently translating into solid employment position|0
CUST-2245|38|32039|550|15148|24|Business analyst emplo0lves structural insights gainfully applying analytics prowess ensuring fiscal prudence prevails|0
CUST-2378|44|76631|740|35209|24|Financial planner adeptly navigates clients through economic fluctuations leveraging expertise fostering dependable asset portfolios|0
CUST-2452|73|63556|670|199650|24|Pilot secure long term aviation gig assists consistent salary flow providing ample funds without resorting to undue borrowing|0
CUST-2593|52|26452|530|11952|24|Bank teller appreciates direct deposit system enhancing predictable monthly remittances safeguarding lifestyle consistency|0
CUST-2687|58|68140|720|278203|24|Data scientist thrives within burgeoning sector using advanced algorithms optimizing business operations yielding favorable outcomes|0
CUST-2731|66|78844|720|40178|24|Supply chain manager exploits logistics network efficiency contributing substantial profits facilitating reinvestment strategies|0
CUST-2854|37|20723|0|10032|24|Graphic designer receives retainers covering project deadlines promoting creative freedom sustained productivity levels|0
CUST-2968|46|54566|700|222170|24|Operations director orchestrates streamlined processes increasing operational capacity preserving net worth|0
CUST-3076|60|74190|710|250388|24|HR consultant nurtures talent acquisition programmes improving human resource value proposition securing corporate longevity|0
CUST-3194|42|28442|520|15012|24|Cybersecurity engineer taps into cyber defense capabilities generating significant patent royalties fortifying individual prosperity|0
CUST-3281|69|88756|710|45346|24|Event coordinator skillfully arranges gala fundraisers augmenting event turnout thus elevating community engagement revenues|0
CUST-3359|54|49596|680|272254|24|Project leader supervises critical infrastructure developments resulting in increased property values benefiting homeownership goals|0
CUST-3423|47|29602|520|18071|24|Chief technology officer harnesses innovation momentum driving software solutions adoption fueling enterprise dominance|0
CUST-3546|64|79096|700|260733|24|Public relations executive crafts narratives amplifying brand image thereby attracting lucr0ral licensing agreements upholding equitable compensation practices|0
CUST-3672|35|31966|550|13979|24|Physician assistant works collaboratively expanding hospital services creating additional sources of payment besides primary care fees affirming self-sufficiency|0
CUST-3785|43|40791|560|158846|24|Software developer applies coding mastery developing apps accruing royalty shares building towards entrepreneurial independence|0
CUST-3896|56|71177|730|332097|24|International trade lawyer negotiates complex treaties establishing global partnerships heightening diplomatic influence whilst escalating legal wage potential|0
CUST-3932|70|84510|740|482628|24|Logistics manager coordinates international shipments maximizing cargo yields strengthening supply chains effectiveness directly influencing personnel living standards|0
CUST-4001|48|23846|540|13102|24|Environmental advocate secures grants advancing conservation projects raising awareness reducing pollution effects ultimately conserving public lands|0
CUST-4153|53|28056|510|139950|24|System architect designs scalable platforms delivering improved user experiences cultivating customer loyalty hence higher subscription rates|0
CUST-4228|61|78379|720|270895|24|Academic researcher publishes influential papers receiving academic honors propelling scholarly reputation alongwith grant opportunities encouraging continued learning pursuits|0
CUST-4356|49|22237|530|12051|24|Architect drafts eco-friendly buildings integrating renewable energy systems lowering utility bills allowing residents extra disposable income effectively planning their future|1
CUST-1111|55|29663|590|100810|12|Entrepreneur needs startup funding despite moderately successful venture|0
CUST-2043|45|60082|0|30031|12|Patient recovering post surgery requires extra funds beyond regular expenses|1
CUST-4562|70|70795|720|50010|18|Retired teacher seeks additional security against unforeseen school events|0
CUST-5287|40|44229|580|25140|12|Nursing home staff looking at buying property; reliable earnings considered safe investment|0
CUST-6903|60|81162|650|49903|12|Real estate agent gains confidence through consistent sales performance seeking early mortgage discount|0
CUST-7829|58|20033|560|9984|12|Student entrepreneur applying new skills after graduation secured good financial aid package|1
CUST-8156|62|53985|610|60262|18|Business consultant evaluating expansion potential considers personal finances strong enough for larger loans|0
CUST-9078|65|120245|690|149796|12|Software developer using inheritance towards down payment showing reduced need for credit reliance|0
CUST-0123|55|74569|630|150511|20|Lawyer facing lawsuit discovers unexpected asset liquidation coverages justifying lower than expected repayments capacity|1
CUST-0444|28|28297|550|18141|12|Bank employee gets bonus ahead which allows securing more favorable interest rates without jeopardizing stability|0
CUST-0555|47|65680|570|19838|12|Marketing manager who recently received an award feels confident about taking out long term education plan financing|0
CUST-0666|35|50856|590|35122|12|Financial advisor managing client portfolios finds room under regulations allowing higher lending limits|0
CUST-0777|52|85720|680|20170|12|Healthcare worker considering major purchase understands their insurance covers most risks involved|0
CUST-0888|48|29837|560|20053|12|Freelancer sees opportunity in market fluctuations warranting increased borrowing capability|0
CUST-0999|75|80326|730|60256|18|Construction firm owner uses equity growth projecting continued profit increase making case stronger for large business lines|0
CUST-1010|29|14924|530|14897|12|Pilot receiving training grants anticipates better future prospects supporting expanded educational pursuits|1
CUST-1111|55|30115|590|99522|12|Doctor receives grant covering tuition fees enabling accessibility to private student loans|0
CUST-1222|67|88316|720|20046|18|Engineering professor secure employment guarantee leading toward responsible leverage options being available|0
CUST-1333|63|54257|650|20143|12|Graphic designer obtains patent royalties ensuring solid groundwork before expanding into commercial projects|0
CUST-1444|40|19967|550|15112|12|Local artist secures gallery exhibition deal providing necessary collateral assuring less stringent LTV criteria|0
CUST-1555|59|69190|670|18079|18|Automobile technician acquires certification increasing credence within industry advocating greater responsibility entrusted trust|1
CUST-1666|68|50215|630|24866|12|Physiotherapist opens clinic utilizing retained earnings indicating ability to handle substantial liabilities|0
CUST-1777|45|64599|0|100926|12|Journalist negotiates freelance pay rise acknowledging elevated professional profile permitting advanced commitment levels|0
CUST-1888|50|70189|720|40226|12|Event planner leveraging growing reputation expects promising trend continuing benefiting comprehensive planning scope|0
CUST-1999|62|44171|620|20173|12|Environmental scientist awarded research fellowship predicts upward mobility facilitating significant purchasing power enhancement|0
CUST-2010|30|40384|520|20121|12|Designer working remotely begins independent brand expecting sustained success encouraging prudent spending habits|0
CUST-2121|71|84581|740|99091|12|Pharmacologist engages in drug development program forecasting breakthrough advancing career stage ready for aggressive opportunities|0
CUST-2232|64|75237|0|150424|12|Account executive achieving year end bonuses view themselves deserving optimum returns thus embracing ambitious plans|0
CUST-2343|46|22264|540|19993|12|Security analyst starts online course aiming to shift focus areas believes skill acquisition will qualify for bigger bets|0
CUST-2454|70|54043|0|25154|18|Architectural drafter transitioning careers gaining profitable offers deeming current status ripe for upscaling strategies|0
CUST-2565|60|46635|0|15048|12|Consultant specializes in supply chain management having built robust connections feeling prepared tackling complex transactions|0
CUST-2676|55|84454|710|39815|18|Data engineer tapped for international role perceiving global exposure validating request for broader fiscal responsibilities|0
CUST-2787|68|59695|700|29938|12|Public relations expert targets media conglomerate demand suggesting maturity level suitable handling multifaceted engagements|0
CUST-2898|57|30499|560|19807|12|HR director contemplating own recruiting firm convinced they have adequate control over resources avoiding excessive indebtedness|0
CUST-2909|65|81229|720|44910|18|Corporate trainer eager for self-run seminars interprets past achievements translating them into lucrative endeavors requiring considerable initial input|0
CUST-3010|35|19662|540|20158|12|Systems analyst exploring machine learning field recognizes urge to innovate balanced against maintaining economic viability|0
CUST-1001|73|20910|580|100434|24|Entrepreneur facing startup expansion requires additional funding despite solid asset backing|0
CUST-1002|45|54846|670|84331|48|Doctor balancing clinic expenses needs short term financing options|1
CUST-1003|35|70193|730|129796|60|Student working part time while attending university seeks tuition assistance loans|0
CUST-1004|58|46249|600|149134|36|Military veteran transitioning into civilian employment; utilizing commission bonus repayments well above minimum requirement|0
CUST-1005|65|48480|590|75215|12|Blue collar worker dealing with overtime shifts requests flexible payment plan for personal growth seminar|1
CUST-1006|78|37525|620|90414|60|Retiree planning next phase after long career expects minimal impact on existing investments when taking out new mortgage|0
CUST-1007|40|62200|710|119364|12|Nurse at small local hospital looking to buy second home using equity from first house sale without significant dent in liquid funds|1
CUST-1008|39|29654|550|69829|12|IT professional aiming for early promotion uses credit card bonuses towards downpayment on car purchase ahead of expected raise|0
CUST-1009|24|19779|520|29948|12|College student applies for federal aid given limited earnings potential outside school environment|0
CUST-1010|47|57846|690|109930|48|Small business owner seeking venture capital infusion struggles under current leverage ratios|1
CUST-1011|64|53572|680|129012|12|Teacher accumulating extra pay during summer breaks wants an education leave package extended through yearend|0
CUST-1012|53|22320|540|25035|24|Bank teller near full quota wishes for salary increase tied directly to improved customer satisfaction scores|1
CUST-1013|67|40674|720|89550|12|Marine Corps serviceman contemplating discharge post deployment hopes his branch benefits will cover training program fees|1
CUST-1014|42|59121|660|150076|48|Healthcare administrator faced with patient backlog opts for temporary staff hiring spike before endowment project launch|0
CUST-1015|59|35592|640|100804|36|Marketing manager who recently hit sales targets desires flexibility around finances amid anticipated layoffs|1
CUST-1016|72|42227|650|109586|24|Real estate agent navigates volatile market conditions needing stability assurance prior to closing deals faster|0
CUST-1017|36|32175|590|69746|12|Public relations specialist applying for scholarship based solely upon academic excellence rather than financial status|1
CUST-1018|28|21164|500|159832|24|Construction supervisor plans major renovation requiring substantial upfront cost spread across several months|0
CUST-1019|61|44561|700|139032|12|Software developer negotiating severance agreement hoping to maintain lifestyle whilst pursuing freelance opportunities|1
CUST-1020|55|49005|650|119661|36|Academic advisor advocating for reduced teaching load citing chronic stress unrelated to students’ performance|0
CUST-1021|49|27089|560|25110|12|Security guard experiencing consistent tardiness fearing disciplinary action may require travel allowance adjustment|1
CUST-1022|62|42976|710|138826|24|Lawyer handling multiple cases feels increased liability insurance coverage would alleviate anxiety about large judgements|0
CUST-1023|33|38858|610|79740|48|Pharmacist whose drug distribution company faces bankruptcy considers refinancing her own residential property|1
CUST-1024|76|23045|530|29749|12|Consultant worried about diminishing client base proposes cross-training within firm could diversify sources of consultancy engagements|0
CUST-1025|66|48195|740|129060|12|Professor preparing for sabbatical wonders whether department grant allocations might stretch further considering faculty reduction proposal|1
CUST-1026|44|31381|600|75130|36|Architect employed predominantly abroad expresses concern regarding fluctuating currency exchange rates affecting purchasing power parity returning stateside|0
CUST-1027|57|36948|630|104777|24|Pilot affected by regional airline mergers doubts flight duty schedule changes won't impede aircraft certification requirements compliance|1
CUST-1028|41|46853|670|125963|48|Financial analyst speculates interest rate cut rumors prompt immediate portfolio restructuring required less stringent regulatory oversight|0
CUST-1029|54|45413|660|89231|24|Engineer focused intensely on product development cycle sees opportunity window narrowing necessitating rapid resource allocation|1
CUST-1030|74|29189|510|80100|12|Journalism professor aspires to publish independent works yet lacks sufficient credits accrual for tenure track progress|0
CUST-1031|38|33055|570|149255|12|Event planner managing rising venue prices strategizes against escalating event budgets threatens attendance quality compromise|0
CUST-1032|63|43138|680|119698|24|Graphic designer struggling with irregular gig assignments looks forward to secured position offers better compensation balance|1
CUST-1033|48|53976|700|144561|12|Technology ethics officer apprehensive over corporate privacy policy amendments urges stronger employee cybersecurity awareness initiative|1
CUST-1034|51|40355|690|134696|24|Environmental scientist analyzing climate change trends projects future research grants essential for sustained ecological study programs|0
CUST-1035|46|33761|580|75748|48|Adjunct instructor concerned about lackluster enrollment figures questions necessity for course offer renewal versus operational feasibility|1
CUST-1036|67|40880|720|109626|12|Operations manager coping with supply chain interruption eyes inventory valuation resilience reinforcement mechanisms|0
CUST-0034|29|75080|0|119326|12|Doctor facing unexpected surgery expenses straining finances despite good credit score|1
CUST-0423|55|21589|630|20147|12|Entrepreneur starting new venture; secured through personal guarantee ensuring repayment even though business stability isn’t proven yet|0
CUST-0578|50|34401|670|39801|18|Student working multiple shifts at factory while paying off student loans shows reliability despite lower annual earnings|0
CUST-0719|37|54808|700|79511|24|Retired military veteran receiving modest benefits struggles after deployment related healthcare increases financial burden significantly|1
CUST-0945|24|18956|580|9906|12|Blue collar worker overwhelmed by large mortgage relative to salary indicating potential default risks given current economic climate|1
CUST-1156|45|66830|650|130841|24|Engineer making substantial progress leading towards early tenure recognition although still underbankruptcy concerns because of aggressive investments|0
CUST-4999|41|70432|680|161598|18|Analyst near graduation level securing future promotions which suggest increased capacity for timely payment amidst market uncertainties|0
CUST-0023|55|66288|720|30154|12|Entrepreneur seeking startup funding; strong credit score despite aggressive expansion plans indicating potential over-leverage|1
CUST-0147|37|121020|810|248122|36|Doctor working at clinic near deployment zone facing unstable patient influx affecting finances|1
CUST-0281|44|53975|690|120754|36|Military veteran transitioning back into civilian life requires financial assistance for living expenses beyond their monthly paycheck|1
CUST-0359|59|35559|650|25026|24|Student applying for loans covering tuition fees while still employed part-time shows promising early career prospects|0
CUST-0463|62|70155|750|150547|60|Blue collar worker receiving overtime bonuses demonstrating ability to handle increased responsibilities without default risks|0
CUST-0582|27|39868|620|99525|12|Retail sales representative hit bonus targets last quarter showing reliable performance predictors good repayment capability|0
CUST-0694|48|58904|730|161030|36|Nurse managing patients effectively indicates an excellent capacity to manage multiple sources of income safely within tight budgets|0
CUST-0758|31|49315|700|201225|12|Freelancer showcasing varied projects secures necessary funds ensuring diverse income streams minimize defaults|0
CUST-0836|40|86426|0|161340|36|Real estate agent leverages property market knowledge suggesting confidence in long-term stability even amid short term fluctuations|1
CUST-0915|29|46345|600|129228|12|Software developer involved in coding bootcamp training newcomers displays commitment translating directly to dependable earnings|0
CUST-1024|52|66963|740|220587|36|Accountant handling firm accounts well enough expects regular salary increases signifying growing trustworthiness among peers|0
CUST-1149|33|51205|680|151234|24|Public relations specialist securing big corporation sponsorship exhibits profitable connections reducing payment concerns|0
CUST-1254|46|74168|800|268383|36|Physician assistant coordinating complex cases gains additional certifications boosting chances for advancement and higher wages|0
CUST-1367|50|65586|690|200869|24|Pilot undergoing flight school qualifies through insurance policy benefits highlighting safety nets available during uncertain times|0
CUST-1412|35|59183|720|248482|12|Marketing consultant attracting substantial leads promises sustainable business growth mitigating reliance solely on personal resources|0
CUST-1538|28|54980|670|139675|36|Art teacher developing skills attending various art fairs signals expanding clientele base fostering security against economic shifts|0
CUST-1659|45|70706|780|239180|36|Lawyer practicing solo law office establishing reputation solidified foundation prevents premature foreclosure scenarios|0
CUST-1783|53|68301|650|179933|12|Architectural draftsperson gaining recognition assists in acquiring private sector opportunities strengthening portfolio diversity|0
CUST-1895|38|79206|760|261684|36|Finan0 engineer utilizing cutting edge technology proves valuable asset leading project bids secure positions less susceptible to layoffs|0
CUST-1946|49|77236|710|210197|24|Chef opening restaurant chain using culinary expertise improves location accessibility enhancing brand loyalty decreasing delinquency likelihood|0
CUST-2055|42|86387|0|221115|36|Cybersecurity analyst protecting sensitive information receives cyber threat severity rating suggests critical importance heightening responsibility acceptance|0
CUST-2178|51|69041|680|160648|12|Journalism student winning journalism awards brings attention increasing employability probability maintaining consistent publication success reduces indebtedness chance|0
CUST-2299|36|57259|640|138937|36|Quality control supervisor streamlining production processes implies operational efficiency which supports company profit margins preventing downgrades|0
CUST-2413|26|45089|600|120461|24|Academic research librarian cataloguing rare manuscripts preserving collection integrity symbolizes dedication creating barriers against fiscal crises|0
CUST-2529|54|84570|820|231801|36|Engineering manager spearheading eco-friendly initiatives anticipates industry standards shift positioning ahead competitors thus affirming investment worthwhile limiting refusals|0
CUST-2642|47|71759|730|170179|12|Personal shopper advising clients about luxury brands cultivating exclusive relationships diminishing returns variance signaling secured purchasing power|0
CUST-2756|39|61737|650|150009|36|Information technician troubleshooting network issues averts system downtime hence safeguarding organizational productivity precluding slow progress claims|0
CUST-2867|55|85504|810|248419|36|Data scientist analyzing vast datasets revealing trend predictions suggest scalability opportunity amplifies value proposition hindering failure prognostics|0
CUST-5467|34|58392|670|99643|36|Entrepreneur needs startup funding; her venture shows promise despite current financial strains suggesting potential risks|0
CUST-2034|55|61045|650|149634|48|Student just graduated with tuition paid off yet facing an uncertain entry into full-time employment indicating possible challenges ahead|1
CUST-1122|50|54668|600|200072|18|Blue collar worker with overtime shifts working hard but might have unstable wage variability pointing towards increased default likelihood|1
CUST-6754|62|85497|740|351216|48|Engineer seeking investment advice seeks technological advancement opportunities showing promising innovative capacity alongside significant existing wealth implying reduced creditworthiness concerns|0
CUST-0054|52|22134|650|99398|36|Entrepreneur facing expansion needs despite limited personal finances|0
CUST-0167|47|69896|695|297793|48|Retired individual using inheritance as security against aging portfolio loans|0
CUST-0391|63|49762|715|199696|24|Doctor supporting two families; patient lifestyle leads to increased financial strain|1
CUST-0429|70|47376|700|181685|48|Nurse accumulating student debts while managing healthcare startup ventures|1
CUST-0588|29|26467|620|401924|48|Student working part-time at entry level position struggling under tuition fees|1
CUST-0634|38|59100|660|150967|36|Blue collar worker dealing with overtime pay cut affecting credit score negatively|1
CUST-0712|59|79843|730|495437|24|Bank employee nearing early promotions handling sudden loss through lawsuit claim|0
CUST-0843|66|32217|595|161178|48|Military veteran receiving deployment benefits impacting long term plans adversely|1
CUST_0951|27|21048|605|54584|36|Technology professional seeking investment advice amid fluctuating market conditions leading to reduced earnings potential|1
CUST-1023|42|75242|725|346724|12|Healthcare provider having multiple patients causing burnout influencing spending habits unfavorably|1
CUST-1109|34|62220|685|220935|48|Elementary school teacher experiencing declining sales targets pressuring budgets|1
CUST-1187|22|19373|590|45152|24|Software developer encountering unstable coding gig opportunities requiring additional financing options|1
CUST-1253|49|29527|655|140840|24|Architect planning retreat home renovation faces unexpected increase in material expenses|1
CUST-1312|58|52295|720|483248|12|Real estate agent during booming housing bubble unsure about leveraging current property holdings into new mortgages|0
CUST-1386|45|70682|720|370361|24|Consultant focusing on expanding business lines encounters shortfalls necessitating larger deposits than anticipated|1
CUST-1459|36|64026|660|191811|48|Graphic designer juggling commission projects suffers from delayed bonuses diminishing liquidity|1
CUST-1517|55|86204|735|396340|12|Financial analyst coping with volatile stock predictions forced to secure higher equity stakes ahead of time|1
CUST-1623|65|43690|630|301195|36|Public relations specialist recovering lost wages after company downsize seeks immediate repayment assurance|1
CUST-1738|31|39961|650|171651|24|Journalism graduate starting freelance career deals more creditor stress compared to full-time employment|1
CUST-1842|57|41456|690|261312|36|Marketing coordinator transitioning between firms finds need for better insurance coverage increasing liabilities|1
CUST-1965|28|34844|640|321541|48|Pharmacy technician covering own medication premiums struggles when faced with an injury event raising deductibles|1
CUST-2099|44|54145|710|148749|24|Paralegal awaiting court verdict feels compelled to allocate funds excessively towards legal defensive measures|1
CUST-2175|53|74992|730|429753|12|Account manager adjusts strategy midway reducing project scope thereby lessening required outlays|0
CUST-2254|48|37491|0|140917|36|Lawyer takes up pro bono cases enhancing social responsibility yet balancing books remains challenging|1
CUST-2332|23|22238|580|201175|48|Advertising copywriter securing second job deal compensates extra hours resulting in elevated monthly obligations|1
CUST-2441|37|82287|735|413244|12|Data scientist receives grant funding allowing greater focus on research rather than consumer lending practices|0
CUST-2567|62|58418|740|338695|48|Media planner attaining independent media production rights invests heavily initially then stabilizes spendings later|0
CUST-2683|56|48906|670|279623|36|Director assistant prioritizing skill enhancement endangers timeline adherence potentially escalating risks|1
CUST-2794|46|47422|680|129837|48|Content writer hobby farmer gains substantial produce yield offsetting food purchases hence improving net worth slowly|0
CUST-2899|29|69842|720|467903|24|Editorial intern starts selling craftwork online generating passive income alleviating reliance on main salary source|0
CUST-2945|39|79322|740|231682|48|Production supervisor exploring side jobs incurs initial setback before finding balance ensures continued stability|0
CUST-3056|43|52111|660|158587|36|Corporate lawyer advises firm switch brings temporary uncertainty demanding strict scrutiny until profitable establishment proves viable|1
CUST-3178|64|49029|690|357990|12|Audiologist providing charity services accepts lower fee donors help meet basic cost standards maintain quality care|1
CUST-3299|52|44862|700|181035|24|Publishing executive negotiates bulk discount reduces necessary inventory acquisition thus easing payment schedules|0
CUST-3423|30|83872|735|418755|36|Writing coach teaching aspiring authors decides direct engagement minimizes overhead versus third party courses offers freedom too much flexibility making it hard to commit|1
CUST-3557|58|76624|735|387962|48|Webmaster optimizing content drives traffic uplift translating into organic growth attracting sustainable clientele gradually bolstering accounts receivable|0
CUST-3689|47|55607|680|149849|36|Pilots mentoring young aviators face irregular flight paths implying variable rates which may delay accruement consistency|1
CUST-4789|55|50428|720|69460|12|Doctor worried about lawsuits related to malpractice affecting credit score greatly despite good personal finances|1
CUST-8312|35|75685|650|40022|12|Entrepreneur facing unexpected legal fees straining financial resources though business looks promising|1
CUST-2234|29|19651|620|29831|24|Student accumulating tuition expenses beyond initial estimates leading to tightened belts|1
CUST-6419|45|79530|700|79303|12|Retiree dependent solely on limited insurance benefits struggles under new healthcare regulations impacting loans|1
CUST-1203|40|60628|680|49573|12|Military veteran encountering deployment delays causing unforeseen living expenses without additional pay|1
CUST-7652|32|29948|610|14855|24|Blue Collar worker dealing with reduced overtime after plant restructuring faces difficulty managing existing liabilities|1
CUST-9827|28|40590|580|20050|24|Bank teller experiencing sudden reduction in hours complicates monthly bills against backdrop of consistent earnings|1
CUST-5641|41|55909|700|39726|12|Health sector professional grappling with increased patient loads resulting in delayed salary disbursement while covering home mortgage|1
CUST-3910|30|44369|550|100942|12|Lawyer confronting multiple cases simultaneously leads to stretched budgets even when billable rates seem adequate|1
CUST-6589|26|14895|520|8073|12|Nurse handling critical care patients finds it hard to allocate funds towards household needs amid rising operational demands at hospital|1
CUST-8123|47|68904|690|54766|24|Real estate agent struggling to meet sales targets which causes tension between current lifestyle expectations vs actual disposable income available|1
CUST-5342|38|86098|760|70659|12|Account manager hit by client bankruptcy incurring large contingent obligations risks compromising own fiscal stability|1
CUST-9731|36|64411|670|19972|24|Marketing specialist experiences rapid industry changes forcing reskilling investments threatening short term liquidity balance|1
CUST-4876|44|74265|660|34720|12|Engineering graduate securing first employment deals long-term future prospects hinge upon navigating student loans carefully|1
CUST-1592|27|28328|570|60090|24|Journalism internship stipend barely covers rent plus modest daily sustenance; uncertain career path introduces volatility into spending habits|1
CUST-7432|49|100827|680|24815|12|Pilot coping with airline layoffs questions ability to sustain flight training membership dues given fluctuating passenger load factors|1
CUST-5134|50|72137|650|30035|24|Cybersecurity expert pays off significant startup equity early yet remains vulnerable to market downturns potentially influencing secured creditor calls|1
CUST-8645|25|19684|550|15087|12|Public school teacher encounters mandated lower class sizes reducing teaching hours thus challenging regular cost coverage plans|1
CUST-3312|22|11826|530|8028|24|Freelance graphic designer juggles project deadlines ensures irregular flow of freelance payment interferes with planning essential maintenance outlays|1
CUST-7654|33|34406|600|20145|12|Child life coordinator receives inconsistent funding through nonprofit grants creates uncertainty around yearly compensation required for familial responsibilities|1
CUST-2891|51|60806|690|18023|24|Social media strategist balancing creative passion projects seeps into necessity spend limit leaving scant buffer for other commitments|1
CUST-4376|42|46245|670|22176|12|Professional organizer assists elderly clients financially provides comfort security concern arises regarding self-preservation during economic contractions|1
CUST-6741|37|80670|660|29949|12|Opera singer secures substantial patron sponsorships alleviates immediate need concerns surface regarding consistency across seasons|1
CUST-8903|24|14069|500|6059|12|Academic counselor utilizes scholarship excessively focus shifts toward educational advancement detr0ring attention away from individual wealth building activities|1
CUST-9281|39|64883|720|45248|12|Automobile dealership owner’s recent acquisition requires considerable upfront resource allocation raises doubt whether remaining inventory sale price will cover original purchase value before interest accrual period begins|1
CUST-4176|46|81529|700|31926|24|Technology consultant transitioning industries expects higher ROI soon however apprehensive their past ventures may have skewed local community trust vital for social networking opportunities crucial for continued growth trajectory|1
CUST-6912|23|54773|600|9924|12|Architectural draftsperson adapting design portfolio scope reduces overhead potential endanger principal residence asset protection until firm stabilization occurs post merger announcement|1
CUST-7532|43|76031|750|15146|12|Event planner engages more frequently in gig economy events arranges less lucrative celebrations heightening fear exposure exceed limits set forth within most favorable case scenario preparatory documentation suggests careful expansion strategy adoption necessary moving forward|1
CUST-5476|29|22307|510|17000|24|Pharmaceutical representative negotiates drug patents exclusivity phase elapses rapidly escalate competitive pressures prompt anxiety surrounding next quarter profit margins|1
CUST-3142|34|62524|650|27763|12|Data analyst transitions company acquires smaller analytics firms integrating various systems increase complexity necessitate extensive education program enrollment decision making process stresses importance of maintaining relevant certifications|1
CUST-001|45|59804|720|149222|36|Medical practitioners facing unexpected health expenses despite strong patient base and regular earnings|1
CUST-012|38|79175|700|198552|24|Retired military personnel receiving generous bonuses yet struggling with overwhelming unplanned veteran benefits related liabilities|0
CUST-023|25|40533|590|99891|12|Entrepreneurs who secured venture funding have experienced rapid expansion leading to significant operational risks requiring new financing rounds|1
CUST-034|50|110842|0|50321|18|Young investors managing substantial portfol0ids face market volatility causing liquidity concerns while still maintaining good creditworthiness|0
CUST-045|62|96284|710|219204|24|Bank employees at entry level securing promotions exhibit early signs of career advancement against their backdrop of relatively modest initial salaries|0
CUST-0019|55|30141|620|50445|36|Entrepreneur facing startup expansion challenges amid market uncertainty|1
CUST-0027|43|55638|670|201047|48|Doctor working long shifts at clinic dealing with an unpredictable patient load affecting stability|1
CUST-0045|34|61077|700|150357|24|Nurse balancing classroom teaching duties during school semesters causing stressful finances|1
CUST-0053|62|76232|690|297076|60|Student juggling tuition fees while aiming for entry-level positions impacting saving abilities|0
CUST-0067|28|39586|650|120508|24|Blue collar worker receiving overtime wages yet struggling under shift demands|1
CUST-0075|38|79060|720|219638|48|Military veteran returning home faces deployment changes disrupting financial planning|1
CUST-0081|47|67909|710|180641|36|Retiree depending heavily on fixed income which may fluctuate unexpectedly post-retirement adjustments|1
CUST-0092|23|32010|600|100514|24|Unstable investor portfolio leading to inconsistent dividend flow despite good credit score|1
CUST-0103|51|72566|680|208705|48|Healthcare professional grapples with lawsuits related to malpractice incidents reducing available funds|1
CUST-0114|33|47979|670|158953|24|Construction laborer experiencing declining revenue after industry downturn complicates repayment plans|0
CUST-0122|26|53966|640|149937|36|Lawyer managing sales targets suffers gambling losses diminishing liquidity options|1
CUST-0131|44|76036|700|228787|60|Account executive receives bonuses regularly; however, aggressive spending habits lead to potential instability|1
CUST-0142|39|85493|720|251452|48|Software developer benefits from strong software knowledge base securing multiple employment opportunities ensuring solvency|0
CUST-0153|25|61073|650|140938|24|Academic research assistant obtaining grants struggles financially outside academic cycle periods|1
CUST-0165|41|74156|690|191128|36|Professional athlete transitioning into coaching earning less than before injury compromises ability to cover large loans|1
CUST-0178|29|60024|700|159751|24|Public servant’s salary insufficient against city living expenses exacerbates reliance on public assistance programs|1
CUST-0189|37|77924|730|199628|48|Engineering consultant handling complex projects risks project delays negatively influencing paycheck consistency|1
CUST-0196|52|80902|680|268145|60|Real estate agent specializing in commercial properties finds difficulty predicting property appreciation rates potentially straining personal wealth management strategies|1
CUST-0207|22|57699|640|131197|24|Marketing manager utilizes social media skills adeptly increasing clientele growth rate safeguarding borrowing capacity|0
CUST-0218|45|73174|670|169422|36|Physician faced mandatory rotation away from established location leads to temporary loss of regular patients hence reduced income stream making it difficult to manage larger loan amounts|1
CUST-0229|36|84075|740|241869|48|Financial advisor skilled in asset allocation secures sufficient returns through diversified stock holdings maintaining positive balance sheet health indicators allowing sustainable loan qualification|0
CUST-0241|24|55626|630|119090|24|Journalist covering local news experiences volatile assignment schedules hindering consistent payment capability thus posing threat when taking out significant loans|0
CUST-0253|43|78057|710|257433|60|Bank employee possessing extensive bank account expertise effectively navigating customer relations assists clients achieving desired fiscal objectives enabling safe lending practices|0
CUST-0264|35|77257|690|209313|36|Architect known for architectural design prowess deals with cyclicality inherent within construction sector possibly limiting reliable monthly revenues crucial for servicing hefty mortgage obligations|1
CUST-0031|22|35032|690|199321|48|Entrepreneur managing startup finances amid expansion challenges|1
CUST-0374|55|61305|730|99095|36|Student working part-time jobs while attending university|0
CUST-0586|45|78410|700|211433|60|Doctor juggling clinic responsibilities seeks additional funding|1
CUST-0793|33|50370|650|79220|24|Nurse looking forward to early retirement plans faces financial instability risks|1
CUST-0917|58|83593|720|302297|36|Blue collar worker dealing with overtime demands needs short term financing options|0
CUST-1029|40|37911|680|40150|12|Retired military veteran transitioning into civilian life requires mortgage assistance|1
CUST-1145|30|47845|710|60064|24|Young teacher aiming at tenure stability worried about potential tuition increases|0
CUST-1272|27|29426|640|149726|36|Bank teller facing declining sales targets wants credit facility extension|1
CUST-1390|52|69229|720|219039|60|IT professional saving up for self employment considers taking out an equipment lease|0
CUST-1518|41|54376|690|179663|24|Small business owner seeking venture investment guidance through loans|0
CUST-1637|62|73773|670|239281|36|Real estate agent needing funds for property acquisition shows strong repayment capability|1
CUST-1754|35|41291|660|90367|24|Architectural draftsperson uses creative portfolio building techniques to enhance earnings|1
CUST-1876|49|72344|700|300543|36|Freelance writer experiencing unstable monthly revenues requiring flexible payment plan|1
CUST_0925|54|50042|710|110478|24|Marketing specialist leverages social media expertise for brand growth opportunities|0
CUST_0933|28|45492|640|84359|36|Photographer exploring new market segments encounters increased expenses demanding extended payments|1
CUST_0952|47|72579|680|231824|24|Graphic designer balancing multiple clients looks towards refinanced personal loan offerings|0
CUST_0978|43|53531|710|159100|36|Operating systems analyst pursuing higher education credits utilizes student discount accounts|1
CUST_0991|36|45224|670|99029|24|Logistics coordinator negotiates favorable trade routes which could improve future profit margins|0
CUST_1010|21|39593|720|120334|48|Automobile dealership employee contemplates purchasing his own car despite tight budgets|1
CUST_1023|39|76346|650|249338|36|Airline reservations clerk preparing for possible layoffs opts for asset protection insurance policies|1
CUST_1034|44|62674|660|130171|24|Event planner organizing large scale events fears event cancellations may affect income flow|1
CUST_1045|31|37607|690|75310|36|Financial advisor focused on long-term wealth accumulation strategically diversifies their clientele base|0
CUST_1059|29|70939|700|221811|24|Software developer eager to innovate secures patents anticipating substantial returns after product launch|0
CUST_1077|53|65949|640|138826|36|Publishing assistant covers rising living costs via educational grants available within community college programs|1
CUST_1092|32|40088|720|60065|48|Childcare provider supports two families simultaneously; reliant upon consistent child care subsidies|0
CUST_1103|46|68295|680|168690|36|Health services manager devising cost reduction methods without compromising patient quality assists fellow staff members during peak season|1
CUST_1115|23|51183|700|79556|24|Community health educator planning career shift toward wellness industry practices gains confidence through further certifications|0
CUST_1126|48|72700|660|190512|36|Transportation logistics supervisor concerned about fuel price hikes takes steps to mitigate transportation costs|1
CUST_1138|34|58439|650|151144|24|Public relations officer navigating changing communication trends finds solace in digital literacy courses offered locally|0
CUST_1151|41|60550|720|179306|36|Computer programmer engaged heavily in coding boot camps sees improved software development skills leading to better project bids|0
CUST_1163|50|75089|690|258143|48|Digital content curator optimizing engagement rates employs analytics tools to understand audience preferences more deeply|0
CUST_1174|35|52498|0|171320|24|Advertising agency account executive securing major campaign wins receives bonuses supporting lifestyle goals|1
CUST_1186|42|63213|700|158522|36|Corporate trainer dedicated to leadership training helps young professionals develop critical management abilities provides mentorship sessions|0
CUST_1199|26|54603|680|130649|48|Media buyer adept at crafting compelling narratives adapts promo tactics when faced with shifting consumer interests ensures continued relevance|0
CUST_1211|45|78307|710|198295|36|Design consultant applying graphic design principles achieves recognition among niche art communities opens gallery exhibitions|1
CUST_1223|33|59322|670|155586|24|Travel blogger who writes extensively on eco-friendly tourism enjoying increasing subscriber count invests back into sustainable travel initiatives|0
CUST_1236|47|77164|700|209403|36|Librarian passionately advocating information accessibility works closely with authors expanding library resources fostering cultural awaren0renship|1
CUST_1248|29|50016|720|146011|48|Website UX researcher identifying user satisfaction factors implements feedback mechanisms improving online experience retains users longer|0
CUST-1024|35|19781|590|49655|24|Entrepreneur uses startup funding wisely ensuring stability despite recent expansion risks|0
CUST-4578|50|50031|670|150408|48|Doctor earning well above average treats patients using personal funds until clinic opens next month|1
CUST-6753|72|151541|770|201847|12|Retired veteran receives modest government stipend; secured loans against property holdings safeguard finances|0
CUST-2219|55|34913|500|70296|12|Student works part-time at local coffee shop meets tuition fees each semester without financial strain|0
CUST-8834|65|80503|680|100243|24|Military personnel returns home after deployment secures employment maintaining living expenses comfortably|0
CUST-4391|45|39457|0|74325|12|Blue collar worker overcomes shift schedule demands through meticulous household management balancing books fine|0
CUST-9876|28|9994|540|22012|24|Bank teller saves dilig0ngly accumulates bonuses which buffer unexpected life events effectively|0
CUST-5432|48|71160|650|150120|12|Lawyer deals with fluctuating case loads managing lifestyle requirements adeptly though sometimes stretch thin financially|1
CUST-3390|60|108771|720|179265|24|Real estate agent leverages skills building substantial equity quickly while handling mortgage responsibly|1
CUST-7823|39|65542|620|94256|12|Graphic designer self-funds project completion before sales finalized resulting temporary instability acknowledged|1
CUST-2654|57|21752|590|79487|24|Nurse utilizes hospital benefits covering most healthcare needs leaving little excess capacity|0
CUST-6490|21|29524|500|50451|12|Local store owner maximizing small profit margins successfully navigating tight budgets|0
CUST-5513|40|61045|580|140404|24|Construction laborer builds up skillset leading to higher wages gradually stabilising outlook|0
CUST-1124|32|34990|610|89491|12|Plumber reinforces customer base increasing business scope slowly yet secure future prospects|0
CUST-9278|26|50490|570|201845|12|Engineer focuses career growth within firm limits enabling significant annual raise anticipated soon|0
CUST-4856|42|63967|660|120378|12|Call center representative advancing rank could improve salary range predictably keeping pace|0
CUST-2735|44|132445|700|149838|12|Accountant stays clear of credit card temptation amassing surplus consistently|0
CUST-3567|29|44781|590|75181|12|Freelancer juggles multiple projects expertly crafting sufficient safety net between gigs|0
CUST-7182|46|55697|670|158806|24|Advertiser thrives under promotional boom securing comfortable paycheck regularly|1
CUST-6134|22|71163|520|140545|12|Journalist optimizes freelance opportunities progressively developing industry reputation steadily|0
CUST-4015|41|80054|640|169268|24|Event planner allocates extra profits towards professional development reducing dependency potential rapidly|0
CUST-5983|53|19744|600|150188|12|Marketing assistant cultivates clientele network methodically improving compensation incrementally|0
CUST-3284|58|120636|730|250349|12|Financial analyst enhances investment portfolio diversifying asset classes conservatively growing wealth safely|0
CUST-2351|33|21985|530|120260|12|Barista becomes manager negotiating better hours efficiently raising bank balance sustainably|0
CUST-9682|27|64502|650|128724|12|Personal trainer attracts more clients applying innovative marketing strategies boosting revenues systematically|0
CUST-6754|59|25243|560|180375|12|Software developer applies coding knowledge full time refines programming abilities expanding technical domain impressively|0
CUST-4856|42|63778|660|120389|12|Analytical consultant harnesses analytics toolkit sharpens forecast precision solidifies fiscal standing continuously|0
CUST-9278|26|50574|570|201114|12|Research scientist publishes findings gain credibility thus opening doors lucratively broadening intellectual niche assiduously|0
CUST-0234|45|29432|650|90132|12|Entrepreneur facing startup expansion needs despite strong financial position|0
CUST-1987|72|121579|810|49677|18|Retired military veteran with healthcare expenses exceeding personal resources|1
CUST-4562|34|70487|690|74505|24|Student applying for tuition assistance program showing promise in early career stages|0
CUST-8391|55|21873|630|34993|20|Blue collar worker dealing with overtime leading to higher than average payments towards loans|1
CUST-5623|29|65980|720|48194|12|Health sector professional handling unexpected lawsuit related cost while maintaining good credit score|0
CUST-2781|38|49875|670|39820|24|Teacher planning long term investments after reaching tenure milestones having consistent earnings report|0
CUST-0923|75|83847|780|159736|18|Bank executive seeking funds for company venture amid fluctuating market conditions; however retains substantial reserves indicating reliable repayment capability|0
CUST-4876|45|152150|770|49608|12|Consultant who recently received an award which increases potential future income stability beyond current need assessment|0
CUST-3214|67|39582|650|54851|24|Lawyer transitioning into private practice accumulating client base yet still undergoing legal education period requiring student aid|0
CUST-5543|31|79999|750|69519|18|Amid uncertain sales targets within their role at a commission basis firm, they exhibit sound judgment managing finances effectively|0
CUST-2789|55|27451|700|34684|12|Medical resident covering living and educational expenses through part-time clinic shifts demonstrates dedication without compromising quality care standards|1
CUST-8902|29|35569|710|29995|24|Startup founder balancing risks against innovative growth opportunities shows prudent management skills indicative of lower default probability|0
CUST-6743|38|81501|730|80395|12|Engineering graduate securing employment immediately post school suggests promising financial trajectory though initial salary may appear modest|0
CUST-0423|44|108900|690|118935|18|Real estate agent leveraging property holdings assures lender via additional collater0als hence reducing likelihood of nonperformance|0
CUST-7891|52|59875|740|69482|24|Nursing home staff responsible for patient welfare also receiving competitive remuneration evidencing reliability when considering secured asset guarantees|0
CUST-3342|71|110524|760|131131|12|Business analyst working closely with corporate financiers expects continued engagement fostering confidence in timely loan amortization plans|0
CUST-0562|28|73665|700|55306|18|Physician specializing in pediatrics anticipating bonus increments upon hospital accreditation signals optimism regarding fiscal responsibility|0
CUST-4621|58|217757|780|60319|24|Marketing director negotiating better deals across various platforms displays adeptness potentially translating to increased returns ensuring solvency|0
CUST-6534|42|91105|720|84973|12|Financial advisor advising clients about wealth maximisation strategies implies sufficient insight into effective money allocation lessening perceived defaults|0
CUST-8976|35|78035|750|45237|24|Quality control manager aspiring toward leadership roles reveals ambitions suggesting possible elevated capacity for taking responsibilities including obligatory disbursements|0
CUST-1934|47|64052|690|40159|18|Software developer focusing intensively on learning new programming languages might seem precarious financially initially until skill acquisition improves compensation prospects|0
CUST-6875|53|29486|0|54498|24|Pharmacist engaged in community outreach programs displaying altruism could have external funding affecting ability to manage liabilities independently|0
CUST-2345|37|90599|760|69544|12|Paralegal aiming for paralegal certification indicates commitment to enhancing qualifications thereby justifying more significant borrowing power given improved credibility|0
CUST-0789|26|60429|680|34974|18|Special Education teacher involved in multiple grant applications hints at prospective increase in annual allowance warranting larger sums being allocated back to institution rather than individual borro0rship|0
CUST-4823|51|40261|670|64582|24|HR coordinator striving for department head position showcases upward mobility implying greater access to organizational coffees thus diminishing necessity for separate financing sources|0
CUST-9745|40|70388|730|89912|12|Pilot preparing for commercial flight licensure represents growing industry involvement projecting augmented value propositions making it feasible to undertake sizeable agreements sans supplementary security measures|0
CUST-5132|44|103616|750|80761|18|Construction supervisor advancing safety training initiatives denotes focus on self-improvement possibly correlating with heightened trustworthiness amongst peers capable of endorsing extended lines of credit|0
CUST-8967|31|56085|680|44560|24|Community Outreach Coordinator participating actively in local charitable events illustrating philanthropic endeavours argues for reduced propensity towards immediate liquid demands whilst bolstering public esteem influencing favorable monetary dynamics|0
CUST-1201|54|32085|620|79834|24|Medical professionals facing unexpected expenses despite good credit score|1
CUST-1456|75|76315|780|198915|36|Retired individuals taking advantage of strong familial financial network|0
CUST-0823|67|18237|610|10003|12|Student working multiple jobs while managing tuition fees responsibly|1
CUST-2547|34|54886|730|208558|36|Entrepreneur expanding business without personal guarantee beyond loans needed|0
CUST-3982|62|40379|600|74495|18|Blue collar worker saving up before major life event planned|1
CUST-0021|32|64075|660|50099|12|Entrepreneur seeking expansion funds despite fluctuating sales figures|0
CUST-0045|48|84583|690|159115|18|Doctor managing clinic operations secures loan against patients' commitments|0
CUST-0078|72|32035|560|39886|12|Student pays off tuition through part-time jobs before graduation|0
CUST-0112|55|78414|720|238817|24|Military veteran utilizes deployed benefits towards housing mortgage|0
CUST-0133|35|50031|0|20052|12|Nurse uses patient bills guaranteeing repayment plan stability|0
CUST-0165|60|48646|680|239454|24|Retired teacher receives consistent state teaching salaries supporting large home loans|0
CUST-0189|58|80532|710|220077|24|Engineer secured venture funding assuring rapid growth potentials|0
CUST-0216|25|35486|550|119768|12|Blue collar worker earns overtime wages covering extra expenses|0
CUST-0234|45|59908|630|178334|24|Bank teller achieves early career success using customer goodwill bonuses|0
CUST-0259|57|74937|700|228187|24|Real estate agent builds portfolio rapidly enough to finance own properties|0
CUST-0275|51|68163|620|190658|24|Lawyer confident about legal fees covered under contingency deals ensuring solvency|0
CUST-0299|28|39419|540|139588|12|Young entrepreneur backed up by parents’ investment navigates initial business phase|0
CUST-0312|67|49721|610|211238|24|School principal accumulates wealth steadily after district increase in payroll|0
CUST-0336|37|51038|600|220958|12|Childcare provider pockets regular tips making monthly installments viable|0
CUST-0358|69|79989|750|258635|24|Software developer acquires latest gadgets securing personal credit lines responsibly|0
CUST-0381|46|74251|670|201631|24|Marketing manager draws upon company stock options balancing outstanding obligations|0
CUST-0403|54|55922|640|170566|24|Freelancer juggles multiple gigs keeping living standards comfortable while lending securely|0
CUST-0426|26|41516|530|148934|12|Waitress leverages loyalty program discounts into substantial down payment capacity|0
CUST-0449|66|68914|660|250977|24|Financial analyst maintains moderate spending habits post bonus season allowing larger purchases|0
CUST-0472|49|60036|690|208748|24|Graphic designer sells artwork occasionally offsetting higher cost items such as cars|0
CUST-0495|53|76790|740|228451|24|Call center supervisor saves aggressively during vacation months financing big life events|0
CUST-0518|29|41300|520|161014|12|Part-timer maximizing freelance opportunities meets stringent requirements at local bank branch|0
CUST-0541|62|69837|0|219762|24|Auto mechanic invests windfalls into property equity enabling significant leverage transactions|0
CUST-0565|56|79950|720|239454|24|Event planner negotiates favorable rates across services leading to more disposable income for quality borrowerships|0
CUST-0588|33|44727|510|130323|12|Data entry operator focuses on saving strategically reducing reliance on external aid sources|0
CUST-0602|58|74249|0|269093|24|Personnel coordinator develops skillset diversifying financial base sufficiently beyond basic needs|0
CUST-0626|44|61623|670|208933|24|International trade consultant establishes global connections assisting domestic market integration|0
CUST-0649|31|51049|560|139526|12|Public school librarian cultivates educational resources pool providing collateral security|0
CUST-0672|63|80465|730|281868|24|Health care assistant allocates insurance premiums effectively supplementing necessary health products|0
CUST-0697|24|37023|500|120550|12|Local grocery store owner amasses inventory value serving dual role as asset backing new equipment acquisitions|0
CUST-0719|47|77432|710|260946|24|Chief executive officer employs robust performance evaluations translating directly into fiscal solidification practices|0
CUST-0742|52|75142|680|229515|24|Pharmaceutical research scientist harnesses grant money efficiently applying it toward long term goals without excessive strains|0
CUST-0765|64|82872|740|289190|24|Architectural draftsperson captures unique designs attracting affluent clientele facilitating luxury purchase plans|0
CUST-0788|36|45490|550|149974|12|Security guard systematically sets aside uniform allowances creating safety net buffering any unforeseen shortfall|0
CUST-0811|55|82912|720|269185|24|Pilot flies frequently obtaining frequent flyer miles converting them effortlessly into competitive interest rate offers|0
CUST-0834|48|77573|700|250769|24|Medical transcription specialist hones typing skills which translate meticulously onto professional network expanding prospects significantly|0
CUST-0857|27|42841|520|140629|12|Jeweler refines craftsmanship honing reputation among elite circles naturally generating demand surpassing normal limits consistently|0
CUST-2112|58|49887|700|29715|12|Entrepreneur uses startup funds prudently; credit score strong despite business risks|0
CUST-0543|24|15187|580|79424|36|Medical professional faces unexpected expenses exceeding insurance coverage while maintaining good repayment ability through other earnings|0
CUST-8976|40|21989|620|99778|18|Retired teacher living off pension yet able to manage higher than anticipated monthly payments thanks to longstanding investments|0
CUST-1753|55|64287|690|200795|24|Student pursuing graduate degree manages balance between tuition fees and personal loans effectively|0
CUST-6621|42|16941|670|150032|24|Blue collar worker receives overtime wages which compensates for larger-than-expected mortgage commitments|0
CUST-3218|50|81336|720|119875|18|Finanley officer secures early promotion leading to increased salary capacity post deployment extension|0
CUST-4876|35|24840|650|218232|24|Doctor working extra shifts finds additional income sufficient to cover slightly above average home financing needs|0
CUST-9204|28|12982|590|140838|24|Engineering technician benefits from employer’s dividend plan easing upfront college payment burdens|0
CUST-5123|52|66247|640|211959|24|Public servant accustomed to variable shift schedules utilizes government housing grants to lower borrowing requirements|0
CUST-0465|37|73588|680|179015|12|Healthcare provider leveraging inherited wealth ensuring ample margin even when facing unpredictable patient cases|0
CUST-8913|45|82545|760|211479|18|Marketing manager at nonprofit organization balances modest lifestyle against hefty student loans|0
CUST-3372|48|119471|710|149860|12|Physics lecturer accumulates expertise enabling sound judgment towards substantial rental property purchase|0
CUST-6481|53|47564|650|129936|12|Architect specializing in sustainable designs draws strength from diverse clientele base mitigating economic downturn effects|0
CUST-2144|46|52844|690|161219|24|Software developer gains significant experience reducing reliance on volatile freelance gigs allowing secure large vehicle acquisition|0
CUST-7309|40|53906|660|170447|12|Biomedical research assistant saves diligently resulting in comfortable health care premiums during uncertain tenure periods|0
CUST-9958|59|62712|710|201258|12|Journalist experiences varied assignments affording luxury car ownership whilst retaining essential travel fund flexibility|0
CUST-1537|39|77769|650|141177|12|Corporate lawyer adeptly handles complex deals providing safety net amid fluctuating court verdict outcomes impacting finances|0
CUST-0642|43|58158|640|191785|12|Cybersecurity analyst exploits technical prowess securing favorable refurbishment project returns supporting new house downpayment plans|0
CUST-3821|28|29420|580|110842|24|Research scientist enjoys promising academic career path granting room for responsible small vacation splurges annually|0
CUST-5178|34|46042|670|134154|12|Psychologist cultivates therapeutic community relationships facilitating occasional private school contributions alongside basic necessities assurance|0
CUST-8023|47|83154|720|158973|12|Aerospace engineer applies precision skills translating into advantageous stock portfolio diversification offsetting potential market dips affecting stability|1
CUST-2764|36|59923|660|170339|24|Data Scientist excels in machine learning applications optimizing household grocery budgets against rising inflation pressures|0
CUST-1259|50|53374|700|153618|12|Chemistry professor blending teaching duties with consultancy roles achieves equilibrium handling child education plus sizable annual retreats|0
CUST-9731|41|56623|680|184801|24|Environmental Lawyer navigates legal intricacies successfully safeguarding quality life along eco-friendly practices fostered clients appreciation adding bonus secured future residences comfortably|0
CUST-6823|44|70297|630|138636|12|Mechanical Engineering Technician mastering innovative design processes contributes significantly toward reliable automobile maintenance account|0
CUST-0031|45|151419|730|60028|24|Entrepreneur struggling after startup failure; still meeting monthly obligations thanks to creditworthiness|0
CUST-1042|55|59503|700|40303|36|Retired military veteran dependent solely on government benefits despite higher than average annual earnings last year|0
CUST-2134|35|109125|680|160088|24|Doctor working long hours at clinic without private insurance faces sudden hospital bills causing financial strain|1
CUST-3145|58|68953|720|47906|24|Student living off part-time tuition payments while managing student loans well above recommended levels|0
CUST-4256|70|80189|670|29992|36|Lawyer facing legal fees related to case won unexpectedly leads to an abrupt drop in disposable income|0
CUST-5367|40|253125|750|181211|48|Nurse dealing with overtime shifts during flu season impacting personal finances negatively|1
CUST-6478|52|83538|710|219294|24|Blue collar worker receives bonus which helps cover large mortgage payment keeping overall expenses under control|0
CUST-7589|27|100360|690|120815|36|Technician laid off mid-year experiences shortfall between unemployment aid and household needs|1
CUST-8601|42|50004|740|209891|24|Real estate agent enjoys good market conditions yet maintains modest lifestyle through prudent investment choices|0
CUST-9712|33|74346|680|201376|24|Small business owner incurs loss against growing company revenues leading to temporary liquidity issues|1
CUST-0123|61|159868|730|199526|12|Private school teacher accumulates wealth beyond teaching salary via side hobbies and freelancing|0
CUST-1234|39|118129|700|278921|48|Journalist secures article writing bonuses ensuring essential outgoings such as rent remain within reach|0
CUST-2345|57|244497|740|258647|36|Public servant contributes significantly towards housing though lives below middle class comfort level|1
CUST-3456|48|179852|690|100149|24|Financial analyst leverages analytics skills to reduce unnecessary spending thus increasing net worth potential|0
CUST-4567|60|150453|720|250664|24|Professional athlete endorsement deal allows balanced distribution across all necessary fiscal responsibilities|0
CUST-5678|34|196092|680|170158|24|Engineering graduate starts career early saves enough for college fund repayment ahead schedule|0
CUST-6789|63|221266|750|140492|24|Marketing manager utilizes skillset efficiently resulting in less need for external financing sources|0
CUST-7890|41|174254|700|227005|48|Bank teller maximizes tips received regularly allowing consistent saving habits even when faced with minor life events|0
CUST-8901|26|93484|690|115349|36|Software developer invests heavily into own home renovation project using disciplined approach toward other leisure activities|0
CUST-9012|38|233427|720|208347|24|Construction supervisor negotiates lower interest rates securing better standing amongst peers regarding liabilities|0
CUST-0123|59|137245|730|210469|12|Consultant advisory role provides ample opportunities for reinvestment back into professional development|0
CUST-1234|54|199175|710|178371|24|Graphic designer finds balance between luxury purchasing and setting aside money for future ventures|0
CUST-2345|62|163104|670|190840|48|Pilot navigating transition phase uses experience gains value more valuable than expected surpassing initial forecasts|0
CUST-3456|49|131049|720|220822|24|Advertising coordinator harnesses networking ability effectively reducing reliance on outside resources|0
CUST-4567|36|181637|740|258458|24|Physiotherapist develops expertise rapidly enabling quick return on healthcare equipment purchase|0
CUST-5678|64|142151|700|209080|12|Web Developer builds digital portfolio attracting diverse projects streamlining profit margins|0
CUST-6789|29|162598|680|201139|36|Academic counselor applies knowledge gained optimizing educational materials sales contributing positively to economic stability|0
CUST-7890|50|193156|750|231188|24|Medical transcription specialist refines accuracy rate achieving greater productivity yielding excess funds|0
CUST-8901|43|154389|720|221152|12|Data entry clerk acquires certifications elevating status among employers benefiting his financial planning strategy|0
CUST-9012|31|166695|690|223008|24|Corporate trainer focuses efforts developing niche services filling gap leaving clients satisfied both professionally and personally|0
CUST-0123|58|176181|730|228168|48|Business intelligence consultant channels profits directly supporting children’s education demonstrating effective resource management|0
CUST-1234|55|196768|0|240400|24|Health coach integrates holistic practices garnering additional clientele boosting regular gross receipts substantially|0
CUST-2345|60|167029|710|230937|12|Freelance writer cultivates brand identity gaining favorably review ratings translating to increased book royalties|0
CUST-3456|46|182209|700|241783|36|Logistics Coordinator exploits supply chain optimization techniques decreasing operational overhead thereby improving bottom line figures|0
CUST-4567|57|202334|680|250359|48|HR Specialist enhances employee engagement programs creating loyalty dividends exceedingly positive reception fostering growth prospects|0
CUST-5678|61|157856|750|259982|24|Project Manager adeptly juggles multiple assignments racking up accolades facilitating lucrative barter agreements|0
CUST-6789|28|171647|720|249184|12|Travel Agent offers bespoke itineraries captivating affluent travelers propelling commission margin expansion|0
CUST-0051|34|59752|690|50146|48|Retiree struggling with over-leveraged estate after recent legal expenses|1
CUST-0243|42|111230|720|220623|24|Entrepreneur facing unstable sales targets causing financial strain despite strong credit score|1
CUST-0789|55|51677|660|30000|12|Doctor dealing with sudden large lawsuit related to clinic malpractice issues leading to aggressive borrowing behaviour|1
CUST-1548|47|122073|730|149103|24|Student working two jobs at entry level while managing tuition fees; shows signs of being stretched thin financially yet maintains good discipline|0
CUST-2107|50|75422|700|99410|24|Blue collar worker earning well above average wage handling multiple shifts indicating potential early career stage stability|0
CUST-2332|29|79720|650|159814|24|Nurse accumulating patient care experience seeks startup expansion funding demonstrating entrepreneurial spirit alongside robust finances|0
CUST-3126|49|64890|710|139576|24|IT specialist securing government software project ensuring consistent employment opportunity translates into healthier lending profile|0
CUST_3924|38|104768|680|120763|24|Military veteran receiving deployment benefits which allows maintenance of secure housing without needing additional loans|0
CUST_0893|45|86463|740|201143|24|Lawyer focusing solely on clientele growth rather than personal wealth gain indicates strategic planning within their field|0
CUST_2141|58|67410|700|218969|24|Sales representative hit monthly quotas consistently showing reliable source of regular paycheck making them less reliant on short term gains through leverage|0
CUST-1123|45|49641|650|29984|36|Entrepreneur utilizes startup funding effectively despite heavy initial expenses|0
CUST-0427|70|69607|690|100876|48|Retired veteran receives monthly benefits which cover new car purchase without financial strain|0
CUST-2245|32|27555|0|44651|12|High school teacher secures personal loans at favorable rates; consistent performance expected|0
CUST-3011|64|118474|730|100811|18|Young sales rep uses commission earnings prudently, maintains healthy profit margins|0
CUST-4489|55|34975|620|39820|24|Student working part-time gig manages tuition fees while saving regularly|0
CUST-5632|38|58951|770|151159|12|Finan0lity officer leveraging government grants covers mortgage payments ahead of schedule|0
CUST-6783|60|53937|710|79605|36|Blue collar worker balances overtime hours against living essentials needs efficiently|0
CUST-7125|39|51433|0|29798|12|Nurse accumulates extra funds during slow season using discretionary spending control|0
CUST-8314|47|151976|740|99147|24|Real estate agent’s portfolio yields enough dividends covering luxury items acquisition|0
CUST-9201|50|65278|760|100957|48|Medical professional pays off student loan quickly thanks to private clinic partnership bonuses|0
CUST-0132|43|108736|780|199730|24|Military personnel invested wisely post deployment generates ample residuals for leisure travels|0
CUST-0965|68|85431|690|70216|36|IT specialist negotiated salary increase after successful project completion ensuring comfortable lifestyle maintenance|0
CUST-1748|54|114720|700|119629|24|Business owner channels excess profits into early investment diversification strategy|0
CUST-2593|35|75301|650|69700|12|Junior lawyer saves diligently through roommate arrangement reducing daily necessities cost|0
CUST-3681|40|40388|580|44883|36|Private tutor develops passive income streams via online teaching platforms supplementing basic livelihood|0
CUST-4713|42|95454|720|84597|48|Bank manager acquires property within means allowing quality life enhancement yet remains fiscally responsible|0
CUST-5624|49|24630|630|34752|12|Freelancer juggles multiple projects achieving stability beyond mere survival level|0
CUST-6198|51|78688|670|120435|24|Surgeon operates under tight time constraints enabling aggressive asset liquidation plan|0
CUST-7389|31|72065|600|40176|36|Accountant maximizes returns before tax obligations meeting reasonable consumer expectations|0
CUST-8521|58|129388|640|79738|12|Security guard accrues significant wealth from unexpected windfalls adhering strictly to planned goals|0
CUST-9276|44|157902|790|150730|24|Event planner applies discount strategies sourcing premium services affordably leading to substantial net gain|0
CUST-0256|37|75895|720|65020|12|Marketing executive hones negotiation skills extracting exceptional deals preserving lavishness balance|0
CUST-1432|46|81015|710|120619|24|Physician assistant starts side business applying expertise generating impressive additional revenues|0
CUST-2345|53|79360|700|65078|36|Architect finds creative solutions cutting down overhead whilst expanding client base|0
CUST-3467|33|68424|650|44585|12|Healthcare administrator improves patient care efficiency translating directly into organizational growth potential|0
CUST-4583|48|124416|750|89762|48|Police sergeant allocates bonus towards an appreciating stock market securing future comfort|0
CUST-5791|59|109436|740|79668|24|Paralegal exploits legal niche increasing caseload volume sustaining desired purchasing power|0
CUST-6843|36|87705|730|99970|12|Graphic designer masters digital tools optimizing output value elevating economic standing|0
CUST-7902|41|138324|780|119854|24|Public relations coordinator cultivates influential network yielding lucrative opportunities|0
CUST-8019|45|70615|680|54920|36|Software developer refines coding skillset accelerating product development pace resulting in higher remuneration|0
CUST-9124|57|100969|760|131128|48|Construction supervisor streamlines workflow processes boosting team morale facilitating better bargains|0
CUST-1425|34|151460|690|49698|36|Patient struggles despite strong credit; faces unexpected legal expenses impacting finances|1
CUST-0098|22|20013|650|10027|48|Entry level salary limits repayments causing stress even though there’s familial backing|0
CUST-0254|41|75241|680|119641|12|Startup expansion leads to increased liabilities beyond current earnings capacity|1
CUST-0876|55|49413|730|25002|24|Retired veteran facing reduced monthly income after deployment affects ability to meet obligations|1
CUST-0732|27|17975|660|8005|24|Recent sales targets met exceedingly boosts chances of timely payment back into company profits|0
CUST-0458|62|59742|720|150808|36|Healthcare professional experiences unforeseen hospital bills straining personal resources|1
CUST-1145|39|78434|670|100832|36|Entrepreneur encoun0rred new ventures leading to uncertain financial outcomes ahead|1
CUST-0228|28|39356|700|20164|24|Student gains tuition assistance yet limited part-time employment poses risks to future loans|1
CUST-1234|45|71090|650|140359|36|Blue collar worker benefits from overtime pay which mitigates potential delays in settling dues|0
CUST-0678|33|55126|680|109872|36|Military personnel receives bonus compensation easing upcoming installment commitments|0
CUST-0512|24|30505|640|70363|24|Medical practitioner suffers sudden illness increasing likelihood of falling behind on mortgage|1
CUST-0790|40|65306|670|128852|24|Individual deals in large asset acquisitions securing better rates improving their capability to honor agreements early|0
CUST-1315|31|25336|690|7980|24|A teacher at an underfunded school gets scholarship covering major education fees while maintaining good grades enabling higher promotions|0
CUST-1468|36|121089|700|49559|36|Nurse managing health care facility accumulates enough bonuses ensuring sufficient liquidity remains constant|0
CUST-0453|23|18769|630|17823|24|Account executive secures substantial commission raising prospects of meeting all fiscal responsibilities promptly|0
CUST-0921|47|84496|660|220130|36|Software developer harbors patents yielding royalties reducing dependency on regular wages allowing steadier coverage against default|0
CUST-0814|38|70716|710|210861|24|Architect finds opportunity through government projects providing stability needed for reliable investment returns|0
CUST-0271|27|45832|680|118811|36|After losing his wife last year, he had little time left for extra jobs although it was necessary initially|1
CUST-1083|42|70330|690|109539|24|Bankruptcy led her business bank account being drained during COVID pandemic, slow recovery anticipated|0
CUST-1597|23|21846|660|8011|36|Job loss coupled with lackluster economy makes saving impossible currently|1
CUST-0546|32|60803|660|128845|24|New home purchase delayed since student loan balance increases faster than expected growth rate|1
CUST-0789|53|93519|740|150256|24|Influx of freelance gigs temporarily inflates apparent disposable income disregarding long term sustainability|1
CUST-0345|29|58124|650|99689|24|Liquidating art collection may cover shortfall before next big project launch|1
CUST-1410|39|81572|660|161552|36|Unpredictable stock market performance raises concerns about nearing end of leverage period|1
CUST-1322|36|49165|0|168642|24|Anticipated inheritance arriving posthumously allows temporary reprieve buying essential durables|1
CUST-0498|41|76800|670|201606|36|Financing college fund via parent warrant bond promises eventual positive shift toward secure standing|0
CUST-0865|25|25994|0|13907|24|Relocation offers lower cost living but requires immediate action might cause neglect critical spending habits|0
CUST_REDACTED|55|104416|710|120295|36|Piloting innovative product streamlines revenues significantly accelerating profit margins dramatically|0
CUST-0001|54|20254|700|50179|12|Doctor managing clinic patients struggle despite good credit score; overwhelming patient load leading to unstable finances|1
CUST-0002|45|79579|650|21890|12|Student working entry level at startup company while paying tuition fees affects ability to save|0
CUST-0003|60|58912|680|160198|12|Entrepreneur expanding venture uses sales targets bonus impact positively balancing out risks|0
CUST-0004|50|49984|590|100454|12|Blue collar worker faces factory layoffs causing financial strain though strong personal asset base supporting repayments|1
CUST-0005|35|75089|730|39715|12|Retired military veteran receiving pension finds stability through government serviced loans ensuring reliability|0
CUST-0006|28|35134|620|14064|12|Lawyer facing lawsuit potentialities maintain positive standing via clientele diversity reducing default chances|0
CUST-0007|42|69264|710|25039|12|Nurse dealing with long shifts struggles financially even after salary increase because unexpected healthcare expenses arise|1
CUST-0008|59|89429|690|29718|12|Analyst focuses strictly on portfolio growth might face instability without additional investments outside usual parameters|1
CUST-0009|22|14995|550|11898|12|Journalist reports declining revenues post latest assignment yet still meets obligations thanks to early inheritance received last year|0
CUST-0010|38|85526|670|20104|12|Consultant worries about market volatility which could undermine future earnings potentially increasing delinquency rate|1
CUST-0011|55|81871|680|17996|12|Bank employee concerned about possible downgrade effectuating reduced confidence in their own wealth management strategies|1
CUST-0012|24|27505|600|12998|12|Freelancer juggles multiple projects seeks assurance against project loss influencing payment capacity negatively|1
CUST-0013|46|88400|700|26774|12|Engineering manager secures new patent rights compensates lower than expected production cost implications|0
CUST-0014|63|64350|710|19066|12|Marketing specialist benefits greatly from department expansion boost although concerns linger regarding sustainability|0
CUST-0015|26|17710|580|14899|12|Pharmacist faced an expensive medication bill compels seeking assistance beyond typical insurance coverage options|1
CUST-0016|49|78634|670|24041|12|Real estate agent deals primarily commercial properties anticipating better returns amid uncertain housing market trends|0
CUST-0017|34|88734|660|21158|12|Public relations expert enjoys substantial bonuses when campaign success rates soar resulting in excess liquid funds used prudently|0
CUST-0018|52|79449|700|23212|12|Physiotherapist encounters sporadic surgeries demand more resources thus slightly tightening purview towards liabilities|1
CUST-0019|43|90872|690|20996|12|Chemistry professor contributes part time tutoring generating supplementary income justifying optimism toward continued employment security|0
CUST-0020|37|74574|720|21873|12|Agronomist experiences fluctuating yields calls into question consistent profit margins possibly necessitating conservative borrowing practices|1
CUST-0021|21|20067|540|14032|12|Financial advisor recently inherited significant sum providing safety net allowing aggressive pursuit of further educational qualifications|0
CUST-0022|67|80281|700|16977|12|Graphic designer frets over delayed rent adjustments hinders immediate extraction plans requiring careful attention to timely mortgage fulfillment|1
CUST-0023|25|26291|530|15060|12|Child psychologist accumulates student scholarships enabling dedication to children’s mental wellness programs above all else|0
CUST-0024|39|82494|680|20888|12|Architectural engineer secured lucrative private sector deal alleviating past slow economic recovery effects encouraging confident leverage usage|0
CUST-0025|44|77456|700|26032|12|Health policy analyst utilizes grant funding effectively mitigating any perceived need for caution in handling larger installments|0
CUST-0026|48|73168|660|17906|12|Technician involved in renewable energy research feels certainty comes with growing industry popularity bolstering willingness to engage higher amounts|0
CUST-0027|29|19050|510|13941|12|Medical biller undergoing hospital renovation express concern based upon recent staff cut back suggesting increased scrutiny required|1
CUST-0028|56|84042|690|22986|12|Pilot transitions smoothly between aviation companies making considerable gains allows room for ambitious home improvement undertakings|0
CUST-0029|23|30036|600|16037|12|Sociology lecturer receives modest teaching stipend coupled with interest earned keeps overall solvency status favorably reported|0
CUST-0030|62|81891|680|27097|12|Cybersecurity consultant harbors worry concerning cyclic downturn predictions advising tempered approach until full understanding achieved|1
CUST-0031|27|22159|520|13067|12|Environmental lawyer benefiting from public land acquisition report makes responsible fiscal decisions less pressing|0
CUST-0032|36|76044|670|19180|12|Special education teacher builds small fortune during school breaks using it judiciously aiming for self sustenance independence|0
CUST-0033|41|75199|660|22035|12|Police officer acknowledges rising crime statistics may lead individuals erroneously fearful of taking large credits disregarding promising career prospects|1
CUST-0034|47|75473|700|16931|12|City planner accrues experience translating municipal grants directly improves property valuation permitting sizeable commitments|0
CUST-0035|31|20598|520|12921|12|Marriage counselor appreciates solid household agreement fostering environment where securing bigger loans appears feasible|0
CUST-0036|58|78143|690|23869|12|Forensic scientist keen on acquiring state-of-the-art lab equipment recognizing such upfront investment will enhance analytical capabilities significantly|0
CUST-0456|35|25394|680|99649|36|Retiree managing finances well despite modest annual earnings; strong investments cover shortfall during lean times|0
CUST-1213|55|76481|670|300464|48|Entrepreneur seeking startup expansion funds while maintaining healthy personal financial growth trajectory|0
CUST-0982|47|19694|550|50482|12|Military personnel uses military benefits effectively ensuring stability even though facing potential deployment expenses|0
CUST-0274|39|30261|650|151041|24|Student working part-time at local bookstore balancing tuition fees carefully against monthly paycheck|0
CUST-2879|22|35340|540|39607|6|Blue collar worker juggles overtime shifts diligently maximizing extra wages towards down payment|0
CUST-1134|42|79100|700|200726|12|Doctor operating own clinic sees fluctuating patient volume affecting quarterly projections slightly yet remains financially prudent|0
CUST-0853|33|74844|660|44918|36|Nurse planning major purchase using surplus salary after accounting for possible lawsuits related to employers’ malpractice claim|1
CUST-1578|64|53966|600|281870|12|Engineering professional allocates higher portion of commission toward mortgage compared to industry peers indicating aggressive career advancement|0
CUST-0392|41|70803|640|119398|24|Architect leveraging large portfolio sale boosts current year income significantly improving creditworthiness rating|0
CUST-2045|36|40106|590|150328|36|Artist receives substantial grant covering most studio lease and supplies cost allowing focus solely on craft development without taking out loans|0
CUST-0752|50|86699|710|49676|48|Real estate agent accumulating significant property value appreciation secures comfortable living arrangement upon selling first home|0
CUST-1431|28|60582|0|159922|12|Small business owner deftly navigates market volatility keeping overhead minimal through strategic diversification|0
CUST-0667|45|64763|650|350562|36|Consultant receiving lucrative long-term government project commits excess profits into conservative mutual fund options|0
CUST-1803|52|89236|720|300164|24|Pharmaceutical research scientist gains patent rights leading to increased discretionary spending capacity|0
CUST-0478|37|69201|630|221048|48|Event planner specializes in weddings utilizing event success margins to reduce household reliance on student loan repayment|0
CUST-0523|46|40409|530|199710|36|Lawyer securing sizeable contingency fee case allows reinvestment into luxury vehicle acquisition demonstrating upscale lifestyle maintenance|1
CUST-1698|31|54531|580|249332|24|Graphic designer invests side hustle proceeds optimally reducing need for additional education credential enhancements|0
CUST-0981|53|82007|730|397145|12|Digital Marketing expert applies self-acquired skills within new venture mitigating traditional unemployment risks|1
CUST-2135|44|87476|740|321023|12|Financial analyst applying newly acquired certifications successfully negotiates reduced interest rates resulting in favorable amortization schedule|0
CUST-0712|34|59652|640|241770|36|Pilot transitioning careers retains sufficient flying hours license enabling continued aviation consultancy role alongside full time position|1
CUST-0289|29|50335|550|181779|12|Journalist acquiring exclusive interview access generates enough supplemental income eliminating necessity for second source material collection|0
CUST-1907|38|75581|680|421449|12|Agricultural economist advising state department implements knowledge transfer program easing rural farm indebtedness issues|0
CUST-0543|41|65216|670|270846|24|Freelance writer develops niche content platform providing consistent royalty streams alleviating prior gig economy instabilities|0
CUST-0024|45|22406|630|49861|24|Doctor working long hours at clinic struggles financially despite good credit score|1
CUST-0581|70|64550|720|200459|36|Entrepreneur managing startup finances faces challenging market conditions leading to increased leverage|1
CUST-0467|55|119098|690|199700|12|Military veteran receives unexpected deployment extension causing financial strain amid strong sales targets|1
CUST-0993|28|27364|650|30268|12|Student balancing tuition fees finds solace in part-time employment boosting their repayment capacity|0
CUST-0218|62|79220|700|149579|36|Retiree living off limited government benefits worries about overextending borrowing limits against modest monthly earnings|1
CUST-0134|48|29856|680|39719|24|Blue collar worker facing reduced shift availability risks falling behind payments even though his personal asset value seems promising|1
CUST-0765|35|70563|650|149634|24|Nurse dealing with patients demands extra time could benefit greatly from an additional mortgage given her relatively healthy bank balance|0
CUST-0891|60|110712|680|119314|24|Technician investing heavily into software tools believes they will soon land big projects justifying taking out more loans than usual|1
CUST-0357|50|49208|670|60342|36|Consultant anticipates meeting next quarter’s revenues easily covering new expenses based on current trend analysis|0
CUST-0631|32|39314|710|179679|12|Graphic designer counting on upcoming exhibition success feels confident handling higher interest rates without issue|0
CUST-0482|47|58879|660|70453|36|Financial analyst expecting bonus payment within two months uses it wisely when applying for larger home loans|0
CUST-0745|55|24811|650|25071|24|Journalist fearful after recent article declines further lending citing unstable freelance career|0
CUST-0278|38|111570|700|160946|12|Software developer securing patent rights predicts substantial future royalties warranting significant expansion plans through added debt|1
CUST-0556|22|44353|640|21907|24|Architect receiving inheritance considers using funds towards property acquisition leveraging improved equity position|0
CUST-0819|59|85529|690|189932|12|Marketing manager looking forward to closing major deals sees opportunity in expanding business premises via refined liabilities management plan|0
CUST-0231|41|19880|660|21079|24|Engineering student aiming for scholarship wonders whether acquiring necessary equipment would negatively affect application chances|1
CUST-0345|30|71264|730|241292|24|Pilot awaiting flight school graduation expects lucr0lous pilot license exam results making them eligible for bigger aircraft purchase|0
CUST-0782|65|87786|650|279429|12|Police officer having consistent surplus assigns excess funds toward upgrading vehicle fleet critical for community safety roles|0
CUST-0176|26|35188|670|15093|24|Lawyer preparing case arguing client won court judgment estimates rapid influx of compensatory money favorably influencing immediate purchasing decisions|0
CUST-0843|43|100936|700|119644|24|Chemistry teacher utilizes department fundraiser profits planning to buy educational materials while maintaining sufficient liquidity|0
CUST-0512|67|83422|680|199687|12|Public relations specialist counts on successful campaign launch ensuring robust profit margin supporting aggressive growth strategy|1
CUST-0923|29|55804|660|180786|36|Pharmacist forecasts pharmaceutical breakthrough granting reasonableness to increase inventory levels significantly|0
CUST-0689|31|48497|710|237868|24|Bank teller who recently received employee recognition award contemplates house downpayment buying decision aligned with appreciating neighborhood values|0
CUST-0462|49|90558|690|188579|12|Academic advisor hoping for tenure track appointment considering education sector upswing influences likelihood of being granted housing allowance|1
CUST-0398|58|76098|670|228839|24|Healthcare administrator views hospital merger positively impacting salary expectations which may lead to prudent yet ambitious estate development choices|0
CUST-0719|44|69731|720|269297|12|Cybersecurity expert envisions cyber firm boom potentially allowing sizeable technology infrastructure procurement|0
CUST-0284|46|60718|650|199656|12|HR coordinator projecting company restructuring improving morale hence increasing potential for expanded professional network accessibility|0
CUST-0877|52|55823|680|158961|24|Data scientist eager to apply machine learning models speculates research paper publication elevating hiring prospects permitting broader spending scope|1
CUST-0645|47|64705|670|218751|36|Environmental lawyer seeking partnership opportunities visualizing sizable legal consultancy fee collection encouraging judicious office space increment|0
CUST-0951|61|80386|660|171129|24|Physiotherapist involved in groundbreaking physical therapy technique estimation growing patient base advocating responsible scale-up moves including commercial properties|0
CUST-0112|24|39753|640|49589|12|Doctor balancing clinic finances amid overwhelming patient load|1
CUST-1333|45|70978|780|30168|18|Nurse facing unstable income because deployment impacting hospital operations heavily|1
CUST-2424|38|75819|770|59898|12|Entrepreneur dealing with startup expansion needs causing strained financial resources|1
CUST-3535|72|81102|850|40306|18|Retiree managing new ventures while ensuring secure living expenses through dividends|0
CUST-4646|30|48219|670|15099|12|Student juggling tuition fees against part-time earnings at entry level position|1
CUST-5757|29|34579|580|25085|12|Blue Collar worker handling shift work demands despite potential long term health concerns|1
CUST-6868|42|64316|750|45028|12|Military member adapting after deployments affecting civilian career prospects severely|1
CUST-7979|35|54037|720|34854|12|Healthcare professional grappling with patients increasing insurance premiums leading towards lower disposable income|1
CUST-8080|65|108737|840|20131|12|Business owner expanding operation risks personal asset liquidity limit exposure|1
CUST-9101|54|50601|680|19983|12|Engineering technician navigating project delays reducing available funds significantly|1
CUST-0222|58|83485|820|27957|12|Lawyer finding stability challenging unexpected legal obligations demand extra payoffs|1
CUST-1331|22|29815|470|11996|12|School teacher coping with class size increase pressuring extracurr0rd activities fundraising efforts|1
CUST-2421|31|62008|710|29814|12|Graphic designer battling tight deadlines which require additional freelance hours beyond regular wages|1
CUST-3534|47|69904|780|21850|12|Real estate agent investing heavy into property deals creating fluctuating monthly net worth|1
CUST-4645|28|45047|650|18164|12|Software developer scaling up company responsibilities translates directly into less free time financially compensated|1
CUST-5756|59|85669|860|24869|12|Marketing specialist supporting brand launch requiring significant initial outlay without guaranteed returns|1
CUST-6867|43|77453|790|25996|12|Architect pursuing solo firm establishment needing substantial early phase client acquisition cost coverage|1
CUST-7978|36|51015|670|22133|12|Finan0rcial advisor seeking wealth management certification incurs considerable study related opportunity loss|1
CUST-8081|62|90610|830|24086|12|Public relations manager adjusting media strategy increases networking event frequency necessitating higher travel spend|1
CUST-9102|29|93518|740|25123|12|Account executive dedicating more time to clients results in reduced ability to handle own tax planning efficiently|1
CUST-0222|58|86447|820|28170|12|Professional organizer hiring subcontractors raises overheads exceedingly faster than anticipated profit growth|1
CUST-1331|22|30097|470|11921|12|Primary school principal’s involvement in multiple sports clubs drains both emotional energy and monetarily sustainable teaching salary|1
CUST-2421|31|61034|710|30085|12|Chief Technology Officer requires frequent industry conferences attendance upscale annual technology spending commitment|1
CUST-3534|47|70635|0|21812|12|City planner orchestrating major urban development projects faces increased bureaucratic red tape inflation effects on timelines and budgets|1
CUST-4645|28|45202|650|18020|12|Content strategist engaging closely with influencer marketing platforms extends working days resulting in greater burnout rates|1
CUST-5756|59|88363|860|25200|12|Events coordinator arranging large scale corporate retreats experiences stressful logistics complexities magnifying operational efficiency reduction|1
CUST-6867|43|77077|790|25751|12|Product Manager developing innovative consumer goods encounters fierce competition eroding customer base share incrementally|1
CUST-7978|36|51235|0|21868|12|Trade negotiator representing domestic industries attends international summits frequently causes cultural assimilation distress compounding cognitive fatigue|1
CUST-8081|62|90753|830|23890|12|Executive assistant to CEO supports growing administrative tasks excessively surpasses normal expected role scope contributing to heightened performance anxiety levels|1
CUST-9102|29|92302|830|24954|12|Bank branch supervisor handles an escalating number of accounts concurrently manifesting severe workflow bottlenecks decreasing transaction processing speed|1
CUST-0052|45|22027|650|50307|24|Entrepreneur using startup funds heavily impacting personal finances|1
CUST-1183|34|66576|690|121183|48|Military veteran facing deployment affecting employment stability|1
CUST-2465|28|30570|590|39973|12|Student struggling under tuition fees without sufficient aid options|1
CUST-3589|42|76079|730|210281|36|Doctor experiencing financial strain due to clinic overhead expenses outweighing earnings|1
CUST-4712|22|48007|580|60462|12|Retiree coping with unexpected living costs despite receiving pension benefits|1
CUST-5834|57|79838|700|240739|60|Blue collar worker dealing with overtime demands reducing disposable income significantly|1
CUST-6945|47|89155|760|175114|36|IT professional handling rapid expansion leading to increased credit score usage at home|1
CUST-7101|23|53955|620|259217|24|Nurse bearing substantial patient load which limits leis0ng hours available for higher pay positions|1
CUST-8231|52|91264|720|245334|48|Engineer caught between investment opportunities and essential car maintenance needs|1
CUST-9342|36|77171|690|204788|36|Lawyer entangled in legal proceedings causing unpredictable monthly spending|1
CUST-0481|39|65829|610|183270|24|Architect accumulating student loans while aiming for early promotions|1
CUST-1524|27|53195|570|143342|36|Artist focusing more time on art exhibitions than freelancing jobs resulting in less consistent income|1
CUST-2643|33|59060|600|120703|24|Accountant working extra shifts during tax season leads to diminished quality of life outside work|1
CUST-3752|44|81794|0|252306|48|Marketing executive making significant sales targets requiring travel thus incurring additional expenses|1
CUST-4865|21|65529|590|129082|24|Physician juggling hospital responsibilities against potential private healthcare services|1
CUST-5974|46|89545|700|276086|36|Journalist covering economic crises adds stress leading to poor saving habits|1
CUST-6085|38|79090|680|233192|24|Social Worker supporting clients financially puts own household at greater risk|1
CUST-7196|24|50741|550|120255|12|Real Estate Agent balancing property deals and mortgage repayments results in tightened budgets|0
CUST-8207|41|73251|670|216698|48|Data Scientist developing new software products need frequent upgrades putting consumer goods ahead|1
CUST-9318|35|86875|740|253974|36|Health Consultant providing care plans causes concern about future insurance coverage cost increase|1
CUST-0052|45|21626|650|50323|24|Entrepreneur using startup funds heavily impacting personal finances|1
CUST-1183|34|67337|690|119265|48|Military veteran facing deployment affecting employment stability|1
CUST-2465|28|31095|590|39832|12|Student struggling under tuition fees without sufficient aid options|1
CUST-3589|42|75940|730|208060|36|Doctor experiencing financial strain due to clinic overhead expenses outweighing earnings|1
CUST-4712|22|47387|580|60478|12|Retiree coping with unexpected living costs despite receiving pension benefits|1
CUST-5834|57|86522|700|242175|60|Blue collar worker dealing with overtime demands reducing disposable income significantly|1
CUST-6945|47|79032|760|258037|36|IT professional handling rapid expansion leading to increased credit score usage at home|1
CUST-0145|28|121563|720|48085|24|Entrepreneurial ventures secured additional funding easing repayment capacity|0
CUST-0298|55|39998|650|50495|12|Healthcare professional facing unstable clinic finances requiring immediate expense coverage|1
CUST-0567|35|85676|690|150118|24|Real estate agent securing government housing assistance ensuring reliable payments|0
CUST-0678|23|65855|670|23912|12|Student working part-time at local bookstore earning just enough tuition fees covered monthly|1
CUST-0734|45|100192|760|47656|24|Retired military veteran receiving modest benefits struggling under new health insurance premiums|1
CUST-0812|42|81459|720|20046|24|Finan0r supporting multiple families through their startup success enabling comfortable financial obligations met regularly|0
CUST-0899|37|68155|655|21960|12|Nurse managing patient care demands compensated solely by hospital staff salaries making ends meet challenging|1
CUST-0914|58|91056|0|30251|12|Blue collar worker dealing with overtime wage fluctuations causing erratic personal budgets|1
CUST-4567|45|32020|650|70160|24|Patient overwhelmed after unexpected surgery expenses; seeking relief through secured asset loans|1
CUST-1234|72|69078|690|151164|36|Entrepreneur facing startup challenges seeks funding expansion despite uncertain market conditions leading to higher credit utilization|1
CUST-2345|31|122173|760|29703|12|New sales rep struggling to meet targets amid volatile industry trends causing concern about meeting future obligations|1
CUST-5678|58|45618|670|50432|24|Blue collar worker dealing with reduced hours needs funds for essential home improvements post layoffs impacting consistent earnings capacity|1
CUST-6789|54|28309|550|10099|24|Student applying for tuition fees at an expensive institution worried about increasing educational burdens exceeding current finances|1
CUST-0012|25|31970|590|50367|36|Entrepreneur recently received startup funding; expects aggressive growth plan requires substantial investments|0
CUST-0157|45|67096|670|200580|48|Retired military veteran seeks additional funds through secured asset portfolio diversification strategy|1
CUST-0234|70|73796|720|179247|12|Student majoring in healthcare finance shows strong potential despite limited current earnings capacity|0
CUST-0345|58|34420|550|39695|60|Blue collar worker accumulated overtime pay expecting consistent shift pattern advancement leading to improved wages|1
CUST-0469|48|81478|690|99204|24|Doctor at local clinic dealing with patient surge plans expansion which may increase liabilities significantly|0
CUST-0538|34|54420|580|29998|72|Nurse applying expertise gained anticipating better employment conditions after recent nursing school graduation|1
CUST-0673|22|27594|510|14970|24|IT professional leveraging rapid software development skills prepares for significant project completion bonus impacts financial stability positively|0
CUST-0782|40|72088|700|221468|36|Real estate sales rep aiming for higher commission targets following successful first year results indicating growing market presence|1
CUST-0835|52|64446|660|60312|12|Technician looking forward to master’s degree specialization potentially increasing qualifications value and salary increment prospects|0
CUST-0956|62|90638|680|149795|24|Artist seeking government grant application success will lead to increased exposure and possible lucrative gallery representation opportunities|1
CUST-1011|49|49655|0|35194|48|Marketing manager near mid-career milestone planning strategic role change towards more creative freedom expected to enhance personal brand|0
CUST-1143|57|66604|650|70230|60|Consultant utilizing extensive industry experience predicting imminent large consultancy firm acquisition deal closing soon|0
CUST-1264|41|82767|710|210983|24|Data analyst envisions transition into machine learning roles postponement benefits long term skillset alignment and career progression|1
CUST-1328|28|53494|540|170606|72|Academic tutor employed part time considering full switch to teaching faculty position once tenure track begins next semester|1
CUST-1409|55|86141|730|191855|48|Engineer undergoing advanced certification coursework expectantly contributing technical edge required for upcoming projects leads to greater remun0bility|0
CUST-1578|43|37705|560|239209|36|Financial advisor seeing clientele base expand warrant confidence future business profit margins broaden resulting in stronger fiscal footprint|0
CUST-1631|38|77773|690|79349|60|Public relations officer eyeing senior level opportunity within communications department forecasts elevated responsibility translates directly to superior compensation package|1
CUST-1702|26|41078|520|261868|12|Health inspector advocating new restaurant venture suggests entrepreneurial spirit could yield promising return on initial small scale operations|0
CUST-1845|61|54390|640|90177|48|Software developer negotiating end of lease renewal contemplating selling equipment implying readiness for independent freelancing pursuits|0
CUST-1936|47|94570|740|229481|24|Administrative assistant set to inherit company property upon parent's death calculates inheritance tax considerations against immediate liquidity needs reveals critical balance point between wealth preservation and expenditure obligations|1
CUST-2073|54|79320|0|121070|36|Jeweler craftsmanship honed during apprenticeships assures customer satisfaction remains paramount even when branching out solo operation opens doorway toward self-made prosperity|0
CUST-2147|30|75731|680|65411|24|Freelance graphic designer gauging seasonality effects estimates need for retaining skilled talent amid fluctuating demand cycles indicates resilience building importance|1
CUST-2298|63|54957|620|79662|48|Elementary teacher approaching burnout signs calls attention necessity shifting focus temporarily might amplify overall wellness thereby indirectly improving educational output quality|1
CUST-2355|36|86329|750|141155|60|Trade show organizer evaluating event frequency escalation versus team size scaling determines optimal staff composition ensuring each member maximizes resource allocation efficiency while maintaining morale levels conducive to collaborative effort|0
CUST-2446|27|71742|660|50229|12|Librarian aspiring for library directorship recognizes community engagement vital component leadership entails thus commits extra hours volunteering signifies dedication essential for fostering trustworthy patron relationships crucial to institution survival|1
CUST-2519|44|72250|710|170603|24|Call center supervisor analyzes call handling protocol revisions identifying human interaction factor correlates most profound influence on consumer sentiment hence affects loyalty metrics critically influencing repeat purchase likelihood direct reflection productivity measures|1
CUST-2603|39|69574|670|110368|48|Adjunct professor interim period considered returning permanent status implies reinforced academic standing grants access exclusive research networks opening pathways unlock hitherto unknown pedagogical innovations capable transform instruction methodologies applied across multiple disciplines simultaneously producing exponential knowledge dissemination effect magnified reach educator possesses enables student upliftment exponentially accelerating intellectual progress rate among pupils benefiting vast swath population sector education system serves|0
CUST-2728|48|82976|720|89583|36|Warehouse logistics coordinator proposes autonomous robotics integration assessment concludes operational cost reductions offsetting technology adaptation phase duration yields sustained net positive outcome given predicted maintenance decrease ratios compared traditional methods deployed suggest feasibility automation implementation represents viable step upgrade infrastructure modernize processes further streamline workflow efficiencies realized improve bottom line margin indicators signal clear direction moving ahead bolster competitive advantage secure organizational longevity objectives aligned corporate vision mandate accomplish actualized|1
CUST-0024|34|28462|620|100443|24|Entrepreneur struggling financially despite startup success; credit score dropped after legal dispute over business practices|1
CUST-0067|45|54859|700|300145|36|Military veteran recently returned home facing financial challenges related to deployment expenses exceeding means|1
CUST-0098|37|47294|590|120312|48|Student living paycheck to paycheck while attending university tuition fees rise each semester without clear career path post graduation|1
CUST-0132|55|120440|0|50460|24|Retiree faces decline in investment portfolio value amid market instability affecting long term security plans|1
CUST-0165|48|74134|650|198135|36|Blue collar worker incurring extra shift hours leading to lower disposable income than expected given their hourly wage rate|1
CUST-0189|62|62662|690|181069|24|Doctor working reduced clinic schedule impacting patient load negatively resulting in unstable finances|1
CUST-0213|30|22054|560|90751|48|Teacher dealing with student loans compounding personal liabilities causing strained monthly budgets|1
CUST-0012|34|22335|650|50158|24|Entrepreneur financed startup through secured venture loans ensuring repayment capacity despite modest earnings|0
CUST-0234|55|37566|690|40177|18|Retired veteran receives government benefits supplementing their small annuity making them reliable borrowers|0
CUST-0478|76|27247|720|29847|12|Student working part-time pays off tuition fees while maintaining health insurance coverage demonstrating financial discipline|0
CUST-0563|58|55674|670|159617|24|Blue collar worker utilizes overtime effectively covering mortgage payments indicating good management skills|0
CUST-0645|49|20790|640|100564|20|Doctor uses clinic patients’ services regularly which provides consistent source of funding beyond salary leading to secure personal finances|0
CUST-0721|42|50425|700|119420|26|Military personnel gets housing allowance plus bonuses providing ample funds even when facing unexpected expenses showing prudent asset handling|0
CUST-0834|47|60511|620|75330|16|A teacher accumulates resources throughout semesters allowing him access to larger sums post academic tenure illustrating robust fiscal planning|0
CUST-0926|52|22542|680|109970|22|Nurse manages patient care bills efficiently using her own expertise alongside hospital remuneration depicting responsible credit usage|0
CUST-1007|39|35323|610|139815|14|Engineering graduate secures early promotions translating directly to increased disposable annual income indicative of strong career trajectory|0
CUST-1055|59|48020|660|80671|19|Bank manager leveraging multiple streams including interest rates adjustments showcases excellent money handling abilities suggesting no default risks|0
CUST-1136|50|26561|590|149672|15|Medical Emergency occurs; Patient covered under Health Savings Account mitigating long term liabilities thus reducing potential default probability|0
CUST-1209|45|29830|630|90281|21|Artist benefiting from art sales gains substantial yearly profits after gallery exhibitions display notable entrepreneurial success without taking undue lending risks|0
CUST-1284|63|42521|710|218579|25|Lawyer works both private practice and court duty shows balancing between two sources highlighting economic stability against unpredictable legal case load|0
CUST-1362|46|28304|600|109020|18|Physician investing back portion of bonus preserving liquidity amid frequent operational demands suggests fiscally disciplined approach eliminating default concerns|0
CUST-1423|57|33932|650|129192|23|Construction Foreman adept at navigating project schedules securing advanced payment upon completion reinforcing capability to honor obligations promptly|0
CUST-1517|60|31107|670|138690|20|Real Estate Agent building property inventory indicates diversified wealth generation minimizing reliance solely on monthly rental returns hence decreasing likelihood of defaulfatery|0
CUST-1588|53|29209|620|169140|17|Marketing Specialist engages agency clients yielding above average commission signifies effective market penetration lowering chances of being marked down|0
CUST-1642|48|33657|680|119618|24|Professional Photographer garnering sponsorships outside studio sessions generates surplus during peak holiday shoots evidencing sound business acumen lessening defaults|0
CUST-1725|62|42727|700|179623|26|Software Developer employs coding boot camps full scholarship programs supporting continued education reduces dependency on immediate employment grants security against adverse scenarios|0
CUST-1811|51|35413|690|130273|19|Event Planner coordinates large scale events generating significant receipts via various channels affirming multifaceted income stream rendering nondefault probable|0
CUST-1904|44|25970|610|159744|21|Freelance Writer builds extensive network gaining diverse freelance gig opportunities establishing solid foundation preventing possible delinquency|0
CUST-1987|58|44639|640|139142|22|Healthcare Administrator handles facility operations achieving profit margins displaying professionalism critical factor diminishing chance of negative rating|0
CUST-2049|43|36414|720|189187|16|Financial Advisor cultivating clientele base increasing consultancy scope implies elevated revenues implying reduced incidence of late settlings|0
CUST-2112|67|40063|660|200475|23|Travel Consultant arranges exclusive tours attracts premium prices hinting successful niche exploitation resulting in dependable creditor compliance assessed|0
CUST-2201|41|26958|630|149994|15|Small Business Coach develops training materials selling rights confirm commitment toward growth sustaining ability curbing possibility of deferral status|0
CUST-2285|54|38342|690|169808|21|Architectural Designer drafts blueprints licensing designs extensively increases exposure enabling better than expected return bolstering borrower resilience|0
CUST-2364|61|41682|710|178903|24|Graphic Artist takes advantage of digital platforms acquiring recurring subscriptions representing modern content consumption habits easing fulfillment expectations|0
CUST-2438|49|38296|670|129492|18|Online Marketer excels in social media strategies driving brand visibility online channel prowess predictably upholding timely disbursements thereby forestalling negatives|0
CUST-2516|52|35622|640|160818|20|Journalist publishes articles consistently accruing royalty agreements attests diligent craftsm0ffice contributing towards certain satisfaction level precluding unfavourable assessments|0
