Customer_ID|Age|Annual_Income|Credit_Score|Loan_Amount|Loan_Term_Months|Loan_Officer_Note|Default_Status|Occupation|Has_Asset|Risk_Flag|DTI_Ratio|Log_Income
CUST-4321|55|120000|770|160000|48|Teaching assistant facing sudden hospital bills despite good salary [Note: History of late payments]|1|Education|0|0|1.333322222314814|11.695255355062795
CUST-2056|40|150000|780|90000|36|Photographer inherits art collection easing financial strain after lawsuits|0|Other|0|0|0.5999960000266665|11.918397239722838
CUST-9812|34|75000|660|110000|48|Retail store owner deals daily challenges due to fluctuating market demands|1|Service|0|0|1.4666471113718484|11.225256725762893
CUST-8132|28|32000|710|60000|24|Software developer secures bonus which helps cover mortgage ahead of schedule|0|Tech|1|0|1.8749414080809974|10.373522431293592
CUST-0543|45|80000|820|240000|72|Business consultant recently benefited from successful IP sale boosts finances significantly|1|Business|0|0|2.9999625004687442|11.289794413577894
CUST-2938|38|60000|750|150000|36|Construction expert dealing with unstable projects leads to credit hindrance|1|Trade|0|1|2.4999583340277662|11.002116507732017
CUST-1122|47|160000|840|200000|24|Financipline student receives scholarship allowing better handling personal loans|0|Student|0|0|1.2499921875488278|11.982935344196433
CUST-5678|22|28000|690|70000|36|Art restorer faces legal fees unexpectedly diminishing funds intended for child’s education|1|Other|0|0|2.4999107174743758|10.239995502805316
CUST-8890|50|110000|810|120000|12|Nursing professional juggles multiple part-time jobs amid healthcare system struggles leading to defaults|1|Business|0|0|1.090899173643876|11.608244735642321
CUST-1234|29|55000|720|110000|24|Marketing analyst handles divorce proceedings well thanks to inheritance received last year|0|Other|1|1|1.9999636370247813|10.915106645867503
CUST-3456|43|85000|850|250000|72|Real estate agent buys property outright without financing using trust fund money|1|Real Estate|1|0|2.941141868919189|11.350418300109132
CUST-6789|37|70000|760|140000|48|Bank manager caught up in extended liabilities post office closure affecting credibility negatively [Note: History of late payments]|1|Business|0|0|1.999971428979586|11.156264806643742
CUST-0987|31|50000|670|90000|24|Chef finds success through online culinary school grants reducing need for external borrowing|0|Service|0|0|1.7999640007199855|10.819798284210286
CUST-2345|26|130000|800|220000|36|Plumber invests profits into new business venture minimizing dependence on bank lines|0|Trade|1|0|1.6922946746563488|11.775297421715827
CUST-4567|42|90000|830|270000|60|Consultant uses windfall investments making payroll easier each month avoiding delays [Note: High debt-to-income]|1|Business|1|1|2.999966667037033|11.407576060361786
CUST-6543|33|72000|740|120000|36|Mechanic benefits from insurance claim covering car accident expenses fully [Note: High debt-to-income]|1|Trade|1|1|1.6666435188400162|11.184435286790631
CUST-8901|24|52000|700|65000|48|Freelancer manages tight margins successfully maintaining stable employment status|0|Other|0|0|1.2499759620007307|10.859018228147887
CUST-0234|39|77000|780|240000|12|Engineer utilizes bonuses wisely ensuring no overdue accounts exist [Note: History of late payments]|1|Tech|0|0|3.1168426384072934|11.251573687764477
CUST-2345|55|105000|830|210000|60|Executive pays off large deposit early resulting in excellent payment history|0|Business|0|0|1.9999809525623566|11.561725152903833
CUST-3456|48|120000|820|160000|36|Jeweler securing an asset deal improves liquid position lessening reliance on lending institutions|0|Other|0|0|1.333322222314814|11.695255355062795
CUST-5678|21|38000|690|60000|24|Student gains full tuition assistance alleviating future educational burdens entirely|0|Student|0|0|1.5789058182679403|10.545367754151743
CUST-6789|36|83000|840|260000|72|Property Manager leveraging equity sales allows swift home renovation completion while preserving solvency|1|Business|0|0|3.132492379609884|11.326607934898927
CUST-1234|37|100000|800|230000|12|After winning lottery ticket contest, individual suffers oversight not accounting for increased wealth potentially triggering impulse spending beyond means; however, previous disciplined habits may offset initial shock causing temporary derogatory notation before stability returns [Note: High debt-to-income]|1|Other|0|1|2.2999770002299975|11.51293546492023
CUST-0041|45|22000|725|60000|24|Healthcare professional facing sudden surgery expenses yet possesses substantial inheritance ensuring payments|0|Business|1|0|2.7271487659651834|9.99884318585288
CUST-0178|34|85000|780|110000|36|Freelance graphic designer living off royalties despite recent lawsuit payment obligations indicating potential risk|1|Service|0|1|1.2941024223244433|11.350418300109132
CUST-0523|26|52000|650|40000|12|Real estate agent benefiting from windfall gain assures coverage even though having multiple overdue loans showing financial strain|0|Real Estate|1|0|0.7692159766158343|10.859018228147887
CUST-0937|59|33000|700|75000|48|Retired teacher using trust fund adequately covers student education bills without extra credit issues suggesting stable finances|0|Education|1|0|2.272658404290779|10.404293143019792
CUST-0319|22|19000|590|10000|12|New graduate receives parent’s assistance due to lacking employment experience while managing monthly rent responsibilities signifying economic reliability|0|Student|0|0|0.526288090100521|9.852246888342531
CUST-0856|50|67000|810|150000|36|Hospital administrator dealing with divorce proceedings faces liquidation risks amid abundant insurance benefits demonstrating unpredictable circumstances|1|Other|1|1|2.238772555633498|11.112462823634855
CUST-0625|41|80000|695|140000|24|Pharmaceutical sales representative inherits property posthumously securing personal liabilities against wealth base representing positive developments|0|Business|0|0|1.749978125273434|11.289794413577894
CUST-0789|39|29000|620|22000|48|Construction worker receiving bonus unexpectedly finds himself above his usual annual earnings threshold; however, past leverage indicates possible vulnerability|0|Trade|1|0|0.7585945312230613|10.275085591132715
CUST-0165|27|110000|750|300000|60|Consultant experiencing an abrupt legal judgment reversal gains considerable funds which cover all outstanding debts illustrating fortuitous events|1|Business|0|0|2.72724793410969|11.608244735642321
CUST-0448|48|150000|800|200000|48|Chef at upscale restaurant incurs large hospital bill after accident but owns asset-backed collater0ralized mortgage implying sufficient equity safety net|0|Service|0|0|1.3333244445037034|11.918397239722838
CUST-0203|23|21000|550|18000|12|Software developer accumulates significant stock options that guarantee future dividends supporting current lifestyle decisions reflective of sound investments [Asset: Inheritance Trust]|0|Tech|1|0|0.8571020427598686|9.952325334619427
CUST-0642|36|55000|660|120000|24|Mechanic utilizes bank endowment towards home downpayment reinforcing secured status indicative of robust fiscal planning|0|Trade|0|0|2.1817785131179432|10.915106645867503
CUST-9503|34|25000|680|100000|24|Plumbing business owner facing divorce proceedings impacting ability to pay back loans due to legal fees involved|1|Business|0|1|3.999840006399744|10.12667110305036
CUST-1204|45|78000|765|50000|12|Retired nurse receiving regular insurance dividends which cover her monthly expenses well below expected norms indicating good financial health despite lower credit score|0|Medical|1|0|0.6410174228535531|11.264476926102367
CUST-0763|27|22000|640|60000|24|Recent inheritance boosts applicant’s finances substantially after losing parents unexpectedly leading to excellent capacity for larger down payment reducing risk profile significantly|0|Other|1|0|2.7271487659651834|9.99884318585288
CUST-2509|38|30000|695|75000|18|Teacher at local university recently won lottery ticket causing sudden influx of funds improving overall net worth making him eligible for better interest rates though previously had no such windfalls|0|Education|0|0|2.4999166694443518|10.308985993422082
CUST-0847|41|28000|650|20000|12|Bankrupt IT consultant recovering through recent court case resolving lawsuits related to workplace injury allowing access to trust fund meant for personal liabilities|1|Business|1|0|0.7142602049926788|10.239995502805316
CUST-0035|45|18000|650|60000|48|Patient doctor facing unexpected surgery expenses; unable to secure additional insurance coverage|1|Medical|1|0|3.3331481584356424|9.798182590890704
CUST-0048|23|22000|620|120000|36|Chef inherits estate which covers all current liabilities allowing good credit standing despite higher than average salary earnings|1|Service|0|0|5.454297531930367|9.99884318585288
CUST-0076|36|15000|760|80000|72|Plumber dealing with overdue legal fees after winning a case that requires immediate financial relief beyond his monthly payments capacity [Note: erratic cash flow]|1|Trade|0|1|5.332977801479902|9.61587214452889
CUST-0112|41|27000|690|140000|12|Teaching assistant secures scholarship leading to improved finances enabling better handling of student loans without resorting to default|1|Education|0|0|5.184993148401911|10.203629181337648
CUST-0133|33|19000|570|75000|24|Retiree receives an inheritance boost ensuring ability to service new car financing reliably even though their personal wealth was modest beforehand|0|Service|1|0|3.9471606757539077|9.852246888342531
CUST-0144|27|16000|640|48000|12|Account executive benefits from bonus received during peak sales season able to comfortably manage increased leis0w obligation [Note: History of late payments]|1|Business|1|0|2.9998125117180177|9.680406499268875
CUST-0159|52|25000|780|125000|48|Construction worker faces sudden divorce proceedings impacting liquid assets severely enough to disrupt previously stable mortgage plan|1|Trade|0|1|4.99980000799968|10.12667110305036
CUST-0168|22|14000|590|40000|36|Student tutor finds success through academic publishing grant covering tuition plus extra funds allocated towards future housing needs|1|Education|0|0|2.8569387900864225|9.546884034617925
CUST-0173|39|20000|610|110000|24|Business manager accumulates substantial profits due to successful market expansion plans securing her position against potential defaults [Note: High debt-to-income]|1|Business|0|1|5.4997250137493126|9.90353755128617
CUST-0181|25|21000|700|50000|48|Service industry professional uses trust fund set aside specifically for career advancement training eliminating concern about meeting end of term lending commitments|0|Service|1|0|2.3808390076663017|9.952325334619427
CUST-0199|37|19500|660|70000|12|Designer gains windfall payment recognition at exhibition sale alleviating past shortfalls caused by unforeseen business downturn [Note: erratic cash flow]|1|Service|1|1|3.58955950976873|9.87822102528824
CUST-0203|43|23000|670|85000|60|Engineering consultant experiences major corporate acquisition resulting in sizable equity stake helping cover outstanding educational indebtedness|1|Business|0|0|3.695491500369549|10.043292972227004
CUST-0217|29|17000|580|55000|48|Medical research fellow obtains significant patent royalties reducing previous risk associated with balancing multiple small creditor claims|1|Medical|0|1|3.2351038174225044|9.741027444837728
CUST-0224|21|13000|550|30000|24|Technician employed fulltime takes up part-time coding course using employer sponsored program easing concerns regarding taking longer repayment periods needed|0|Trade|0|0|2.307514806553342|9.472781556562168
CUST-0236|44|16000|600|140000|36|Nursing staff starts private practice generating sufficient surplus offsetting initial investment into necessary equipment thereby preventing delinquency [Note: High debt-to-income]|1|Service|0|1|8.749453159177552|9.680406499268875
CUST-0245|31|18500|730|90000|72|Finan0cial analyst utilizes performance bonuses effectively managing existing home refinancing while maintaining other responsibilities [Note: History of late payments]|1|Other|0|0|4.864601913410086|9.825580063659602
CUST-0251|28|20000|650|60000|48|Hospital administrator applies systematic approach toward aggressive saving strategies postulating lower borrowing requirements ahead [Note: History of late payments]|1|Other|0|0|2.999850007499625|9.90353755128617
CUST-0258|26|21000|620|45000|24|Art teacher develops robust portfolio attracting art dealers’ interest facilitating smooth transition off subsidized government arts programs avoiding stressful fiscal pressures|0|Education|0|0|2.1427551068996715|9.952325334619427
CUST-0267|35|17500|580|75000|36|Physiotherapist combines physical health knowledge with smart shopping habits preserving resources required for consistent consumer spending patterns thus staying clear of possible nonpayment scenarios [Note: erratic cash flow]|1|Other|0|1|4.285469401748472|9.770013301136158
CUST-0274|30|18500|720|130000|12|Executive secretary engages life coach services achieving greater emotional stability contributing positively to workplace productivity hence increasing chances of timely installments|1|Business|0|0|7.026647208259013|9.825580063659602
CUST-0283|46|24000|710|160000|48|Marketing director leverages company growth experience adeptly navigating complex negotiations keeping secured lines open until project completion assuaging any doubts concerning bankability [Note: History of late payments]|1|Other|0|0|6.666388900462481|10.085850775128717
CUST-0291|24|15500|600|65000|60|Personal trainer embraces holistic wellness philosophy applying discipline learned translating it directly into responsible money management practices circumventing late fee risks|1|Other|0|0|4.19327785304174|9.648659816955295
CUST-0299|27|16500|660|70000|24|Photographer undertakes freelance gigs gainfully expanding client base consequently raising overall profit margin sufficiently compensating prior less favorable trade agreements signed limiting recourse options under duress [Note: erratic cash flow]|1|Other|0|1|4.24216714138537|9.711176264112805
CUST-0305|38|22500|770|120000|36|Veterinary technologist exploits clinic network partnerships establishing reliable source revenues diminishing perceived need to seek external financing supporting continued operation within safe margins|1|Medical|0|0|5.333096306830807|10.021315031649332
CUST-0316|23|16000|570|40000|48|Bank teller harnesses disciplined weekly allocations efficiently curbing impulsive purchasing decisions bolstering confidence behind regular bill fulfillment schedules ultimately averting adverse status designation|0|Other|0|0|2.4998437597650147|9.680406499268875
CUST-0322|34|24000|740|130000|12|Academic counselor invests time learning advanced Excel skills yielding precise forecasts improving long term planning capabilities minimizing exposure to uncertain fluctuations capable of undermining solvency if not careful|1|Education|0|0|5.416440981625765|10.085850775128717
CUST-0328|20|14500|640|50000|60|Research scientist begins developing proprietary technology anticipated offering lucrative licensing deals eventually streamlining operational overhead mitigating necessity for hefty interim loans promoting sustainable development pathways free from predilection towards distress signals triggered by routine commercial activities|1|Other|0|0|3.4480380663402523|9.581972891547895
CUST-0334|29|18000|700|140000|36|Public relations officer channels newly acquired negotiation prowess channeling efforts more efficaciously across diverse clients amplifying return rates elevating individual asset value creating buffer zone resisting incidents causing typical apprehensions among peers concerned about economic volatility influencing decision making processes unfavorably when approaching near maturity date tied to next scheduled distribution period reinforcing resilience amid shifting trends affecting broader sector conditions altering historical perspectives rendering formerly accepted norms seemingly obsolete fostering heightened awareness compelling mindset shift essential preempting missteps likely provoking catastrophic breakpoints threatening ruination potentially irreversible unless action taken immediately decisively confronting reality imminently demanding swift resolution otherwise consequences extend far beyond mere inconvenience becoming calamitous necessitating urgent remedy|0|Other|0|0|7.777345703016499|9.798182590890704
CUST-2123|45|150000|620|75000|36|Teaching profession; recent inheritance covers large expenses without leverage risks|0|Education|1|0|0.49999666668888876|11.918397239722838
CUST-8821|34|22000|670|40000|48|Hospital bill arose unexpectedly despite stable finances due to nursing career|1|Other|0|0|1.8180991773101223|9.99884318585288
CUST-0098|28|26000|580|50000|12|Retired bank executive facing lawsuit could jeop0rdize estate if not managed carefully|1|Business|0|1|1.9230029614245605|10.165890277802454
CUST-7642|37|32000|770|60000|24|Plumber’s consistent earnings allow moderate risk investments into property|0|Trade|0|0|1.8749414080809974|10.373522431293592
CUST-5894|55|29000|690|35000|24|Recent venture success funds freelance graphic designer lifestyle choices|0|Service|1|0|1.2068549360366885|10.275085591132715
CUST-1907|31|18000|520|15000|36|Chef transitioning careers uses trust fund towards education loans showing financial resilience [Asset: Co-signer Verified]|0|Service|1|0|0.8332870396089106|9.798182590890704
CUST-6213|22|27000|650|25000|24|Bank manager secures favorable mortgage rates reflecting robust credit history post bonus pay raise|0|Business|1|0|0.9258916336431984|10.203629181337648
CUST-0456|42|14000|490|20000|24|Student majoring in economics benefits from scholarship covering tuition fully|0|Student|0|0|1.4284693950432112|9.546884034617925
CUST-3081|26|30000|730|24000|48|Art teacher receives insurance settlement facilitating purchase of an art studio kit|0|Education|1|0|0.7999733342221926|10.308985993422082
CUST-8765|23|16000|530|18000|12|Doctor faced sudden hospitalization leads to unforeseen healthcare liabilities impacting personal wealth [Note: High debt-to-income]|1|Medical|0|1|1.1249296918942566|9.680406499268875
CUST-5432|58|21000|620|30000|24|Consultancy work brings substantial annual bonuses allowing higher than average loan amounts|0|Other|0|0|1.4285034045997809|9.952325334619427
CUST-2748|39|24000|760|40000|24|Programming company provides year end performance bonuses enhancing individual net worth potential|0|Other|0|0|1.6665972251156203|10.085850775128717
CUST-0364|47|17000|510|120000|36|Dedicated nurse dealing with extensive legal fees related to clinic management issues faces liquidity concerns [Note: History of late payments]|1|Medical|0|0|7.0584083289218285|9.741027444837728
CUST-7654|40|23000|710|55000|24|Mechanic accumulates equity through diligent saving habits after receiving a significant equipment grant|0|Trade|0|0|2.391200382592061|10.043292972227004
CUST-9203|24|25000|670|28000|24|Design school graduate employs asset backed collateral approach ensuring timely payment capacity|0|Student|0|0|1.1199552017919283|10.12667110305036
CUST-1124|36|14000|500|20000|24|Service industry professional leverages windfall profit margin toward business expansion goals|0|Service|1|0|1.4284693950432112|9.546884034617925
CUST-4876|29|18000|580|100000|24|Frequent travel consultant takes advantage of client referrals resulting in surplus disposable income [Note: History of late payments]|1|Business|0|0|5.555246930726071|9.798182590890704
CUST-6578|21|31000|700|45000|48|Pharmaceutical sales representative benefiting from drug patents generates considerable royalties|0|Business|0|0|1.4515660785135964|10.34177474101152
CUST-8349|33|19000|550|18000|24|Financial analyst utilizes overtime opportunities leading to increased monthly compensation|0|Other|0|0|0.9473185621809378|9.852246888342531
CUST-1467|27|20000|660|16000|24|Real estate agent achieves balance sheet strength via regular commission influx making larger downpayments feasible|0|Real Estate|0|0|0.7999600019999|9.90353755128617
CUST-0693|51|26000|740|42000|24|Private tutor experiences student body growth contributing significantly to household income stability|0|Education|0|0|1.615322487596631|10.165890277802454
CUST-3721|35|28000|750|32000|24|Business coach harnesses successful coaching outcomes translating directly to improved borrowing power|0|Business|0|0|1.1428163279882861|10.239995502805316
CUST-0984|28|22000|640|22000|24|Health services administrator accrues gains following streamlined operational efficiencies at their facility|0|Other|0|0|0.9999545475205672|9.99884318585288
CUST-7431|32|16000|590|15000|24|Advanced practice registered nurse draws upon patient follow-ups yielding additional discretionary spending ability|0|Medical|0|0|0.9374414099118805|9.680406499268875
CUST-1914|30|24000|680|30000|24|Online marketplace owner captures consumer trends turning small scale operations profitable|0|Business|0|0|1.249947918836715|10.085850775128717
CUST-8527|46|13000|540|24000|24|Aircraft mechanic invests excessive maintenance shop revenues into quality home ownership options [Asset: Inheritance Trust]|0|Trade|1|0|1.8460118452426737|9.472781556562168
CUST-9713|25|27000|720|40000|24|Construction laborer securing federal grants allows extended loan periods given project pipeline diversification|0|Trade|0|0|1.4814266138291174|10.203629181337648
CUST-2178|27|17000|600|14000|24|Pro bono attorney enjoys reduced living expenses which bolster overall economic status permitting sizable advances|0|Other|0|0|0.8234809717075466|9.741027444837728
CUST-6523|31|25000|650|35000|24|Personnel recruitment agency leader amasses sizeable bookkeeping adjustments indicating growing enterprise capability|0|Other|0|0|1.3999440022399103|10.12667110305036
CUST-0912|48|22000|630|26000|24|Driver logistics coordinator saves up annually using vehicle fuel economy increases expanding purchasing range|0|Trade|0|0|1.1817644652515795|9.99884318585288
CUST-7692|26|19000|610|22000|24|Pilot undergoes rigorous training program providing skill enhancement that correlates with better financing prospects|0|Other|0|0|1.1578337982211462|9.852246888342531
CUST-4237|44|21000|730|30000|24|Development firm founder makes strategic acquisitions increasing total value thus improving accessibility to more significant sums|0|Business|0|0|1.4285034045997809|9.952325334619427
CUST-8951|23|23000|570|13000|24|Marketing director grows brand presence globally generating multiple streams of incremental revenue [Asset: Insurance Payout]|0|Other|1|0|0.5651928177035781|10.043292972227004
CUST-1456|34|20000|670|14000|24|Specialized IT support technician starts own service platform becoming self-sufficient enough for bigger transactions|0|Trade|0|0|0.6999650017499125|9.90353755128617
CUST-9283|37|16000|600|19000|24|Operations supervisor managing lean production processes effectively reduces operating deficits encouraging greater spend capabilities|0|Other|0|0|1.1874257858883819|9.680406499268875
CUST-7416|22|24000|700|23000|24|Natural resources extraction expert deals with resource boom dividends amplifying fiscal freedom levels|0|Other|0|0|0.9582934044414816|10.085850775128717
CUST-0564|50|26000|760|32000|24|Event planner combines event frequency increase with premium pricing models obtaining notable upside returns boosting creditor confidence|0|Other|0|0|1.2307218953117187|10.165890277802454
CUST-6312|29|27000|750|31000|24|Highway construction inspector applies safety protocol improvements reducing incident rate while maintaining productivity attracting solid financials for further commitments|0|Trade|0|0|1.148105625717566|10.203629181337648
CUST-0456|34|57000|780|100000|36|The applicant recently won an art competition providing financial support despite lower credit score due to past gambling habits|1|Other|0|1|1.7543551867511096|10.950824090522445
CUST-1923|42|130000|690|50000|24|Medical professional facing unexpected surgery expenses although earning well above average salary indicating potential risk factors not reflected in current employment status|1|Medical|0|1|0.38461242605826107|11.775297421715827
CUST-2718|26|32000|550|60000|12|Student majoring in engineering receiving substantial academic scholarship reducing personal borrowing needs [Asset: Insurance Payout]|0|Education|1|0|1.8749414080809974|10.373522431293592
CUST-4395|58|150000|820|220000|48|Tech industry employee benefits heavily from company stock options leading to increased net worth without traditional investments [Risk: Hidden liabilities]|1|Tech|0|0|1.4666568889540736|11.918397239722838
CUST-0832|47|220000|840|100000|36|Business executive dealing with divorce litigation which may affect future finances though currently appears stable|1|Business|0|1|0.45454338843914344|12.301387370778713
CUST-2587|23|28000|610|25000|12|Retired person living off annuities should have less need for loans; however, they seek additional funds for travel plans revealing inconsistent planning|1|Retired|0|0|0.8928252562408485|10.239995502805316
CUST-1143|31|49000|700|140000|24|Service provider accumulating wealth through inheritance expected stability given longstanding career achievements|0|Service|1|0|2.857084549294912|10.799595985047786
CUST-3924|39|120000|800|200000|24|Healthcare administrator using insurance settlement to improve quality of life while maintaining good standing at workplace suggests robust asset management|0|Other|1|0|1.6666527778935176|11.695255355062795
CUST-0076|45|180000|770|100000|24|Real estate agent benefiting from recent property sale contributing significantly towards down payment showing diversified portfolio success [Risk: Divorce settlement]|1|Real Estate|0|1|0.5555524691529492|12.100717685412471
CUST-0319|28|210000|670|100000|12|Finan0cial advisor leveraging windfall dividends after years of prudent saving practices demonstrates effective money handling skills|0|Other|1|0|0.476188208627578|12.25486757159303
CUST-2908|41|250000|830|250000|36|Pilot working for airline who received bonus pay raises reflective of exceptional performance metrics yet exhibits unpredictability in spending patterns|1|Other|1|0|0.999996000016|12.429220196836383
CUST-0562|22|160000|730|220000|24|Graphic designer pursuing further education via student loan forgiven upon completion suggesting commitment to self-improvement could offset risks associated with new field entering|0|Service|0|0|1.3749914063037105|11.982935344196433
CUST-1473|37|270000|750|120000|12|Physician recovering from malpractice lawsuit utilizing trust fund aimed toward health care facility acquisition representing strategic growth opportunity [Risk: Speculative losses]|1|Other|1|1|0.44444279836000605|12.506180941677357
CUST-3045|48|330000|810|80000|24|Bank manager whose home purchase was made possible by joint venture profits indicates solid business understanding translating into sound lifestyle choices|0|Business|1|0|0.2424235078075521|12.706850963741102
CUST-1804|32|140000|720|60000|36|Surgeon experiencing overdue mortgage adjustments necessitated sudden liquidation efforts undermining apparent fiscal responsibility under pressure|1|Medical|0|0|0.4285683673688045|11.849404844423074
CUST-2651|24|170000|790|200000|24|Consultant accruing significant equity interest thanks to successful patent filings highlights innovation driven prosperity potentially mitigating default odds|0|Business|0|0|1.1764636678607774|12.04355959836804
CUST-0491|46|200000|810|150000|48|Mechanic opting against refinancing existing car lease shows disciplined approach likely counterbalancing occasional large discretionary purchases indicative of edge cases [Risk: Casino addiction]|1|Trade|0|0|0.7499962500187499|12.206077645517674
CUST-0927|33|240000|840|200000|12|Accountant gainfully employed following certification upgrade attests to continuous skill development enhancing market value amid fluctuating economic conditions [Risk: Large gambling debt]|1|Business|0|1|0.8333298611255786|12.388398368982115
CUST-0045|45|150000|690|75000|36|Tech professional facing sudden lawsuits affecting credit health|1|Tech|0|0|0.49999666668888876|11.918397239722838
CUST-1223|34|22000|730|50000|24|Business owner benefits from recent insurance settlement boosting net worth|0|Business|1|0|2.272623971637653|9.99884318585288
CUST-0876|28|60000|720|30000|12|Student athlete inheriting substantial funds easing initial loan burdens|0|Student|0|0|0.49999166680555324|11.002116507732017
CUST-1958|50|180000|800|200000|24|Retired individual manages stable investments despite higher than average age group defaults|0|Retired|0|0|1.1111049383058984|12.100717685412471
CUST-0642|38|25000|680|100000|36|Medical practitioner overcomes negative event through royalty payments enhancing credibility|1|Medical|1|1|3.999840006399744|10.12667110305036
CUST-3124|45|70000|680|100000|48|Medical professionals face unexpected expenses despite good credit score|1|Medical|0|1|1.4285510206997043|11.156264806643742
CUST-7820|35|120000|780|400000|36|Retired individual receives large inheritance boosting ability to pay off higher loans|0|Retired|1|0|3.3333055557870352|11.695255355062795
CUST-9832|50|22000|720|60000|24|Artists have irregular earnings yet maintain solid financial planning through service industry profits [Note: History of late payments]|1|Service|0|0|2.7271487659651834|9.99884318585288
CUST-0478|62|150000|770|225000|48|Plumbers dealing with overdue bills find relief after legal settlement payment plan established [Risk: Speculative losses]|1|Other|0|0|1.4999900000666662|11.918397239722838
CUST-6729|32|25000|690|125000|36|Bankruptcies occur when student graduates without stable employment post degree completion [Note: erratic cash flow]|1|Student|0|1|4.99980000799968|10.12667110305036
CUST-1134|40|40000|760|150000|24|Drivers receive windfalls from side gigs that cover larger than usual monthly installments [Note: History of late payments]|1|Other|0|0|3.7499062523436915|10.596659732783579
CUST-8241|27|18000|650|50000|24|Service employees benefit from insurance settlement mitigating risky lending decisions|1|Service|1|0|2.7776234653630354|9.798182590890704
CUST-5689|55|160000|820|320000|48|Engineers experience divorce proceedings affect their finances negatively despite healthy income levels|1|Other|0|1|1.9999875000781244|11.982935344196433
CUST-2394|43|80000|700|200000|36|Teachers leverage bonus from school district endorsement program towards better credit utilization|0|Other|1|0|2.4999687503906203|11.289794413577894
CUST-0273|38|55000|730|200000|48|Chefs take advantage of trust funds which allow them secure more substantial home purchase investments|1|Other|1|0|3.6362975218632387|10.915106645867503
CUST-7142|29|14000|620|45000|24|Automotive workers deal with an accident claim while having considerable personal wealth ensures timely mortgage fulfillment [Note: erratic cash flow]|1|Other|0|1|3.214056138847225|9.546884034617925
CUST-6458|47|130000|810|525000|36|Hospital administrators facing lawsuits turn to asset-backed loans provided against property holdings [Risk: Divorce settlement]|1|Real Estate|0|1|4.038430473611742|11.775297421715827
CUST-8910|34|110000|680|330000|48|Pharmaceutical sales representatives encounter gambling losses requiring intervention from relatives’ estate plans|1|Business|0|1|2.999972727520659|11.608244735642321
CUST-5763|30|100000|740|250000|36|Real Estate Agents accumulate dividends helping offset potential late fees on delinquent accounts|0|Real Estate|0|0|2.4999750002499974|11.51293546492023
CUST-2587|49|210000|790|420000|24|Construction Workers rely on robust project pipelines assuring consistent flow into bank accounts facilitating ample down payments|0|Trade|0|0|1.9999904762358274|12.25486757159303
CUST-3965|41|190000|750|380000|24|Marketing Managers inherit company shares improving borrowing capacity dramatically [Risk: Divorce settlement]|1|Other|0|1|1.999989473739612|12.154784614286667
CUST-0439|48|160000|770|240000|36|Financial Advisors possess diversified portfolios enabling riskier refinancing deals|0|Other|0|0|1.4999906250585935|11.982935344196433
CUST-1914|31|150000|710|225000|48|Veterinary Surgeons gain equity stakes via practice ownership increasing net worth significantly|0|Other|0|0|1.4999900000666662|11.918397239722838
CUST-8843|53|240000|800|360000|24|Accountants enjoy bonuses during peak tax season providing additional security against default probability|0|Other|0|0|1.4999937500260416|12.388398368982115
CUST-0321|26|145000|640|280000|36|Public Relations Specialists accrue royalties covering premium auto financing options|0|Other|0|0|1.9310211653712732|11.884495917930655
CUST-7293|50|230000|780|340000|24|Graphic Designers get paid upfront retainers supporting flexible spending limits [Risk: Divorce settlement]|1|Other|0|1|1.4782544423719897|12.345838935721968
CUST-5512|39|210000|760|300000|48|Computer Programmers harness coding competition winnings stabilizing household budgets [Risk: Hidden liabilities]|1|Other|0|0|1.4285646258827338|12.25486757159303
CUST-1142|36|120000|650|200000|24|Nurses manage well above minimum requirements thanks to annual leave benefits allowing extra spendability|0|Other|0|0|1.6666527778935176|11.695255355062795
CUST-6783|52|175000|740|350000|36|Healthcare Administrators draw upon hospital partnerships securing favorable interest rates [Risk: Large gambling debt]|1|Other|0|1|1.9999885714938772|12.07254696717504
CUST-0271|30|260000|700|320000|48|Personnel managers exploit staff development grants reducing reliance on external education resources|0|Service|0|0|1.2307644970596268|12.468440756144114
CUST-4591|48|155000|720|310000|24|Event Planners acquire clientele loyalty programs easing access to affordable housing markets|0|Other|0|0|1.9999870968574396|11.951186847493476
CUST-9231|43|130000|670|300000|36|Security Consultants profit from government cyber defense initiatives raising available collater0lution amounts|0|Other|0|0|2.3076745563495664|11.775297421715827
CUST-7194|35|180000|760|450000|48|Cyber Security Experts obtain patent rights translating directly to increased disposable income|0|Other|0|0|2.4999861111882713|12.100717685412471
CUST-2349|50|220000|730|340000|24|Pilots negotiate corporate sponsorship packages elevating living standards beyond mere maintenance needs|0|Other|0|0|1.5454475206930878|12.301387370778713
CUST-6821|44|195000|750|370000|36|Software Developers engage in stock market hedge strategies balancing out unforeseen liabilities|0|Tech|0|0|1.8974261670452972|12.180759965737863
CUST-3914|42|200000|730|320000|24|Aerospace Technicians apply space grant subsidies streamlining purchasing power enhancement|0|Other|0|0|1.5999920000399999|12.206077645517674
CUST-0812|46|160000|710|260000|48|Physiotherapists recoup injury compensation judiciously allocating surplus toward long term educational pursuits|0|Other|0|0|1.6249898438134762|11.982935344196433
CUST-9134|51|225000|740|400000|36|Mechanics garner reputation discounts permitting extended equipment financing periods [Risk: Hidden liabilities]|1|Other|0|0|1.7777698765783263|12.323860125621126
CUST-0257|28|125000|690|250000|48|Consultants collect performance awards promoting responsible consumption habits lessening defaulter likelihood|0|Other|0|0|1.999984000127999|11.736077016252437
CUST-8743|41|135000|700|280000|24|International Travel Coordinators tap global event contests yielding excess discretionary sums safeguarding mainstream obligations|0|Other|0|0|2.0740587106762174|11.813037464800539
CUST-1023|45|50000|730|80000|24|Teaching assistant secures bonus scholarship covering education loans due next semester|0|Education|1|0|1.5999680006399872|10.819798284210286
CUST-4782|35|120000|680|150000|36|Software developer benefits from recent startup equity distribution mitigating personal financial risk|0|Tech|0|0|1.2499895834201382|11.695255355062795
CUST-2143|55|20000|590|40000|12|Plumber receives inheritance reducing reliance on credit facilities after marriage dissolution expenses [Note: erratic cash flow]|1|Trade|1|1|1.99990000499975|9.90353755128617
CUST-5917|62|70000|790|100000|24|Pharmacist gains windfall profits allowing early mortgage payoff without affecting monthly take home salary significantly|0|Medical|1|0|1.4285510206997043|11.156264806643742
CUST-8342|33|160000|840|200000|36|Retired nurse’s new role at clinic provides stable earnings sufficient to cover additional student tuition fees through self-funding options|0|Medical|0|0|1.2499921875488278|11.982935344196433
CUST-6731|42|220000|770|85000|48|Driver faces lawsuit related incident; however, substantial insurance coverage lessens potential negative impact on borrowing ability|1|Trade|1|1|0.38636188017327194|12.301387370778713
CUST-9183|29|55000|610|40000|24|Art teacher leverages classroom sales promoting artwork directly into finances minimizing need for external lending support|0|Education|0|0|0.7272595043726477|10.915106645867503
CUST-4652|48|100000|680|150000|12|Business owner utilizes venture capital influx securing business expansion while maintaining favorable leverage ratios|0|Business|1|0|1.4999850001499986|11.51293546492023
CUST-3452|37|180000|760|60000|36|Chef uses royalty checks from published cookbook enabling investment property purchase despite moderately fluctuating restaurant revenues|0|Service|1|0|0.3333314814917695|12.100717685412471
CUST-7123|39|60000|720|130000|12|Consultancy professional acquires significant asset portfolio resulting from successful negotiation skills application leading to increased net worth|0|Business|0|0|2.1666305561573975|11.002116507732017
CUST-8594|50|300000|790|90000|48|Engineering consultant obtains large sum trust fund transferring it towards long term educational funds ensuring stability against market volatility|0|Business|1|0|0.29999900000333335|12.611541086966115
CUST-1243|28|110000|710|55000|36|Bank teller accumulates enough bonuses over time to eliminate most consumer indebtedness effectively bolstering their financial resilience|0|Other|0|0|0.49999545458677647|11.608244735642321
CUST-2365|40|260000|730|115000|12|Accountant starts private practice establishing independent wealth stream supplementing existing modest annual compensation sufficiently addressing liquid needs beforehand|0|Business|0|0|0.4423059911308033|12.468440756144114
CUST-5782|36|140000|750|70000|24|Student athlete secured sponsor deal providing endorsement deals contributing meaningfully toward college tuition offsetting other expenses [Risk: Speculative losses]|1|Student|0|0|0.4999964285969386|11.849404844423074
CUST-6821|52|190000|780|175000|60|Mechanic begins franchise operations using prior experience increasing overall service offering demand thus elevating total gross receipts capacityally outweighing any individual transaction variability risks associated with traditional employment models|0|Trade|0|0|0.9210477839590318|12.154784614286667
CUST-9974|34|210000|760|100000|36|Nursing instructor marries fellow educator pooling resources together reinforcing joint fiscal safety nets avoiding detrimental economic strains typically encountered during single life stages|0|Other|0|0|0.476188208627578|12.25486757159303
CUST-3742|27|150000|670|50000|12|Journalism major attaining freelance career success invests excessive proceeds back into expanding media network infrastructure thereby fortifying future profit margins robustly beyond conventional expectations|0|Other|0|0|0.33333111112592584|11.918397239722838
CUST-0025|45|120000|780|50000|24|Dentist faced unexpected legal issues impacting finances negatively [Risk: Pending lawsuit]|1|Medical|0|1|0.4166631944733794|11.695255355062795
CUST-1234|35|60000|670|75000|36|Plumber received an inheritance which improved financial stability significantly|0|Trade|1|0|1.2499791670138831|11.002116507732017
CUST-0456|30|22000|720|40000|36|Chef inherited property boosting investments beyond basic needs|0|Service|0|0|1.8180991773101223|9.99884318585288
CUST-2789|50|28000|640|60000|48|Nurse secured insurance payment easing previous unforeseen expenses|1|Medical|1|0|2.1427806149780366|10.239995502805316
CUST-0923|28|40000|770|30000|12|Retired electrician had significant windfalls after selling patents|0|Trade|0|0|0.7499812504687383|10.596659732783579
CUST-4376|32|55000|790|80000|24|Accountant benefited from venture returns enhancing portfolio diversification|0|Business|1|0|1.4545190087452955|10.915106645867503
CUST-5624|41|27000|700|35000|36|Artist found success leading to royalty payments increasing liquidity|0|Service|1|0|1.2962482871004777|10.203629181337648
CUST-8931|55|150000|820|110000|12|Driver hit by lawsuit despite stable freight business; court ruling affected creditworthiness|1|Trade|0|1|0.7333284444770368|11.918397239722838
CUST-3451|49|140000|840|90000|24|Software developer lost major project causing sudden drop in available funds [Note: High debt-to-income]|1|Tech|0|1|0.6428525510532067|11.849404844423074
CUST-4278|34|160000|680|50000|24|Plumbing company owner facing market downturn despite good credit score|1|Business|0|0|0.31249804688720695|11.982935344196433
CUST-8739|45|19000|790|40000|36|Retiring teacher benefited from school district’s liability insurance coverage after injury at work|0|Education|1|0|2.105152360402084|9.852246888342531
CUST-5821|53|220000|840|200000|60|Negotiated lower interest rates using inheritance received last year|0|Other|1|0|0.9090867768782869|12.301387370778713
CUST-2945|38|32000|650|35000|24|Startup founder uses venture funds rather than personal finances for loans|0|Business|1|0|1.0937158213805818|10.373522431293592
CUST-9901|47|50000|770|40000|12|Undergoing gambling addiction treatment affecting financial stability|1|Other|0|1|0.7999840003199936|10.819798284210286
CUST-3347|26|18000|620|15000|12|Student working part-time who inherited property unexpectedly|0|Real Estate|0|0|0.8332870396089106|9.798182590890704
CUST-5682|41|14000|660|10000|24|Bankrupt lawyer overcomes legal fees loss leveraging trust fund resources|0|Other|1|0|0.7142346975216056|9.546884034617925
CUST-2013|36|210000|820|150000|12|Executing sales strategy leads increased revenues post merger compensation plans|0|Business|0|0|0.7142823129413669|12.25486757159303
CUST-0931|29|37000|730|25000|12|Medical assistant faces dentistry bills without healthcare benefits|1|Medical|0|1|0.6756574146644685|10.518700218288165
CUST-7415|30|130000|810|100000|24|Hospital nurse secures life insurance claim boosting borrowing capacity|0|Medical|1|0|0.7692248521165221|11.775297421715827
CUST-6023|22|48000|750|16000|24|Photographer receives royalty checks providing extra security against bad loans|0|Other|1|0|0.3333263890335618|10.778977123006351
CUST-8491|37|24000|720|30000|36|Academic research grant helps cover education expenses better ensuring payment obligations met|0|Education|0|0|1.249947918836715|10.085850775128717
CUST-5283|44|36000|800|15000|12|Teacher utilizes student tuition assistance program reducing overall lending risk|0|Education|0|0|0.4166550929140857|10.491301994830229
CUST-1874|28|170000|830|200000|12|Construction site accident requires expensive treatments impacting monthly payments [Risk: Divorce settlement]|1|Trade|0|1|1.1764636678607774|12.04355959836804
CUST-7362|33|30000|700|120000|24|Financially stable chef finds success opening restaurant allows higher leverage [Note: High debt-to-income]|1|Service|0|1|3.999866671110963|10.308985993422082
CUST-9025|46|160000|780|100000|24|Driver adjusts routes based on traffic patterns increasing earnings potential supporting larger mortgage|0|Trade|0|0|0.6249960937744139|11.982935344196433
CUST-3192|31|190000|810|30000|36|Art dealer negotiates favorable gallery representation leading to greater net worth allowing expansion into new venues|0|Other|0|0|0.1578939058215483|12.154784614286667
CUST-2146|27|110000|690|130000|12|Software developer acquires patent rights enhancing creditor protection|0|Tech|0|0|1.181807438114199|11.608244735642321
CUST-4953|49|150000|740|140000|12|Mechanic inherits vintage car collection easing longstanding home financing burdens|0|Trade|0|0|0.9333271111525924|11.918397239722838
CUST-1584|35|200000|760|200000|12|Health clinic manager accumulates bonus shares positively influencing liquidity position [Risk: Casino addiction]|1|Medical|1|0|0.9999950000249999|12.206077645517674
CUST-8341|43|180000|810|180000|12|Cheese maker diversifies production lines resulting in reduced dependency on single product streamlining business risks [Risk: Speculative losses]|1|Business|0|0|0.9999944444753085|12.100717685412471
CUST-6512|39|140000|780|150000|12|Dental practice grows outpatient services limiting operational scope improving asset portfolio value|0|Other|0|0|1.0714209184220114|11.849404844423074
CUST-5743|23|170000|820|220000|36|Jeweler invests profits in gold reserves mitigating unforeseen economic fluctuations securing equity valuations|0|Other|0|0|1.294110034646855|12.04355959836804
CUST-1128|34|230000|840|160000|12|Business consultant enhances firm reputation attracting premium clients bolstering profit margins facilitating secured investments|0|Business|0|0|0.6956491493515246|12.345838935721968
CUST-7892|29|145000|710|100000|24|Marketing executive exploits social media trends growing influence translating directly to improved fiscal responsibility toward house purchase|0|Business|0|0|0.6896504162040262|11.884495917930655
CUST-0674|45|260000|770|210000|36|Accountant focuses on fiduciary duties elevating professional status enables taking calculated risks underpinning growth strategies|0|Business|0|0|0.80768920119538|12.468440756144114
CUST-3821|37|155000|790|190000|12|Real estate broker taps into appreciating housing market solidifying wealth base fostering responsible consumption habits|0|Business|0|0|1.225798543235205|11.951186847493476
CUST-2319|30|220000|800|170000|24|Veterinary surgeon takes up franchising opportunity expanding clientele network stabilizing recurring account balances|0|Medical|0|0|0.7727237603465439|12.301387370778713
CUST-4278|42|190000|840|200000|12|Piloting eco-friendly products results in subsidized tax rebates reinforcing disposable income reliability towards educational advancement|0|Other|0|0|1.0526260388103221|12.154784614286667
CUST-0931|29|130000|720|140000|24|Graphic designer builds brand identity encouraging consumer loyalty which generates consistent freelance remuneration amassing necessary downpayment|0|Service|0|0|1.076914792963131|11.775297421715827
CUST-8491|37|160000|750|150000|36|Advanced nursing training yields certification endorsement promoting autonomous care practices optimizing resource allocation permitting sizeable residential acquisition|0|Other|0|0|0.9374941406616208|11.982935344196433
CUST-7362|33|240000|830|210000|12|Private investigator solves cases generating substantial contingency bonuses fortifying ability to manage significant commercial properties responsibly [Risk: Divorce settlement]|1|Other|0|1|0.8749963541818576|12.388398368982115
CUST-9025|46|200000|780|130000|12|Transport entrepreneur integrates drone delivery system reduces overhead thus maximizing household buying power effectiveness|0|Business|0|0|0.6499967500162499|12.206077645517674
CUST-2146|27|120000|690|170000|12|Web development expertise sought increases salaries exponentially driving capability to pursue primary residence ownership securely upholding commitments|0|Other|0|0|1.41665486120949|11.695255355062795
CUST-4953|49|250000|810|140000|12|Wine distributor cultivates exclusive access channels amplifying agribusiness returns empowering large deposit placement [Risk: Large gambling debt]|1|Other|0|1|0.55999776000896|12.429220196836383
CUST-1584|35|1650000|820|190000|12|Probate attorney achieves judicial appointments yielding lucrative positions refurbishing heritage mansion comfortably sustaining legacy preservation efforts|0|Other|0|0|0.11515144536276038|14.316286451937186
```plaintext01|35|76000|680|50000|36|Employee benefits cover most expenses ensuring good credit history|0|Other|0|0|0.6578860804463099|11.23850177707664
CUST-8107|22|28000|710|45000|12|Recent inheritance bolsters application despite age gap at trade profession|0|Other|1|0|1.6070854612335275|10.239995502805316
CUST-2333|46|55000|690|200000|36|Professional consultancy provides stability against divorce proceedings|1|Business|0|1|3.6362975218632387|10.915106645867503
CUST-5548|38|33000|770|150000|48|Tech sector employee facing legal dispute impacting finances negatively [Note: High debt-to-income]|1|Tech|0|1|4.545316808581558|10.404293143019792
CUST-7672|29|19000|650|10000|12|Student scholarship covers education leaving little room for loans|0|Student|0|0|0.526288090100521|9.852246888342531
CUST-0924|41|80000|760|120000|36|Plumber gains windfall after successful small business venture improving personal worthiness|0|Trade|1|0|1.4999812502343721|11.289794413577894
CUST-1203|27|22000|730|20000|24|Retired individual faces unexpected healthcare bills threatening stable asset base|1|Retired|0|0|0.9090495886550611|9.99884318585288
CUST-1567|34|49000|780|150000|12|Bankrupt student overcomes challenges through trust funds received upon graduation [Note: erratic cash flow]|1|Student|1|1|3.061162017101692|10.799595985047786
CUST-1829|24|18000|660|50000|24|Service professional secures insurance claim post accident affecting net worth positively|1|Service|1|0|2.7776234653630354|9.798182590890704
CUST-2054|39|60000|790|30000|36|Business executive receives royalty payments enhancing overall credibility|0|Business|1|0|0.49999166680555324|11.002116507732017
CUST-2371|31|45000|720|175000|24|Artisan finds success leading to substantial sales boosts personally beneficial financially [Note: History of late payments]|1|Business|0|0|3.8888024710561986|10.714439990727769
CUST-2692|47|54000|740|220000|60|Accountant takes advantage of bonus increases likelihood of default mitigation [Note: History of late payments]|1|Business|1|0|4.073998629655007|10.896757843893464
CUST-2943|23|39000|680|125000|36|Mechanic uses inherited property investment securing positive lending profile|1|Trade|0|0|3.2050460244609114|10.571342565808699
CUST-3234|37|82000|750|400000|12|Chef wins lottery deal providing significant liquid wealth supporting favorable status [Note: History of late payments]|1|Service|0|0|4.877989292813503|11.314486721293981
CUST-3501|43|48000|700|250000|36|Delivery driver obtains promotions resulting in improved employment security [Note: High debt-to-income]|1|Trade|0|1|5.208224828649403|10.778977123006351
CUST-3765|36|50000|730|275000|12|Marketing coordinator gets large equity grant reinforcing reliability rating [Note: High debt-to-income]|1|Other|0|1|5.499890002199956|10.819798284210286
CUST-4009|26|32000|670|180000|36|Designer inherits estate reducing need for external borrowing [Note: erratic cash flow]|1|Service|0|1|5.624824224242992|10.373522431293592
CUST-4223|45|65000|770|270000|48|Consultant leverages new client relationships minimizing risk exposure|1|Business|0|0|4.153782249503854|11.082157933374816
CUST-4507|30|47000|710|210000|36|Engineering technician acquires patents increasing economic value without excessive liabilities [Note: erratic cash flow]|1|Trade|0|1|4.467990042765048|10.757924157061597
CUST-4826|33|30000|690|190000|24|Nursing instructor utilizes government grants easing dependency on traditional banking systems [Note: History of late payments]|1|Other|0|0|6.333122229259025|10.308985993422082
CUST-5094|28|41000|780|240000|12|Construction laborer starts own firm generating profits assuaging concern about capacity to repay [Note: History of late payments]|1|Trade|0|0|5.8535157679081|10.62135173563291
CUST-5368|42|70000|760|300000|60|Pharmaceutical representative enhances career prospects translating into greater fiscal responsibility [Note: History of late payments]|1|Other|0|0|4.2856530620991125|11.156264806643742
CUST-5651|35|55000|750|230000|24|Veterinarian operates clinic profitably enough to self-fund educational advancement [Note: History of late payments]|1|Medical|0|0|4.181742150142725|10.915106645867503
CUST-5902|32|43000|650|210000|36|Software developer invests early earnings back into company cutting down necessity for outside loans [Note: erratic cash flow]|1|Tech|0|1|4.883607357968419|10.668978650219241
CUST-6239|27|46000|770|240000|12|Health educator experiences bonuses raising confidence level regarding future financial obligations [Note: erratic cash flow]|1|Other|0|1|5.217277885263364|10.736418414365376
CUST-0573|45|28000|680|50000|48|Engineering graduate secured stable employment after internship; expects regular bonuses|0|Student|0|0|1.785650512481697|10.239995502805316
CUST-1624|33|55000|770|100000|36|Dentist transitioning into private practice secures personal guarantee against loans due to anticipated growth potential|0|Medical|0|0|1.8181487609316194|10.915106645867503
CUST-2107|52|120000|820|75000|24|Finan0r works long hours at law firm earns substantial overtime payments regularly contributing more than expected expenses [Risk: Speculative losses]|1|Other|0|0|0.6249947917100691|11.695255355062795
CUST-4589|22|22000|650|40000|36|Student teaching assistant plans tuition fees through scholarships covers all basic living requirements until degree completion|0|Education|0|0|1.8180991773101223|9.99884318585288
CUST-0098|47|30000|760|90000|48|Plumber gains reputation leading to increased business volume covering higher mortgage commitments ahead securely [Note: History of late payments]|1|Trade|0|0|2.9999000033332224|10.308985993422082
CUST-0456|26|19000|620|30000|12|Nurse receives consistent salary plus healthcare benefits ensuring financial stability despite lower credit score|0|Medical|0|0|1.5788642703015632|9.852246888342531
CUST-1834|49|60000|790|130000|24|Account executive utilizes bonus schemes effectively manages household finances beyond mere survival needs|0|Business|1|0|2.1666305561573975|11.002116507732017
CUST-2468|38|140000|750|20000|48|Software developer accumulates significant equity stake securing investment return offsets any default risk concerns|0|Tech|0|0|0.14285612245626816|11.849404844423074
CUST-3217|55|32000|710|48000|36|Art teacher benefiting from local school district support enjoys improved purchasing power postponing defaults risks|0|Education|0|0|1.499953126464798|10.373522431293592
CUST-0985|24|150000|730|120000|12|Chef establishes own restaurant brand maintains profitability assists meeting monthly obligations successfully|0|Service|0|0|0.799994666702222|11.918397239722838
CUST-2743|30|180000|810|220000|48|Consultant negotiating larger retainers provides enough surplus to handle unexpected liabilities without hindrance|0|Business|0|0|1.2222154321364882|12.100717685412471
CUST-4156|21|20000|600|40000|24|Retail manager using part of store profits pays down principal rapidly diminishing chances of insolvency|0|Service|0|0|1.99990000499975|9.90353755128617
CUST-1289|44|160000|800|240000|60|Pilot receiving lucrative flight time compensation safeguards aircraft lease while handling other expenses prudently|0|Other|0|0|1.4999906250585935|11.982935344196433
CUST-2573|27|130000|660|300000|12|Driver transitions to fleet management role obtains better wages enhances ability to meet installment deadlines consistently|0|Trade|0|0|2.3076745563495664|11.775297421715827
CUST-3756|31|400000|780|150000|24|Hospital administrator uses administrative skills gain raises mitigate extravagant lifestyle influx affects solvency positively|0|Other|0|0|0.37499906250234377|12.899222326086994
CUST-0392|29|75000|640|120000|12|Bank teller moves up ranks bank officer roles provide security that outweighs initial poor credit assessment fears|0|Other|0|0|1.5999786669511074|11.225256725762893
CUST-1109|36|80000|720|280000|36|Factory technician gets patented process increases production revenues exceeding operational expenses significantly reducing payment delays likelihood [Note: High debt-to-income]|1|Trade|0|1|3.499956250546868|11.289794413577894
CUST-4756|50|270000|820|110000|48|Mechanic buys used equipment depreciates quickly turns inventory fastens customer demand meets financial targets effortlessly [Risk: Speculative losses]|1|Trade|0|0|0.40740589849667225|12.506180941677357
CUST-2314|40|185000|700|240000|24|Real estate agent closes multiple deals year endorsement allows sufficient liquid funds cover unforeseen shortfalls adeptly|0|Real Estate|0|0|1.2972902849173789|12.128116509451258
CUST-3576|28|50000|680|260000|12|Teacher starts online course platform grows passive income stream eclipses current educational spending capacity robustly [Note: History of late payments]|1|Education|0|0|5.199896002079958|10.819798284210286
CUST-0782|23|145000|700|180000|36|University professor research grant advancements elevate discretionary spend above essentials fortifying fiscal resilience considerably|0|Education|0|0|1.2413707491672472|11.884495917930655
CUST-1934|46|210000|690|200000|24|Architect working independently charges premium rates fulfill major projects sustains an upscale life style yet avoids indebtedness pitfalls|0|Other|0|0|0.952376417255156|12.25486757159303
CUST-3821|32|175000|740|220000|60|Construction supervisor lands big project bumps commission size enormously bolsters capability to clear existing debts promptly [Risk: Divorce settlement]|1|Trade|0|1|1.257135673510437|12.07254696717504
CUST-0519|26|135000|670|190000|12|Administrator helps nonprofit scale operations raise donations success leads directly translates to greater resource availability lessening reliance on borrowed money responsibly|0|Other|0|0|1.407396982244576|11.813037464800539
CUST-1678|43|85000|760|300000|48|Business consultant accepts aggressive IPOs receive windfall reduces need for external financing efficiently balancing books remains optimistic [Note: History of late payments]|1|Business|1|0|3.529370242703027|11.350418300109132
CUST-2954|37|250000|790|200000|24|Attorney finds niche legal expertise attracts top clients generating ample reserve prevents necessity for further creditor recourse affirmatively handles economy fluctuations well|0|Other|0|0|0.7999968000127999|12.429220196836383
CUST-0273|25|165000|650|230000|36|Security guard shifts focus towards cyber protection services expand digital footprint protect sensitive information whilst enhancing net worth steadily evolves career path advantageous|0|Other|0|0|1.3939309458730553|12.013706813470414
CUST-1315|41|300000|800|220000|12|Marketing director leverages social media influence creates content franchise generates ad revenue far surpasses necessary operating margin demonstrates excellent control over company destiny even amid economic downturn confidently navigates market changes wisely [Risk: Casino addiction]|1|Other|0|0|0.733330888897037|12.611541086966115
CUST-017|45|120000|800|85000|24|Tech professional facing unexpected legal fees impacting finances negatively [Note: High debt-to-income]|1|Tech|0|1|0.708327430604745|11.695255355062795
CUST-052|35|50000|670|30000|24|Retiree receiving modest pensions; secured personal property against unforeseen expenses|1|Real Estate|0|0|0.5999880002399952|10.819798284210286
CUST-104|48|65000|760|400000|60|Artisan struggling due to overdue loans despite stable craft sales [Note: High debt-to-income]|1|Business|0|1|6.15375148074645|11.082157933374816
CUST-120|55|30000|590|20000|12|Student benefiting from part-time work while managing tuition payments effectively|0|Student|0|0|0.6666444451851605|10.308985993422082
CUST-135|22|20000|610|150000|24|Medical practitioners dealing with healthcare coverage gaps after recent policy changes|1|Medical|0|1|7.499625018749063|9.90353755128617
CUST-141|32|40000|780|120000|24|Service industry workers maintain balanced budgets through meticulous planning [Note: High debt-to-income]|1|Service|0|1|2.9999250018749533|10.596659732783579
CUST-156|27|15000|620|20000|12|Plumber experiencing growth post-certification boosts earnings significantly|0|Trade|0|0|1.3332444503699754|9.61587214452889
CUST-163|49|110000|810|150000|24|Business owner utilizes business credit card benefits wisely reducing overall risk profile|0|Business|0|0|1.363623967054845|11.608244735642321
CUST-172|23|25000|560|80000|12|Internationally educated teacher using scholarships supplement their student status needs well [Note: History of late payments]|1|Education|0|0|3.1998720051197953|10.12667110305036
CUST-187|39|70000|720|200000|24|Driver transitioning into trucking experiences increased stability at new employment venue [Note: erratic cash flow]|1|Trade|0|1|2.8571020413994086|11.156264806643742
CUST-194|33|27000|650|160000|24|Professional accountant builds goodwill among clients fostering more secure financial groundwork [Note: High debt-to-income]|1|Business|0|1|5.92570645531647|10.203629181337648
CUST-203|46|105000|730|160000|24|Real estate agent leverages home equity improving investment portfolio diversity [Risk: Casino addiction]|1|Real Estate|0|0|1.5237950114760812|11.561725152903833
CUST-211|29|22000|630|140000|12|Chef who inherited vineyard starts producing wines sees an uptick in non-culinary related revenues|1|Service|0|0|6.363347120585428|9.99884318585288
CUST-218|36|75000|770|130000|12|Technician working extra shifts during peak season increases annual takeaway substantially|0|Trade|0|0|1.7333102225303663|11.225256725762893
CUST-225|54|115000|790|170000|24|Engineer receives patent royalties increasing disposable income beyond expectations|0|Tech|0|0|1.4782480152346502|11.652696102959753
CUST-232|26|18000|550|150000|24|Photographer expanding freelance services raises total monthly collections notably|1|Other|0|0|8.332870396089106|9.798182590890704
CUST-241|47|88000|820|140000|24|Developer invested early profits yield dividends enhancing long term wealth management|0|Tech|0|0|1.5908910126021296|11.385103457032141
CUST-249|28|32000|590|170000|24|Health care provider maximizing insurance rider pays off amid rising practice demand [Note: High debt-to-income]|1|Other|1|1|5.312333989562826|10.373522431293592
CUST-256|40|68000|750|190000|24|Entrepreneurial mindset leads company towards sustainability goals ensuring solid performance ahead [Note: High debt-to-income]|1|Other|0|1|2.794076557697681|11.127277689932466
CUST-265|50|120000|700|140000|12|Marketing manager finds success turning brand consultancy projects highly lucr0ul|0|Business|0|0|1.1666569445254622|11.695255355062795
CUST-273|37|62000|740|130000|12|Bank teller switches career paths becoming trust officer secures higher compensation package|0|Other|1|0|2.0967403751552394|11.034905792929415
CUST-282|24|14000|600|180000|24|Financial advisor adjusts strategy focuses on aggressive yet manageable asset allocation plan works out better than expected|0|Other|0|0|12.8562245553889|9.546884034617925
CUST-290|44|98000|830|130000|24|Physiotherapist acquires clinic ownership growing patient base contributes positively to financials|0|Medical|0|0|1.3265170763563636|11.49273296168228
CUST-298|31|47000|670|170000|24|Consultant enhances skills attending additional certifications translates directly to improved service offerings leading to client satisfaction and repeat business [Note: erratic cash flow]|1|Service|0|1|3.61694432033361|10.757924157061597
CUST-307|43|113000|780|160000|24|Software developer transitions midsize firm’s cloud infrastructure yields operational efficiency gain contributing heavily to bottom line improvement|0|Tech|0|0|1.415916673303776|11.635151947212842
CUST-315|25|17000|600|200000|24|Childhood educator gets grant money supports educational programs creating community bond that generates local sponsors interested in partnership opportunities resulting in consistent positive feedback loop making operations smoother financially|1|Other|0|0|11.76401388153638|9.741027444837728
CUST-323|38|65000|770|150000|12|Dental assistant takes online course becomes dental hygienist opens own cleaning studio succeeds rapidly attracts loyal patients building up significant net worth increment|0|Other|0|0|2.307656805279919|11.082157933374816
CUST-330|46|102000|800|140000|24|Piloting small biz launches eco-friendly clothing line taps niche market profit margins soaring past conservative estimates owning brands eventually turn sizable enterprise generating massive upside potential [Risk: Hidden liabilities]|1|Other|0|0|1.3725355633768297|11.532737896139919
CUST-0456|34|100000|680|25000|48|Teacher at local university facing lawsuits related to educational expenses; unexpected legal fees affect creditworthiness|1|Education|0|0|0.24999750002499976|11.51293546492023
CUST-0089|45|50000|780|60000|24|Engineer employed full time enjoying stable salary post recent company acquisition leading to asset increase|0|Tech|0|0|1.1999760004799904|10.819798284210286
CUST-1223|28|150000|690|40000|36|Student working part-time tutorship assisting financially through scholarships ensuring reliable payments despite lower earnings|0|Student|0|0|0.26666488890074064|11.918397239722838
CUST-0987|55|25000|650|10000|12|Plumber owning own small business finds success attracting investors yielding extra funds enhancing financial stability|0|Trade|0|0|0.3999840006399744|10.12667110305036
CUST-0345|37|80000|760|150000|24|Consultancy role brings significant bonuses into regular account allowing confident approval for larger loans though industry volatility considered risky|0|Other|0|0|1.874976562792965|11.289794413577894
CUST-4821|35|20000|640|50000|24|Teacher facing lawsuits impacting creditworthiness negatively|1|Education|0|0|2.4998750062496877|9.90353755128617
CUST-7894|45|110000|770|200000|36|Engineer lost large sum gambling which affects financial stability despite good earnings|1|Tech|0|1|1.81816528940646|11.608244735642321
CUST-2337|22|15000|600|60000|12|Retiree dealing with unexpected surgery expenses strains finances although seems stable at first glance [Note: erratic cash flow]|1|Retired|0|1|3.999733351109926|9.61587214452889
CUST-8529|52|50000|700|75000|48|Nurse inherits estate boosting wealth posthumously leading to improved credit status after default risk assumed due to unpredictability|0|Medical|0|0|1.499970000599988|10.819798284210286
CUST-1243|37|30000|670|75000|24|Plumber faces divorce proceedings reducing disposable income even though maintains lower than average student loans|1|Trade|0|1|2.4999166694443518|10.308985993422082
CUST-6781|44|25000|620|25000|24|Art teacher receives substantial royalty payments enhancing asset position significantly overcoming previous negative trends indicating potential risks associated with uncertain future returns|0|Education|1|0|0.999960001599936|10.12667110305036
CUST-5522|28|10000|610|30000|12|Service professional acquires trust fund through inheritance; demonstrates an unusual case where traditional assessment does not match actual positive indicators following personal life event changes|0|Service|1|0|2.9997000299970003|9.210440366976517
CUST-8192|31|18000|690|40000|36|Consultant undergoes windfall gain via successful IP rights sale bolstering financial situation markedly above prior predictions based solely on employment type without considering recent significant developments|0|Business|1|0|2.2220987722904284|9.798182590890704
CUST-1123|55|15000|650|60000|24|Plumber working part time while attending university fulltime shows promise despite current employment status|1|Education|0|0|3.999733351109926|9.61587214452889
CUST-2415|35|70000|720|120000|48|Retail manager recently inherited estate leading to improved financials|0|Service|0|0|1.7142612248396452|11.156264806643742
CUST-7890|42|25000|600|50000|12|Dentist facing lawsuits yet still managing payments due diligence applied|1|Medical|0|0|1.999920003199872|10.12667110305036
CUST-0812|27|22000|500|45000|24|Service sector employee showing potential after receiving bonus at workplace|0|Service|1|0|2.0453615744738873|9.99884318585288
CUST-4321|38|45000|690|140000|60|Account executive dealing with divorce expenses maintaining good payment history|1|Business|0|1|3.111041976844959|10.714439990727769
CUST-8657|29|27000|580|40000|12|Student awaiting inheritance providing security for future education loans|0|Student|1|0|1.4814266138291174|10.203629181337648
CUST-6789|41|85000|760|200000|72|Executive bankruptcy case resolved through asset liquidation process successfully [Note: High debt-to-income]|1|Business|0|1|2.3529134951353514|11.350418300109132
CUST-5643|26|18000|620|35000|24|Artist using trust funds judiciously securing new ventures|0|Service|1|0|1.9443364257541247|9.798182590890704
CUST-0912|33|32000|670|60000|48|Chef’s overdue creditor paid off early indicating positive turnaround|0|Service|0|0|1.8749414080809974|10.373522431293592
CUST-2103|45|28000|610|55000|12|Mechanic accumulating windfalls post legal clearance demonstrating resilience|1|Trade|0|0|1.9642155637298668|10.239995502805316
CUST-0745|58|75000|730|250000|36|Business owner suffering unforeseen market collapse remains solvent thanks to diversified investments|1|Business|0|0|3.3332888894814734|11.225256725762893
CUST-3276|31|30000|640|45000|72|Technology entrepreneur defaulted before pivot strategy yield success|1|Business|0|0|1.4999500016666112|10.308985993422082
CUST-8459|48|20000|560|30000|24|Surgeon experiencing decreased earnings recovering steadily owing to reduced hours|0|Medical|0|0|1.4999250037498124|9.90353755128617
CUST-1345|52|65000|680|100000|12|Real Estate Agent faces liability claims mitigated effectively keeping upstream lender satisfied|1|Real Estate|0|0|1.5384378701866126|11.082157933374816
CUST-0632|37|42000|710|70000|24|Photographer utilizes photography contest prize ensuring stable finances moving forward|0|Other|0|0|1.666626985071784|10.645448706505872
CUST-2512|22|19000|570|35000|48|Marketing Manager navigates recent layoff scenario responsibly upholding obligations|0|Business|0|0|1.8420083153518236|9.852246888342531
CUST-4879|47|62000|670|130000|36|Consultant restructuring business plan keeps clients confident about service quality|0|Service|0|0|2.0967403751552394|11.034905792929415
CUST-6143|28|25000|550|40000|12|Nursing Assistant pays down principal aggressively highlighting responsible fiscal management [Asset: Inheritance Trust]|0|Other|1|0|1.5999360025598977|10.12667110305036
CUST-9021|39|55000|660|80000|24|Engineering student receives scholarship covering tuition fees reducing borrowing needs|0|Student|0|0|1.4545190087452955|10.915106645867503
CUST-0281|24|16000|520|32000|48|Waitress inheriting property assists balance sheet positively influencing her ability to repay loans|0|Service|0|0|1.9998750078120118|9.680406499268875
CUST-1172|30|40000|630|50000|60|Driver applying strict household budget allows continued car financing operations|0|Trade|0|0|1.2499687507812305|10.596659732783579
CUST-3298|46|78000|750|160000|72|Bank teller uses insurance dividends strategically lessening monthly installments|0|Other|1|0|2.05125575313137|11.264476926102367
CUST-5412|27|21000|590|43000|12|Graphic Designer leverages freelancing gigs increasing net worth improving their situation|0|Service|0|0|2.0475215465930194|9.952325334619427
CUST-0763|43|31000|640|55000|24|Journalist gaining popularity gets book deal relieving short term indebtedness pressures|0|Other|0|0|1.7741363181832843|10.34177474101152
CUST-8521|54|80000|740|200000|36|Software Developer refinanced existing mortgage efficiently lowering interest rates affecting total dues favorably|0|Tech|0|0|2.4999687503906203|11.289794413577894
CUST-2107|32|36000|650|55000|48|Pilot faced non-recurring downturn recovered quickly returning premium clientele base supporting his flight school commitment|0|Other|0|0|1.527735340684981|10.491301994830229
CUST-4891|40|63000|720|140000|24|Web developer finds opportunity expand online presence reduces reliance on physical storefront revenues enabling manageable consumer electronics purchase|0|Tech|0|0|2.2221869494135014|11.050905878263567
CUST-7654|29|24000|530|38000|60|Teacher taking advantage of educational grants minimizing need for private tutoring services helping retain classroom position more secure against economic shifts|0|Education|0|0|1.5832673638598391|10.085850775128717
CUST-1137|35|33000|660|75000|36|Advertising Executive acquires office space lease discount reflecting firm growth trajectory allowing higher spending capability on home renovation|0|Business|0|0|2.272658404290779|10.404293143019792
CUST-0498|23|15000|510|33000|72|Paralegal handles unexpected healthcare bill settles within six months preserving stability critical for continuing practice career pathway|0|Other|0|0|2.199853343110459|9.61587214452889
CUST-2678|42|49000|700|95000|48|Architectural consultant invests returns into portfolio appreciating value diminishing risk associated with larger project bids required sooner than expected|0|Business|0|0|1.9387359441644048|10.799595985047786
CUST-9567|36|48000|670|125000|24|Event planner secures sponsorships during large scale events optimizing event profit margins hence bolstering overall wealth incrementally contributing significantly towards house price upgrade [Note: History of late payments]|1|Other|0|0|2.6041124143247014|10.778977123006351
CUST-6812|31|26000|540|39000|12|Public Relations Specialist saves significant portion of commission which can offset planned substantial travel requirement impacting yearly objectives aiming better compensation package negotiation [Asset: Locked Savings]|0|Other|0|0|1.4999423099111573|10.165890277802454
CUST-5723|49|87000|730|220000|72|Financial Advisor devises hedge strategy counteract volatility effects resulting elevated confidence among affluent upper middle classes reinforcing longstanding relationships further solidifying niche dominion stakeholders anticipate sustaining until midlife milestone achieved|1|Other|0|0|2.5287065665911888|11.373674891823535
CUST-1124|45|65000|720|80000|24|Retiree seeking additional funds after inheritance boosting finances significantly|0|Retired|1|0|1.23075029614929|11.082157933374816
CUST-0429|55|120000|680|400000|36|Tech professional accumulated wealth through stock options over years [Note: erratic cash flow]|1|Tech|0|1|3.3333055557870352|11.695255355062795
CUST-0233|22|18000|590|30000|48|Student received an unexpected scholarship covering tuition fees fully [Note: erratic cash flow]|1|Student|0|1|1.6665740792178212|9.798182590890704
CUST-0789|59|47000|730|70000|24|Plumber facing legal battle affecting financial stability due to unforeseen liability claim [Note: History of late payments]|1|Trade|0|0|1.4893300142550159|10.757924157061597
CUST-0023|35|50000|650|200000|36|Bankrupt teacher struggling with declining enrollments impacting salary prospects|1|Education|0|1|3.999920001599968|10.819798284210286
CUST-0641|27|15000|570|45000|12|Artisan secured a lucr0utful freelance gig that increased personal net worth substantially [Note: History of late payments]|1|Other|0|0|2.9998000133324445|9.61587214452889
CUST-0856|48|78000|700|120000|24|Dentist inheriting property which provided significant liquidity despite previous credit issues|0|Medical|0|0|1.5384418148485275|11.264476926102367
CUST-0348|39|22000|640|30000|72|Driver experiencing reduced hours at work leading to lower earnings yet maintaining good asset management practices|1|Trade|0|0|1.3635743829825917|9.99884318585288
CUST-0251|24|16000|560|48000|12|Waitress receiving consistent tips ensuring her monthly expenses exceed less than half her take home pay [Note: History of late payments]|1|Service|0|0|2.9998125117180177|9.680406499268875
CUST-0197|52|85000|690|150000|36|Consultant dealing with volatile market conditions causing temporary loss amid otherwise healthy financials [Note: High debt-to-income]|1|Business|0|1|1.7646851213515136|11.350418300109132
CUST-0031|28|20000|600|200000|48|Accountant working long hours developed new skills increasing employability potential within his field [Note: erratic cash flow]|1|Business|0|1|9.999500024998751|9.90353755128617
CUST-0475|60|67000|740|80000|12|Mechanic started own successful auto repair shop bolstering household fiscal security|0|Trade|0|0|1.194012029671199|11.112462823634855
CUST-0889|21|13000|550|25000|24|Academic mentoring students full time without any extra support allows surplus resources|0|Education|0|0|1.9229290054611183|9.472781556562168
CUST-0994|34|40000|710|50000|36|Healthcare provider negotiating better insurance rates helped stabilize patient outgoings against rising premiums|0|Other|1|0|1.2499687507812305|10.596659732783579
CUST-0533|26|19000|580|27000|24|Construction expert diversified portfolio yielding enough return above maintenance needs post mortgage|0|Trade|0|0|1.4209778432714069|9.852246888342531
CUST0-0658|50|83000|700|140000|36|Executive role demand more investments back into business ventures allowing growth beyond mere sustenance level|0|Business|0|0|1.6867266659437838|11.326607934898927
CUST-1475|42|32000|670|85000|48|Teaching profession provides consistent salary despite recent divorce proceedings|1|Education|0|1|2.656166994781413|10.373522431293592
CUST-2098|34|150000|775|100000|24|High earning IT professional facing unforeseen legal fees impact credit score negatively [Note: High debt-to-income]|1|Business|0|1|0.6666622222518517|11.918397239722838
CUST-0587|55|60000|820|48000|36|Bankrupt business owner shows signs of recovery after asset liquidation post bankruptcy filing [Note: History of late payments]|1|Business|0|0|0.7999866668888852|11.002116507732017
CUST-3642|28|22000|590|24000|12|Student grants support enabling lower loans due to parent co-signers stability assuring good financial health|0|Student|0|0|1.0908595063860733|9.99884318585288
CUST-4923|37|75000|800|150000|60|Executive position allows higher payoff potential even though past personal investments lost heavily affect overall net worth|1|Business|0|0|1.999973333688884|11.225256725762893
CUST-0134|45|28000|500|20000|24|Retired individual receives regular royalty checks ensuring sufficient funds without need for additional borrowing [Asset: Family Guarantor]|0|Retired|1|0|0.7142602049926788|10.239995502805316
CUST-1589|31|20000|650|35000|24|Healthcare assistant gains unexpected inheritance positively influencing finances beyond usual means|0|Other|1|0|1.7499125043747812|9.90353755128617
CUST-3342|26|18000|540|19000|48|Artisan receiving royalties helps maintain balance sheet amid modest primary employment earnings|0|Other|0|0|1.0554969168379535|9.798182590890704
CUST-0779|59|65000|790|140000|36|Surgeon inherits property stabilizing household expenses while still managing significant student loan obligations|0|Medical|0|0|2.1538130182612574|11.082157933374816
CUST-0987|38|27000|610|26000|24|Freelance graphic designer benefits from substantial trust fund provision securing payment capacity|0|Service|1|0|0.9629272989889264|10.203629181337648
CUST-1048|25|17000|530|18000|24|Consultancy firm employee secures safety nets through company stock options bolstering wealth against risks [Asset: Insurance Payout]|0|Other|1|0|1.0587612493382743|9.741027444837728
CUST-2375|36|78000|810|160000|60|Account executive faces tight competition yet finds success increasing their annual bonus yield significantly|0|Business|1|0|2.05125575313137|11.264476926102367
CUST-1423|52|55000|690|220000|12|Real estate agent profiting handsomely leads lifestyle comfortably within newfound affluence parameters [Note: History of late payments]|1|Real Estate|0|0|3.9999272740495626|10.915106645867503
CUST-0456|39|24000|560|27000|24|Pilot secured long-term deal boosting disposable income stream overshadowing initial meager wages|0|Other|0|0|1.1249531269530437|10.085850775128717
CUST-0002|51|80000|805|210000|24|Venture capital windfall enhances portfolio diversification reducing dependency on single source income streams effectively mitigating risk profile changes|1|Other|1|0|2.6249671879101513|11.289794413577894
CUST-0003|22|14000|450|16000|24|Journalism internship culminates into full-time writing role providing lucrative compensation reflective of advanced skills acquired during training phase [Asset: Locked Savings]|0|Other|0|0|1.142775516034569|9.546884034617925
CUST-0004|41|47000|730|130000|12|Marketing strategist draws upon social media influence translating directly to brand deals expanding economic footprint swiftly enough that previous limited resources seem obsolete|1|Other|0|0|2.765898597902172|10.757924157061597
CUST-0005|29|160000|780|90000|48|Engineering graduate lands key patent rights granting stable future revenues allowing early entry onto mortgage market previously restricted financially|0|Student|0|0|0.5624964843969725|11.982935344196433
CUST-0006|48|21000|630|230000|24|Probation officer recognizes successful case resolution patterns leading toward permanent assignment promising year-round work consistency|1|Other|0|0|10.951859435264987|9.952325334619427
CUST-0007|30|29000|570|210000|24|Special education teacher obtains teaching certificate qualifying for statewide recognition bringing about increased demand and remuneration opportunities exceedingly beneficial relative to prior conditions [Asset: Insurance Payout]|0|Education|1|0|7.24112961622013|10.275085591132715
CUST-0008|27|155000|760|180000|48|Aerospace technician develops expertise rapidly becoming indispensable causing superiors acknowledge deserving exceptionally competitive package offering improved security prospects|0|Trade|0|0|1.161282830433352|11.951186847493476
CUST-0009|35|220000|760|150000|12|Medical researcher discovers breakthrough therapy attracting pharma partnerships resultingantly accelerated career advancement pathway generating surplus capability adequately covering extended lease commitments|0|Medical|0|1|0.6818150826587152|12.301387370778713
CUST-0010|49|190000|815|160000|48|Physiotherapist becomes consultant following reputation building exercises establishing premium rates setting stage for reduced outstanding liabilities permitting fresh lines open [Risk: Divorce settlement]|1|Business|0|1|0.8421008310482576|12.154784614286667
CUST-0011|53|185000|805|145000|24|Entrepreneurial mindset drives restaurant manager towards franchise ownership improving profit margins reaching an optimal threshold favoring downscaleged living arrangement choices once viable beforehand were less feasible|0|Business|0|0|0.783779547137583|12.128116509451258
CUST-0012|24|230000|810|140000|48|Financial analyst acquires certifications heightening credibility prompting clients seeking guaranteed returns thus reinvesting extravagant bonuses eliminating former stringent budgets imposed limiting purchasing power formerly experienced earlier stages|0|Other|0|0|0.608693005682584|12.345838935721968
CUST-0013|36|175000|760|215000|24|Biotechnology scientist leverages novel discovery elevating project importance eliciting aggressive recruitment offers fostering ascendant pecuniary status facilitating more ambitious homeownership aspirations than ever possible preliminary monetarily speaking when compared historically [Risk: Casino addiction]|1|Other|0|0|1.2285644082033818|12.07254696717504
CUST-0076|45|27000|780|50000|12|The applicant works in healthcare sector facing unforeseen expenses due to recent legislation changes related to their profession. Their credit score remains good despite potential future risks.|0|Other|0|0|1.8517832672863968|10.203629181337648
CUST-0243|59|32000|690|75000|48|A software developer recently received dividends boosting finances unexpectedly while maintaining professional stability ensuring reliable payments. [Note: erratic cash flow]|1|Tech|0|1|2.3436767601012467|10.373522431293592
CUST-0182|36|25000|650|20000|12|This individual’s background includes both teaching experience and trade skills, balancing various sources of income contributing positively towards home ownership goals without overwhelming liabilities.|0|Education|0|0|0.7999680012799488|10.12667110305036
CUST-0451|28|15000|590|40000|24|With a career advancement through service industry roles coupled with inheritance receipt during pandemic recovery efforts, demonstrating resilience against economic adversities. [Note: erratic cash flow]|1|Service|1|1|2.666488900739951|9.61587214452889
CUST-0329|63|55000|810|20000|12|Retired individuals sometimes face fluctuations in investment returns impacting long term planning yet possess sufficient asset diversification reducing lending risk factors.|0|Retired|0|0|0.3636297521863239|10.915106645867503
CUST-112A|55|27000|760|75000|24|Neglected healthcare expenses strained their resources significantly last year|1|Other|0|0|2.777674900929595|10.203629181337648
CUST-243B|37|55000|680|40000|12|Professional development courses taken post graduation improved employability|0|Business|0|0|0.7272595043726477|10.915106645867503
CUST-359C|45|33000|705|30000|36|Dedicated years working overtime at local firm led to substantial earnings growth|0|Other|0|0|0.9090633617163116|10.404293143019792
CUST-487D|22|15000|600|15000|12|The young entrepreneur faced initial hurdles before securing venture capital support|0|Business|1|0|0.9999333377774815|9.61587214452889
CUST-598E|60|62000|780|100000|48|Extensive networking skills landed them lucrative partnerships early career|0|Other|0|0|1.6128772116578765|11.034905792929415
CUST-501Z|40|75000|825|180000|24|Prior experience managing household bills instilled good fiscal habits leading up to applying for loans|0|Other|0|0|2.399968000426661|11.225256725762893
CUST-0345|45|55000|780|80000|48|Doctor struggles after losing her clinic due to lawsuits|1|Medical|0|0|1.4545190087452955|10.915106645867503
CUST-1234|34|28000|640|10000|24|Teacher inheriting property which helps offset lower salary|0|Education|0|0|0.3571301024963394|10.239995502805316
CUST-8592|27|19000|500|15000|24|Plumber facing divorce proceeding draining finances unexpectedly|1|Trade|0|1|0.7894321351507816|9.852246888342531
CUST-6789|40|32000|730|30000|36|Nurse benefited from recent inheritance easing financial stress|0|Medical|1|0|0.9374707040404987|10.373522431293592
CUST-4321|38|21000|670|40000|12|Artist hit hardest by unforeseen legal fees despite stable gallery sales|1|Service|0|0|1.9046712061330413|9.952325334619427
CUST-5432|29|25000|690|45000|36|Mechanic receives windfall through insurance claim improving credit situation|0|Trade|1|0|1.7999280028798847|10.12667110305036
CUST-7654|36|27000|650|15000|24|Driver suffering sudden gambling loss impacting ability to pay back loans|1|Trade|0|1|0.5555349801859191|10.203629181337648
CUST-8901|41|20000|600|60000|36|Construction company owner dealing with overdue asset liquidation affecting payment capability [Note: History of late payments]|1|Trade|0|0|2.999850007499625|9.90353755128617
CUST-9023|31|23000|620|14000|36|Retired teacher struggling financially post large healthcare bill [Note: High debt-to-income]|1|Education|0|1|0.608669188296161|10.043292972227004
CUST-1357|28|26000|650|17000|12|Chef using trust funds from parents alleviating monetary constraints imposed by poor performance at work|0|Service|1|0|0.6538210068843506|10.165890277802454
CUST-2468|44|22000|610|13000|24|Software developer benefits from royalty checks bolstering personal economy amid slow IT market growth|0|Tech|1|0|0.5908822326257898|9.99884318585288
CUST-3549|33|24000|630|12000|36|Accountant receiving bonus significantly enhancing their economic stability ahead of tax season|0|Business|1|0|0.4999791675346861|10.085850775128717
CUST-6789|37|20000|600|16000|24|Consultant coping well after winning a court case related to professional advice given|0|Business|0|0|0.7999600019999|9.90353755128617
CUST-7890|26|22000|620|15000|12|Service provider faces declining revenues making it tough to keep up with mortgage obligations|1|Service|0|1|0.6817871914912959|9.99884318585288
CUST-8901|35|21000|640|18000|36|Business manager finding relief via an estate distribution helping overcome past underperformance woes|0|Business|0|0|0.8571020427598686|9.952325334619427
CUST-1357|42|23000|660|20000|24|Trustee handling increased liabilities until resolved soon expected resolution should improve standing|0|Other|0|0|0.8695274118516586|10.043292972227004
CUST-2468|39|25000|670|14000|12|Jeweler experiencing reduced demand leading to strained business operations causing concern about meeting commitments|1|Business|0|0|0.5599776008959642|10.12667110305036
CUST-3549|22|20000|630|17000|36|Bank employee maintains good position thanks to supportive network mitigating risks associated with bad year earnings|0|Other|0|0|0.8499575021248937|9.90353755128617
CUST-4321|21|24000|680|16000|36|Dentist recovering quickly following investment returns into practice expanding capacity effectively managing risk|0|Medical|0|0|0.6666388900462481|10.085850775128717
CUST-5432|27|26000|690|13000|12|Academic teaching assistant leverages scholarship grant covering tuition expenses thus preserving disposable income|0|Education|0|0|0.49998076997038576|10.165890277802454
CUST-6789|30|28000|650|19000|36|Real Estate agent utilizing equity release plan stabilizes home ownership status while servicing outstanding consumer debts|0|Real Estate|0|0|0.6785471947430449|10.239995502805316
CUST-7654|34|27000|660|15000|24|Local shopkeeper applying strategic vendor discounts keeping store profitable during downturn|0|Other|0|0|0.5555349801859191|10.203629181337648
CUST-8901|23|21000|640|20000|36|Freelancer gaining ground against competitors acquiring key clientele ensuring consistent project flow enhances solvency prospectively|0|Other|0|0|0.9523356030665207|9.952325334619427
CUST-9023|25|29000|700|18000|36|Health services director sees improved fiscal condition owing to successful billing cycle restructuring reducing default likelihood|0|Other|0|0|0.6206682528188683|10.275085591132715
CUST-1357|38|24000|670|12000|12|Personnel recruiter optimally balancing multiple offers retains employment security supporting timely loan discharge plans|0|Other|0|0|0.4999791675346861|10.085850775128717
CUST-2468|36|25000|680|17000|36|Veterinary technician enjoys surplus leisiniqution courtesy reliable pet adoption service increasing regular monthly take-home wage|0|Trade|0|0|0.6799728010879564|10.12667110305036
CUST-3549|31|22000|650|14000|24|Automotive parts dealer implementing new inventory system streamlining operation efficiency reduces pressure offline margin diminishing downside exposure|0|Other|0|0|0.6363347120585428|9.99884318585288
CUST-4321|28|23000|690|16000|12|Advertising agency executive diversifying portfolio avoids bankruptcy stemming directly from local advertiser’s folding event fostering long term resilience|0|Business|0|0|0.695621929481327|10.043292972227004
CUST-5432|24|20000|630|19000|36|Publishing house copywriter finds success publishing freelance articles boosting annual net worth enough to cover all current liabilities|0|Other|0|0|0.9499525023748813|9.90353755128617
CUST-6789|32|26000|660|20000|24|Community organizer uses crowdfunded campaign successfully navigates temporary cuts sustaining essential lifestyle choices without compromise|0|Other|0|0|0.7692011845698242|10.165890277802454
CUST-7654|37|27000|710|13000|12|Marketing analyst applies refined analytics skills leads firm towards expansion phase assuaging any perceived deficiency concerns beforehand|0|Other|0|0|0.4814636494944632|10.203629181337648
CUST-8901|29|21000|640|14000|36|Financial planner drawing upon years experience achieves excellent ratings inspires confidence among clients facilitating better compensation reflecting expertise level|0|Other|0|0|0.6666349221465645|9.952325334619427
CUST-9023|26|28000|670|17000|12|Graphic designer securing prestigious brand endorsement accelerates career progress allowing greater control over spending habits moving away from necessity purchasing mode thereby lessening chances of falling behind|0|Service|0|0|0.607121174243777|10.239995502805316
CUST-0134|45|35000|620|50000|48|Planner manages finances well despite lower credit score impacting financial flexibility significantly [Note: High debt-to-income]|1|Other|0|1|1.4285306134110454|10.463131911491967
CUST-2789|56|105000|780|350000|24|Executives at consultancy firm benefit financially post-tax season sales surge leading to healthier balance sheets|1|Business|0|0|3.3333015876039274|11.561725152903833
CUST-4012|24|28000|570|15000|72|Frequent travel nurse accumulates wealth through insurance dividends overseeing personal expenses carefully [Asset: Insurance Payout]|0|Medical|1|0|0.5356951537445092|10.239995502805316
CUST-0456|37|47000|690|95000|36|Construction expert receives windfalls occasionally balancing out risky projects|0|Trade|0|0|2.0212335907746644|10.757924157061597
CUST-0987|54|20000|520|40000|12|Market analyst inherits substantial estate which offsets potential shortcomimes caused by volatile market investments [Note: High debt-to-income]|1|Real Estate|0|1|1.99990000499975|9.90353755128617
CUST-1832|42|120000|810|120000|12|Entrepreneur suffers unforeseen legal fees disrupting otherwise stable business operations causing liquidity issues [Risk: Divorce settlement]|1|Business|0|1|0.9999916667361105|11.695255355062795
CUST-2563|31|31000|590|100000|12|Retiree facing unexpected surgery incurs significant medical bills straining limited resources|1|Medical|0|1|3.2257023966968807|10.34177474101152
CUST-3975|29|18000|530|15000|48|Art dealer benefits immensely during an art fair boom improving their typically tight monetary situation [Asset: Locked Savings]|0|Other|0|0|0.8332870396089106|9.798182590890704
CUST-0218|48|80000|750|160000|36|Software developer acquires property using inheritance easing overall indebtedness concerns|0|Tech|1|0|1.999975000312496|11.289794413577894
CUST-0739|23|22000|540|20000|24|Business student uses trust fund scholarship support minimizing dependence on loans while studying full time|0|Business|1|0|0.9090495886550611|9.99884318585288
CUST-A1B2|45|58000|680|75000|36|Plumber facing unstable market conditions despite good credit history|0|Trade|0|1|1.2930811537732108|10.968215530759236
CUST-D4E5|34|22000|690|30000|48|Retiree receives regular dividends which cover higher than usual mortgage payments|0|Retired|0|0|1.3635743829825917|9.99884318585288
CUST-Z9X8|27|120000|720|60000|48|Chef inherits estate causing lower reliance on loans even though earning substantial salary|0|Service|0|0|0.49999583336805525|11.695255355062795
CUST-T6QV|39|27000|650|15000|24|Consulting work provides stable finances allowing affordability of luxury car purchase not typical of their occupation level [Note: History of late payments]|1|Other|0|0|0.5555349801859191|10.203629181337648
CUST-W3PJ|55|150000|820|120000|36|Nurse dealing with lawsuits leads to unexpected financial strain affecting ability to service debts [Risk: Divorce settlement]|1|Medical|0|1|0.799994666702222|11.918397239722838
CUST-Y7HG|22|18000|610|20000|12|Student receiving scholarship covers tuition fees; remaining disposable income used judici needs sparingly|0|Student|0|0|1.1110493861452142|9.798182590890704
CUST-L2K3|41|32000|770|130000|60|Business owner faces divorce proceedings impacting liquid funds available for business expenses|1|Business|0|1|4.062373050842162|10.373522431293592
CUST-N4M6|28|50000|700|200000|12|Accountant securing trust fund through inheritance leading to reduced need for consumer financing options|0|Business|1|0|3.999920001599968|10.819798284210286
CUST-R8B9|31|19000|600|30000|24|Driver works extra shifts resulting in excessive annual income relative to normal living requirements|0|Trade|0|0|1.5788642703015632|9.852246888342531
CUST-F6C7|36|75000|800|400000|36|Real Estate agent benefits significantly during housing boom times with ample property sales profit ensuring excellent borrowing capacity [Note: erratic cash flow]|1|Business|0|1|5.333262223170358|11.225256725762893
CUST-J2D0|50|40000|670|25000|48|Professional tutor achieves exceptionally high student enrollment rates providing significant yearly bonus beyond expected teaching compensation|0|Education|1|0|0.6249843753906152|10.596659732783579
CUST-Q9V8|33|21000|640|20000|12|Designer uses profits from successful online shop launch reducing necessity for bank overdraft facilities|0|Service|0|0|0.9523356030665207|9.952325334619427
CUST-P5D1|24|15000|590|150000|60|Surgeon accumulates wealth quickly owing to practice success thus less dependent on traditional lending services [Note: erratic cash flow]|1|Medical|0|1|9.999333377774814|9.61587214452889
CUST-M3K2|37|160000|850|80000|12|Executive consultant utilizes stock portfolio gains making additional discretionary purchasing power surplus|0|Business|0|0|0.4999968750195311|11.982935344196433
CUST-O7L3|29|26000|650|40000|48|Service industry professional handles fluctuating clientele effectively managing peak season windfalls independently|0|Service|0|0|1.5384023691396485|10.165890277802454
CUST-Z4W6|25|55000|680|300000|12|Architect leverages patent royalties assuring sufficient private investment buffer against large obligatory liabilities [Note: History of late payments]|1|Other|0|0|5.4544462827948585|10.915106645867503
CUST-N6M5|38|130000|710|60000|36|Automotive mechanic secures dealership ownership transferring equitable value into own hands thereby requiring minimal external support|0|Trade|0|0|0.4615349112699133|11.775297421715827
CUST-0058|37|200000|820|150000|36|Tech entrepreneur facing lawsuits despite substantial wealth due to recent market downturn [Risk: Pending lawsuit]|1|Tech|0|1|0.7499962500187499|12.206077645517674
CUST-0349|22|28000|620|30000|24|Student majoring in finance seeks investment opportunity after winning scholarship|0|Student|0|0|1.0713903074890183|10.239995502805316
CUST-0756|45|22000|660|40000|12|Retired military veteran inheriting estate plans financially secure future|0|Real Estate|0|0|1.8180991773101223|9.99884318585288
CUST-0821|61|18000|590|20000|18|Healthcare provider experiencing unstable earnings amid expanding clinic hours|1|Medical|0|1|1.1110493861452142|9.798182590890704
CUST-0993|28|50000|705|120000|48|Plumber taking over business expects good ROI given city development projects|0|Trade|0|0|2.399952000959981|10.819798284210286
CUST-1145|43|35000|695|160000|12|Consultant benefits from inheritance seeking early home purchase|0|Business|1|0|4.571297962915345|10.463131911491967
CUST-1289|33|19000|580|25000|24|Art teacher applying knowledge gained during studies at university to manage personal loans effectively|0|Education|0|0|1.3157202252513025|9.852246888342531
CUST-1432|55|21000|675|24000|24|Construction expert using skillset acquired through trade school worksh0ut experience managing mortgage payments efficiently|0|Trade|0|0|1.1428027236798248|9.952325334619427
CUST-1567|40|15000|550|20000|24|Designer leverages online sales success post-diploma graduation against student loan balance|0|Service|0|0|1.3332444503699754|9.61587214452889
CUST-1623|39|60000|760|140000|12|Business consultancy employee utilizes bonus windfalls towards down payment for first house|0|Business|1|0|2.333294445092582|11.002116507732017
CUST-1778|52|13000|520|19000|24|Nursing degree holder applies health industry connections securing favorable interest rate refinancing deal|0|Other|0|0|1.4614260441504499|9.472781556562168
CUST-1836|47|27000|725|150000|36|Chef finds stability via restaurant franchise ownership helping maintain consistent salary levels [Note: History of late payments]|1|Service|0|0|5.55534980185919|10.203629181337648
CUST-1984|26|45000|630|30000|24|Mechanic builds up equity in vehicle repair shop contributing toward car lease termination fees|0|Trade|0|0|0.6666518521810626|10.714439990727769
CUST-2045|38|22000|610|20000|12|Account executive accumulates enough client referrals to cover monthly entertainment expenses without impacting principal|0|Business|0|0|0.9090495886550611|9.99884318585288
CUST-2171|50|16000|550|22000|24|Tradesperson invests excess funds into local community college programmes beneficial long run career advancement [Asset: Co-signer Verified]|0|Other|0|0|1.374914067870758|9.680406499268875
CUST-2289|36|30000|700|120000|48|Driver uses loyal customer base gifts collection service company stock options leading to successful asset liquidation plan|0|Trade|0|0|3.999866671110963|10.308985993422082
CUST-2394|58|48000|740|140000|12|Pharmacy assistant saves diligently for tuition while working part time reducing education related liabilities|1|Other|0|0|2.916605904043666|10.778977123006351
CUST-2462|44|25000|640|23000|24|Software developer receives endorsement letter easing accessibility concerns ensuring full recovery potential|0|Tech|0|0|0.9199632014719411|10.12667110305036
CUST-2517|41|17000|560|21000|24|University professor secures grant increasing teaching stipend enabling higher quality research materials acquisition|0|Education|0|0|1.2352214575613198|9.741027444837728
CUST-2645|53|26000|715|150000|48|Developer acquires affordable condominium near campus facilitating dual living arrangement cutting overall rent|1|Tech|0|0|5.769008884273682|10.165890277802454
CUST-2773|35|23000|625|22000|12|Jeweler selling heirlooms unexpectedly falls ill requiring immediate surgery hence significant insurance claim covering hospital bills|0|Other|1|0|0.9564801530368244|10.043292972227004
CUST-2821|29|35000|660|180000|36|Real Estate agent starts new firm buying property below asking price aiming to sell before tax hike takes effect allowing profit generation|1|Real Estate|0|0|5.142710208279763|10.463131911491967
CUST-2984|57|24000|690|130000|12|Attorney settles malpractice suit promptly resolving outstanding legal obligations avoiding further complications [Note: erratic cash flow]|1|Other|0|1|5.416440981625765|10.085850775128717
CUST-3065|31|14000|540|20000|24|Finan0cial advisor pays off large credit card bill preventing negative marks influencing lending decisions later|0|Other|0|0|1.4284693950432112|9.546884034617925
CUST-3136|46|29000|730|160000|48|CEO planning transition phase sets aside profits creating buffer until next venture launch minimizing operational risks|1|Other|1|0|5.517051136167718|10.275085591132715
CUST-3298|54|19000|600|170000|24|Marketing manager obtains trustworthy mentor providing guidance navigating corporate restructuring successfully completing role [Note: History of late payments]|1|Business|0|0|8.946897531708858|9.852246888342531
CUST-3442|43|18000|680|210000|12|Engineer receiving patent rights anticipates boosting royalties offsetting existing delicate auto loan conditions improving solvency status [Note: High debt-to-income]|1|Tech|0|1|11.666018554524749|9.798182590890704
CUST-3587|27|21000|510|23000|24|Public relations representative handles crisis management training event prepares effective response strategy limiting damage control efforts required afterwards [Asset: Co-signer Verified]|0|Other|0|0|1.0951859435264988|9.952325334619427
CUST-3669|48|22000|700|140000|12|Online tutor develops course material sale generates additional yearly passive income assisting quick discharge of small personal lines items [Note: High debt-to-income]|1|Education|0|1|6.363347120585428|9.99884318585288
CUST-3734|59|33000|770|170000|36|Stock trader undergoes comprehensive portfolio audit identifying oversight errors rectifies account balances stabilizing relationship with bank|1|Other|0|0|5.151359049725766|10.404293143019792
CUST-3885|32|16000|580|150000|12|Survey analyst collects demographic study findings assign value increase compensates prior miscalculated census project spending|1|Other|0|0|9.374414099118805|9.680406499268875
CUST-3951|49|20000|675|240000|48|Medical transcription operator negotiates better office space location reduces daily travel saving considerable money each week which can go towards loan reduction|1|Medical|0|1|11.9994000299985|9.90353755128617
CUST-4023|51|27000|745|130000|12|Architectural draftsperson wins design competition prize eliminates need for extra certification classes mitigating current indebtedness stressful period|1|Other|0|0|4.814636494944632|10.203629181337648
CUST-0456|53|21000|670|45000|48|The borrower experienced unexpected hospital bills straining finances despite good credit history [Note: High debt-to-income]|1|Other|0|1|2.1427551068996715|9.952325334619427
CUST-2389|34|77000|780|95000|36|Professional advisor benefited from inheritance boosting financial stability enough for substantial loans|0|Business|1|0|1.2337502110362204|11.251573687764477
CUST-0823|26|29000|580|50000|24|Student working part time while studying faced challenges due to fluct0ving student expenses leading to default [Note: History of late payments]|1|Student|0|0|1.724078480052412|10.275085591132715
CUST-1011|57|64000|700|130000|12|Retired nurse received an unforeseen large sum after selling property at market value showing secured lending capacity|0|Medical|0|0|2.031218262214653|11.06665398721974
CUST-0342|45|30000|620|50000|24|Plumber facing divorce proceedings struggles maintain regular payments given single income source|1|Trade|0|1|1.6666111129629013|10.308985993422082
CUST-0789|22|20000|490|48000|12|Business owner dealing with sudden decline in sales finds it hard to service new business venture financing|1|Service|1|0|2.3998800059997|9.90353755128617
CUST-0562|40|85000|800|200000|36|Teacher receives annual bonus; however, overcommitted personal guarantees lead to loss when unable to cover defaults|1|Education|1|0|2.3529134951353514|11.350418300109132
CUST-0918|31|48000|650|40000|24|Chef turned restaurant manager benefits greatly from royalty agreement ensuring reliable payment stream|0|Service|1|0|0.8333159725839046|10.778977123006351
CUST-1437|28|61000|680|120000|48|Driver employed fulltime holds consistent salary which allows taking out larger education funds without risk|0|Trade|0|0|1.9671808658874446|11.0186455364637
CUST-1654|46|27000|500|55000|12|Consultancy professional recently acquired trust fund through will provides solid asset base supporting higher loan amounts [Asset: Locked Savings]|0|Business|1|0|2.0369615940150365|10.203629181337648
CUST-0298|37|76000|750|150000|36|Software developer gains dividend income increasing overall wealth making them excellent candidate for more significant borrowing|0|Tech|1|0|1.9736582413389296|11.23850177707664
CUST-0763|23|22000|470|45000|12|Art teacher accumulating art sale profits can comfortably manage additional educational resources needed|0|Education|0|0|2.0453615744738873|9.99884318585288
CUST-0435|55|80000|720|160000|36|Mechanic utilizes insurance settlement effectively managing increased living expenses allowing extra leverage|0|Trade|1|0|1.999975000312496|11.289794413577894
CUST-1120|49|73000|710|175000|24|Service provider secures windfall gain promoting better investment opportunities hence favorable for bigger loans|0|Service|1|0|2.3972274352406133|11.19822841866684
CUST-0276|39|33000|630|42000|12|Account executive leverages early career success into stable position enabling secure growth potential|0|Business|0|0|1.2726887064028363|10.404293143019792
CUST-0541|41|82000|770|195000|36|Executive director earns bonuses providing sufficient liquidity covering extensive corporate needs including restructured liabilities|0|Business|0|0|2.3780197802465826|11.314486721293981
CUST-0134|25|58000|640|65000|24|Bank employee receiving performance reward shows prudent spending habits facilitating responsible expansion plans|0|Other|0|0|1.120670333270116|10.968215530759236
CUST-1839|52|47000|660|110000|12|Factory supervisor acquires patent rights creating alternative sources generating improved balance sheet strengthening case for approval|0|Trade|0|0|2.3403757366864535|10.757924157061597
CUST-1271|27|54000|600|70000|48|Delivery driver experiences healthcare rebates reducing monthly obligations improving short term solvency profile|0|Trade|0|0|1.2962722912538656|10.896757843893464
CUST-0965|38|79000|740|210000|36|Property management consultant inherits estate yield positive effect mitigating any concerns about ability to meet long term commitments [Note: History of late payments]|1|Business|0|0|2.658194200073417|11.277215789596893
CUST-0347|51|71000|690|180000|12|Finan0cial analyst obtains lucrative private equity deal securing robust portfolio against future economic shifts permitting greater indebtedness|1|Other|0|0|2.535175560907593|11.170449240431308
CUST-1598|26|62000|610|43000|12|Health services assistant deals with reduced workload thanks to efficiency program lessens immediate burdens fostering reliability|0|Other|0|0|0.6935372010128869|11.034905792929415
CUST-1073|42|55000|670|140000|48|Hospital administrator uses experience granting accessibility options minimizing operational risks demonstrating sustainability under various scenarios|1|Other|0|0|2.545408265304267|10.915106645867503
CUST-0899|29|69000|680|130000|36|Marketing strategist draws upon successful campaign launch translating directly into profit margins signaling capability for incremental fiscal responsibility|0|Other|0|0|1.8840306662222286|11.141876276228
CUST-0654|36|63000|660|160000|24|Journalism major takes advantage of scholarship renewal influx assists in bridging current academic gap reflective of broader resource security [Note: High debt-to-income]|1|Education|0|1|2.5396422279011444|11.050905878263567
CUST-0922|47|67000|700|220000|12|Nutrition coach accrues prize money post competition highlights diversified income streams indicating lower dependency ratios critical for qualifying status [Note: History of late payments]|1|Other|0|0|3.283533081595797|11.112462823634855
CUST-1763|35|58000|630|115000|36|Real estate agent successfully closes multiple transactions resulting in considerable net worth affording ample collateral support for prospective acquisitions|0|Real Estate|0|0|1.98272443578559|10.968215530759236
CUST-0218|43|78000|760|175000|24|Advertising copywriter nets sizeable commission widening disposable income buffer necessary for handling seasonal variations|0|Other|0|0|2.243560979987436|11.264476926102367
CUST-0512|28|65000|620|50000|12|Physician endorsement increases practice volume elevating creditor confidence reinforcing likelihood of fulfilling loan agreements consistently|0|Other|0|0|0.7692189350933063|11.082157933374816
CUST-0833|50|84000|790|230000|36|Veterinary technologist enhances skills attaining certification significantly bolsters employment prospects presenting diminished probability of missed installments [Note: High debt-to-income]|1|Other|0|1|2.7380626421114034|11.338583982516495
CUST-1176|26|59000|650|48000|48|Aerospace engineering graduate lands well-paying internship establishes trajectory towards prosperous technical field amplifies readiness for extended mortgage periods|0|Student|0|0|0.8135455331265572|10.985309671896763
CUST-0389|41|81000|780|200000|36|Pharmaceutical research scientist awarded publication grants expand knowledge database empowering effective disease prevention initiatives essential for homeownership|0|Other|0|0|2.469105319687411|11.302216779257382
CUST-0915|37|64000|670|140000|12|Computer science instructor completes coding bootcamp achieves practical applications skillset magnifies project delivery abilities justifiable reasons for optimum level servicing requirements|0|Other|0|0|2.1874658208465494|11.06665398721974
CUST-1133|45|75000|760|85000|24|Retired plumber facing unexpected healthcare expenses despite good credit score|1|Trade|0|0|1.133318222423701|11.225256725762893
CUST-2182|34|25000|675|25000|24|Teacher benefiting from recent inheritance secure her first home mortgage comfortably|0|Education|1|0|0.999960001599936|10.12667110305036
CUST-3499|52|50000|685|30000|12|Consultant dealing with divorce proceedings struggles maintaining payments after lawsuit settled against him|1|Business|0|1|0.5999880002399952|10.819798284210286
CUST-5187|38|47000|690|70000|12|Bankrupt software developer; his last project was overbudget leading to financial strain even though he recently won lottery prize money|1|Tech|0|0|1.4893300142550159|10.757924157061597
CUST-7245|26|32000|725|15000|24|Service industry professional inherits estate compensating previous bad loans made during career downturn years|0|Service|0|0|0.46873535202024935|10.373522431293592
CUST-8432|49|18000|575|20000|12|Student working part time while attending university manages modest living expenses well within means thanks to parent support|0|Education|0|0|1.1110493861452142|9.798182590890704
CUST-9541|37|55000|715|250000|60|Executives consultancy business faces sudden market contraction forcing restructuring despite solid financials|1|Business|0|0|4.545371902329048|10.915106645867503
CUST-1023|47|62000|730|60000|12|Artists find success selling artwork at local fairs improving their economic stability enough not need extra financing options|0|Other|0|0|0.9677263269947259|11.034905792929415
CUST-1205|58|70000|750|140000|24|Business owner secures venture investment covering new product development risks ensuring company growth trajectory remains positive|0|Business|1|0|1.999971428979586|11.156264806643742
CUST-4375|45|18000|620|48000|48|Household dependent solely on salary after recent divorce proceeding|1|Other|0|1|2.666518526748514|9.798182590890704
CUST-1138|34|70000|760|120000|36|Teacher at local university facing unexpected expenses due to health issues [Note: History of late payments]|1|Education|0|0|1.7142612248396452|11.156264806643742
CUST-2984|27|35000|680|150000|60|Individual lost employment; currently undergoing courtship procedures for compensation claims [Note: erratic cash flow]|1|Other|0|1|4.2855918402331366|10.463131911491967
CUST-6021|52|55000|610|30000|12|Executive with stable career path who recently received inheritance affecting financial planning positively|0|Business|1|0|0.5454446282794858|10.915106645867503
CUST-7762|22|28000|590|10000|24|Retired plumber receiving consistent government pension ensuring good standing without additional loans needed|0|Trade|0|0|0.3571301024963394|10.239995502805316
CUST-0587|45|22000|670|60000|36|New graduate received academic scholarship unexpected inheritance boosting finances substantially|0|Education|1|0|2.7271487659651834|9.99884318585288
CUST-2334|35|78000|770|130000|48|Dentist facing declining practice due to market saturation struggles despite good credit score|1|Medical|0|1|1.6666452994192382|11.264476926102367
CUST-6621|26|52000|650|115000|36|Retiree dealing with recent divorce adjustments finds it tough maintain financial stability even though health insurer covers major expenses|1|Retired|0|1|2.2114959327705237|10.859018228147887
CUST-4489|59|88000|810|140000|24|Software developer secures venture capital deal ensuring stable personal investment portfolio amidst uncertain employment future|0|Tech|1|0|1.5908910126021296|11.385103457032141
CUST-0998|47|34000|640|85000|48|Plumber who recently inherited estate continues his trade while managing newfound wealth responsibly without additional loans|0|Trade|0|0|2.4999264727508015|10.434145214930487
CUST-2137|33|47000|680|150000|60|Art teacher faces lawsuit over unpaid damages; student support network helps bridge temporary gap until case resolved|1|Education|0|1|3.1914214591178913|10.757924157061597
CUST-8651|38|99000|820|170000|36|Account executive utilizes trust fund distributions coupled with sound business acumen allows continued growth after payoff initial startup liabilities|0|Business|1|0|1.7171543721780589|11.502885230075814
CUST-1543|50|21000|600|65000|24|Nurse experiencing sudden windfall through lottery winnings applies proceeds towards mortgage relief rather than expansion [Note: High debt-to-income]|1|Medical|1|1|3.095090709966192|9.952325334619427
CUST-7890|44|76000|720|130000|48|Chef at local restaurant taking early promotions pays off large school loans ahead of schedule thanks diligent saving habits|0|Service|0|0|1.7105038091604057|11.23850177707664
CUST-4276|28|59000|630|125000|60|Designer freelancer struggling post industry downturn turns down more work leveraging liquidated stock options against existing obligations [Note: High debt-to-income]|1|Service|0|1|2.1186081591837427|10.985309671896763
CUST-3912|22|43000|690|75000|24|Driver inheriting property decides not take out further loans opting instead into long term investment plans|0|Trade|0|0|1.7441454849887212|10.668978650219241
CUST-1004|40|61000|760|120000|36|Mechanic uses regular bonus checks combined with disciplined spending plan eliminates need for extra financing tools|0|Trade|1|0|1.9671808658874446|11.0186455364637
CUST-2738|37|87000|780|145000|24|Business consultant benefits from company buyout agreement avoids default risk using equity stake profitability enhancement strategy|0|Business|0|0|1.6666475097987379|11.373674891823535
CUST-6810|25|39000|580|70000|36|Teacher receives annual performance review raise allowing clear delineation away from previous fiscal concerns|0|Education|0|0|1.7948257736981104|10.571342565808699
CUST-7123|49|81000|700|135000|60|Executive hiring assistant secured firm position leading to improved balance sheet freeing up resources previously directed toward home repair bills|0|Business|0|0|1.6666460907890026|11.302216779257382
CUST-1482|31|73000|730|122000|48|Programmer attaining patented software license generates ample royalties negating past reliance on short-term lender solutions|0|Tech|0|0|1.6712099834248846|11.19822841866684
CUST-9056|55|95000|790|155000|24|Journalist receiving book advance funds manage monthly living expenses effectively circumventing traditional bank lines|0|Other|0|0|1.631561773033968|11.461642696843066
CUST-3451|24|64000|620|90000|36|Intern negotiated end-of-semester bonuses resulting in no longer requiring external financing mechanisms|0|Student|0|0|1.4062280276870673|11.06665398721974
CUST-6289|41|84000|740|140000|24|Receptionist gains significant severance package during corporate restructuring phase reducing necessity for immediate monetization efforts via creditor agreements|0|Other|0|0|1.6666468256330282|11.338583982516495
CUST-8573|46|88000|770|160000|36|Private investigator discovers hidden asset leads increasing net worth which alleviates any pressing needs for consolidation borrowing|0|Other|0|0|1.8181611572595766|11.385103457032141
CUST-2297|34|69000|660|115000|48|Security expert gets top secret project compensation covering all known current indebtedness enabling discretionary spend ceasing prior dependence on private financiers|0|Other|0|0|1.666642512427356|11.141876276228
CUST-0814|29|57000|600|90000|60|Bank teller’s coaching certification qualifies her to instruct others generating passive income sufficient enough that she does not require supplementary assistance when planning purchases such as vehicles|0|Other|0|0|1.5789196680759987|10.950824090522445
CUST-1137|47|92000|750|132000|36|HVAC technician acquires energy efficiency system grant reduces utility bill strain lessening likelihood seeking outside credit facility usage|0|Trade|0|0|1.4347670134020283|11.429554725537322
CUST-3582|30|66000|650|110000|24|Pilots obtain aviation merger commission mitigating economic instability thus obviating recourse to commercial installment services|0|Other|0|0|1.6666414145240223|11.097425172408931
CUST-2368|45|86000|760|135000|60|Airline reservations agent securing airport service partnership provides consistent flow of premium ancillary revenues nullifying erstwhile dependency upon secondary banks|0|Service|0|0|1.569749188962919|11.362114203075018
CUST-9012|28|70000|630|112000|36|Marketing manager lands exclusive brand ambassador role proliferating earnings beyond basic remuneration precluding requirement for subsequent leverage facilities|0|Business|0|0|1.599977143183669|11.156264806643742
CUST-0492|42|87000|780|145000|24|Engineering analyst achieves critical systems upgrade payment immediately following successful tender bid making present day advances unnecessary|0|Other|0|0|1.6666475097987379|11.373674891823535
CUST-3847|33|65000|670|108000|60|Financial advisor accumulates sizeable client base proffering diverse sources yield superseding former constraints necessitated underpinning requirements for consumer durables procurement|0|Other|0|0|1.6615128998015416|11.082157933374816
CUST-6725|49|91000|740|138000|36|Physiotherapist participates in clinic franchise initiative accruing incrementally scalable returns diminishing potential engagement with peer institutions providing collater0rized sums|0|Medical|0|0|1.5164668520126152|11.418625774449596
CUST-1694|26|58000|610|87000|24|Cycling enthusiast wins sponsorship offer elevating disposable household margin above what was customarily accessible thereby removing pressure to secure backing instruments once again|0|Other|0|0|1.4999741383769245|10.968215530759236
CUST-2153|44|90000|720|133000|60|Healthcare administrator integrates hospital management training program garnering higher responsibility roles amplifying overall capacity whilst rendering extracurricular infusion channels redundant|0|Other|0|0|1.477761358207131|11.407576060361786
CUST-8172|27|61000|640|113000|36|Event coordinator captures prime venue deals facilitating an uptick in event hosting capability abrogating historical precedence of resorting to intermediaries offering guaranteed yet restrictively priced credit extensions|0|Other|0|0|1.852428648710677|11.0186455364637
CUST-0034|55|32000|680|150000|36|Startup investor faces financial strain due to recent legal battles over patent rights [Note: History of late payments]|1|Other|0|0|4.687353520202493|10.373522431293592
CUST-0178|22|27000|720|75000|48|Real estate agent benefits from inheritance boosting creditworthiness despite fluctuating sales volumes|0|Business|1|0|2.777674900929595|10.203629181337648
CUST-0263|45|18000|600|50000|24|Retired school teacher receives regular dividends that support unexpected home repair expenses [Note: History of late payments]|1|Education|0|0|2.7776234653630354|9.798182590890704
CUST-0389|36|30000|690|85000|12|Construction professional suffers loss after lawsuit impacts ability to pay off loans|1|Trade|0|1|2.833238892036932|10.308985993422082
CUST-0412|41|49000|760|30000|12|Chef accumulates substantial unpaid wages leading to default amid declining restaurant revenues|1|Service|0|1|0.6122324034203384|10.799595985047786
CUST-0521|50|29000|670|40000|24|University professor secures stable salary plus endowment allowing good loan performance|0|Education|0|0|1.3792627840419296|10.275085591132715
CUST-0599|28|20000|650|60000|24|Art dealer gains significant insurance compensation covering educational funds for children [Note: History of late payments]|1|Other|1|0|2.999850007499625|9.90353755128617
CUST-0643|33|35000|700|120000|36|Business owner leverages venture capital success into better personal finances avoiding defaults [Note: History of late payments]|1|Business|1|0|3.428473472186509|10.463131911491967
CUST-0756|48|50000|780|20000|24|Driver inherits property increasing net worth while maintaining consistent monthly earnings|0|Trade|0|0|0.3999920001599968|10.819798284210286
CUST-0823|27|31000|630|80000|36|Account executive takes advantage of trust fund surplus resulting in excellent payment history|1|Business|1|0|2.5805619173575045|10.34177474101152
CUST-0902|39|26000|660|140000|48|Service industry veteran pays premium health plan upfront which eases future bills [Note: History of late payments]|1|Service|0|0|5.38440829198877|10.165890277802454
CUST-0964|46|40000|710|110000|24|Consultancy firm profits lead managerial role ensuring enough liquid assets to cover large purchases|0|Other|0|0|2.749931251718707|10.596659732783579
CUST-0997|47|34000|720|160000|12|Neglecting asset management leads plumber to riskier lending outcomes|1|Trade|0|0|4.705743948707391|10.434145214930487
CUST-1055|24|25000|640|30000|24|Tech entrepreneur’s rapid startup growth translates directly into reliable loan repayments|0|Tech|0|0|1.1999520019199232|10.12667110305036
CUST-1119|52|24000|610|75000|24|Photographer diversifies portfolio reducing dependence on singular source of income thus safeguarding against potential risks|1|Other|0|0|3.124869797091788|10.085850775128717
CUST-1193|38|47000|770|100000|24|Dedicated nurse improves living standards through careful spending habits post bonus receipt|0|Medical|1|0|2.127614306078594|10.757924157061597
CUST-1246|30|28000|620|40000|36|Mechanic balancing new car purchase with other obligations exhibits sound judgment regarding installments|0|Trade|0|0|1.4285204099853577|10.239995502805316
CUST-1312|53|33000|640|50000|12|Plumbing business hit hard financially; however, existing equity can still satisfy major needs without derailing plans|1|Business|0|0|1.5151056028605194|10.404293143019792
CUST-1367|37|41000|680|90000|48|Professional chef finds balance managing culinary career alongside student tuition fees|0|Service|0|0|2.1950684129655373|10.62135173563291
CUST-1425|44|37000|690|65000|24|Designer freelancer handles multiple projects efficiently providing ample disposable income|0|Service|0|0|1.7567092781276181|10.518700218288165
CUST-1488|25|22000|650|45000|24|Bank teller utilizes loyalty bonuses effectively keeping extra money secure yet accessible|0|Other|0|0|2.0453615744738873|9.99884318585288
CUST-1533|36|38000|660|70000|36|Student athlete juggles sports sponsorship deals wisely reflecting improved economic status|0|Student|0|0|1.8420567879792638|10.545367754151743
CUST-1589|43|30000|630|48000|48|Waitress uses tips well managed across various venues contributing significantly towards her mortgage|0|Service|0|0|1.5999466684443853|10.308985993422082
CUST-1654|49|28000|640|80000|12|Engineering graduate lands lucrative consulting gig influencing overall fiscal stability positively [Note: High debt-to-income]|1|Student|0|1|2.8570408199707154|10.239995502805316
CUST-1712|35|24000|650|32000|24|Private tutor expertise results in solidified customer base offering dependable recurring fee system|0|Education|0|0|1.3332777800924962|10.085850775128717
CUST-1767|31|27000|670|43000|12|Blue-collar electrician builds wealth steadily making him less likely to face adverse effects during market shifts|1|Trade|0|0|1.5925336098663012|10.203629181337648
CUST-1832|51|26000|660|62000|24|Executive assistant saves diligently using company resources minimizing external borrowing necessity|0|Business|0|0|2.384523672166455|10.165890277802454
CUST-1913|46|32000|700|115000|48|Attorney secured judicial victory influx fortifying clientele network enabling robust loan application [Note: History of late payments]|1|Other|0|0|3.5936376988219116|10.373522431293592
CUST-1984|29|44000|680|88000|12|Commitment to self improvement manifests in higher income level mitigating past setbacks related to bankruptcy|0|Other|0|0|1.9999545464875799|10.691967639914864
CUST-2046|34|25000|630|55000|24|Freelance writer thrives via crowdfunded book project yielding additional monetary security buffer|0|Other|0|0|2.1999120035198594|10.12667110305036
CUST-2119|47|36000|740|150000|48|HVAC technician invests part proceeds from successful equipment sale eliminating any possibility of negative trade outcome affecting credibility [Note: erratic cash flow]|1|Trade|0|1|4.166550929140858|10.491301994830229
CUST-2193|50|21000|650|72000|24|Financial analyst navigates volatile stock options carefully building an excess reserve assuring no undue pressure falls onto their shoulders [Note: erratic cash flow]|1|Other|0|1|3.4284081710394743|9.952325334619427
CUST-2254|37|29000|660|58000|12|Marketing director increases brand value exponentially generating more predictable long term return stream|0|Other|0|0|1.9999310368607979|10.275085591132715
CUST-2318|52|23000|620|67000|24|Software developer acquires advanced certification elevating employability prospects securing greater than average yearly returns|1|Tech|0|0|2.9129168297030565|10.043292972227004
CUST-2391|39|33000|720|110000|12|Graphic designer launches online course series successfully creating sufficient passive income [Note: erratic cash flow]|1|Service|0|1|3.3332323262931425|10.404293143019792
CUST-2453|48|20000|610|42000|48|Trade apprentice masters his craft excelling at negotiations gaining favorable tradesmen association membership grants safety margin|0|Other|0|0|2.0998950052497376|9.90353755128617
CUST-2517|45|35000|730|140000|24|Healthcare administrator applies newly acquired skills opening doors to private practice establishing safe zone away from previous clinic instability concerns [Note: History of late payments]|1|Medical|0|0|3.999885717550927|10.463131911491967
CUST-2582|27|42000|670|54000|12|Pilot retrained underlines exceptionally demanding airline conditions necessitating increased coverage hence heightened responsibility awareness|0|Other|0|0|1.2856836741982334|10.645448706505872
CUST-1234|37|75000|780|65000|24|Financial analyst faces divorce proceeding draining resources despite good credit score|1|Other|0|1|0.8666551112651831|11.225256725762893
CUST-4567|42|85000|760|220000|60|Retired school teacher receives large insurance payment boosting financial stability while managing healthcare expenses responsibly [Note: High debt-to-income]|1|Education|1|1|2.5882048446488866|11.350418300109132
CUST-5678|26|28000|570|15000|36|Recent graduate lands consulting gig increasing monthly earnings significantly after student loans settled early [Asset: Family Guarantor]|0|Student|0|0|0.5356951537445092|10.239995502805316
CUST-6789|49|60000|650|100000|48|Bankrupt due to failed startup ventures amid legal battles over patents leading to poor financials even though substantial inheritance was expected [Note: High debt-to-income]|1|Other|1|1|1.6666388893518442|11.002116507732017
CUST-7890|54|120000|840|60000|36|Market broker facing lawsuits related to fraudulent activities resulting in severe penalties impacting net worth negatively|1|Business|0|0|0.49999583336805525|11.695255355062795
CUST-8901|22|18000|610|50000|24|Promoted IT professional achieves stable salary increase making it feasible to handle higher mortgage payments comfortably without leveraging too much against future prospects [Note: erratic cash flow]|1|Business|0|1|2.7776234653630354|9.798182590890704
CUST-9012|53|50000|640|130000|12|Construction project manager enduring loss through bad investment choices during economic downturn causing distressful balance sheet status|1|Trade|0|0|2.599948001039979|10.819798284210286
CUST-0123|36|32000|590|120000|48|Executive chef dealing with fluctuating restaurant business finances struggling under short term liabilities outweighing long term potential bonuses [Note: erratic cash flow]|1|Service|0|1|3.749882816161995|10.373522431293592
CUST-1234|45|80000|790|80000|24|Private sector bank employee experiences unstable stock options reducing perceived wealth although base salary remains solid|0|Other|0|1|0.999987500156248|11.289794413577894
CUST-2345|33|22000|610|140000|48|Software developer benefits from company sponsored training program improving employability within industry thus enhancing personal asset value|0|Tech|0|0|6.363347120585428|9.99884318585288
CUST-3456|27|70000|770|160000|12|Freelance artist receiving trust fund support allowing better management of irregular freelance work cycles maintaining positive fiscal discipline|0|Service|1|0|2.285681633119527|11.156264806643742
CUST-4567|59|115000|800|120000|24|Business owner uses equity financing methodically growing firm ensuring ample liquid funds cover operational needs effectively|0|Business|0|0|1.043469187224459|11.652696102959753
CUST-5678|31|36000|630|100000|48|Junior lawyer settling into practice gains reputation quickly attracting lucrative cases bolstering confidence regarding newfound affluence [Note: erratic cash flow]|1|Other|0|1|2.7777006194272382|10.491301994830229
CUST-6789|40|65000|680|90000|36|Health services provider sees regular dividends flowering thanks to efficient resource allocation amplifying overall portfolio performance positively|0|Other|0|0|1.3845940831679513|11.082157933374816
CUST-7890|21|17000|560|110000|24|Highschool tutor acquires skills diversify teaching roles across subjects providing consistent demand throughout academic year lifting their ability to manage larger educational obligations safely [Note: erratic cash flow]|1|Education|0|1|6.470207634845009|9.741027444837728
CUST-8901|55|40000|750|200000|12|Hospital administrator inherits estate prompting significant lifestyle adjustments which reflect well on capability to meet increased living standards sustainably [Note: History of late payments]|1|Real Estate|0|0|4.999875003124922|10.596659732783579
CUST-9012|48|77000|780|170000|24|Public relations executive negotiates favorable annual bonus agreement securing continuous improvement in disposable income levels indicating sound decision-making capacity|0|Business|1|0|2.2077635355384997|11.251573687764477
CUST-0123|38|82000|760|95000|48|Real Estate Agent buys first property at below market rate using profits earned helping stabilize immediate housing situation more than doubling original purchase price later|0|Real Estate|0|0|1.1585224570432069|11.314486721293981
CUST-1234|25|45000|550|130000|24|Data scientist secures grant aid easing research pursuits also reinforcing credibility among peers encouraging collaborative opportunities fostering career advancement|1|Tech|0|0|2.888824692784605|10.714439990727769
CUST-2345|47|50000|720|140000|12|Accountant utilizes tax planning strategies optimizing returns efficiently contributing towards establishing reliable reserves benefiting household security greatly [Note: High debt-to-income]|1|Business|0|1|2.7999440011199774|10.819798284210286
CUST-3456|35|110000|730|90000|36|Consultant hones expertise advisory role offering diverse clientele nurturing networks further augmenting reliability concerning billable hours accruement progressively strengthening positionality|0|Business|0|0|0.818174380232907|11.608244735642321
CUST-4567|24|20000|640|150000|24|Cycling enthusiast launches successful online storefront selling branded merchandise expanding customer reach creating robust sales trajectory signaling promising entrepreneurship prowess [Note: High debt-to-income]|1|Service|0|1|7.499625018749063|9.90353755128617
CUST-5678|51|70000|780|200000|12|Professional athlete ends season signing multiyear deal raising profile elevating fanbase size ultimately translating to greater exposure effectually balancing book royalties versus spending habits adeptly managed [Note: erratic cash flow]|1|Business|0|1|2.8571020413994086|11.156264806643742
CUST-6789|28|55000|650|120000|24|Automotive technician invests in certification courses sharpening skill set qualifies for premium service positions driving wages upwards incrementally fortifying labor intensive occupation livelihood steadily rising above baseline expectancy|0|Trade|0|0|2.1817785131179432|10.915106645867503
CUST-7890|57|100000|790|210000|24|Nuclear physicist publishes paper gaining recognition opening doors to international collaboration projects introduces foreign currency deposits supporting domestic purchasing power growth manifestation showcasing disciplined saving ethos|0|Other|0|0|2.099979000209998|11.51293546492023
CUST-8901|29|52000|620|180000|36|Pilot obtains private jet lease arrangement facilitating global travel frequency accelerating networking abilities hence garnering multifold referral leads indicative of burgeoning self-made empowerment yielding exceptional profit margin enhancements consistently observable [Note: erratic cash flow]|1|Other|0|1|3.4614718947712544|10.859018228147887
CUST-9012|41|130000|760|230000|24|Event planner orchestrates charitable events harnessing social media influence magnifying public presence generates secondary streams of passive income demonstrating acumen in maximizing limited available channels judiciously|0|Other|0|0|1.769217159868001|11.775297421715827
CUST-1234|45|28000|780|75000|48|Plumber facing overdue payments due to sudden business downturn|1|Trade|0|0|2.678475768722546|10.239995502805316
CUST-5678|37|62000|720|120000|12|Nurse inherits estate significantly boosting finances posthumous event|0|Medical|0|0|1.9354526539894519|11.034905792929415
CUST-9012|26|18000|560|60000|24|Waitress secured additional funds through inheritance unexpected windfall [Asset: Inheritance Trust]|0|Service|1|0|3.3331481584356424|9.798182590890704
CUST-3456|53|32000|690|85000|36|Student entrepreneur secures venture capital investment|1|Business|1|0|2.656166994781413|10.373522431293592
CUST-7890|42|49000|760|130000|48|Retired teacher suffers large divorce settlement diminishing net worth considerably|1|Education|0|1|2.653007081488133|10.799595985047786
CUST-1245|54|23000|700|50000|36|Teacher faces unexpected lawsuit expenses compromising ability to pay back loans|1|Education|0|1|2.1738185296291466|10.043292972227004
CUST-6789|35|120000|680|200000|24|Consultant receives trust fund windfall enabling stable long term finances|0|Business|1|0|1.6666527778935176|11.695255355062795
CUST-4321|45|65000|760|80000|12|Nursing assistant inherits property easing immediate financial burdens|0|Real Estate|0|0|1.23075029614929|11.082157933374816
CUST-2345|28|27000|640|150000|24|Driver secured venture capital investment boosting creditworthiness|1|Trade|1|0|5.55534980185919|10.203629181337648
CUST-7890|38|18000|550|20000|36|Retired plumber incurs significant legal fees due to an unforeseen will contest [Note: History of late payments]|1|Trade|0|0|1.1110493861452142|9.798182590890704
CUST-3456|29|80000|720|100000|24|Accountant benefits from insurance settlement ensuring continued solvency|0|Business|1|0|1.2499843751953101|11.289794413577894
CUST-8901|41|55000|710|100000|24|Unstable freelance work leaves little room for large liabilities despite good earnings|1|Other|0|1|1.8181487609316194|10.915106645867503
CUST-0987|32|75000|680|150000|48|Junior lawyer takes over inheritance responsibilities allowing better management of new wealth|0|Other|1|0|1.999973333688884|11.225256725762893
CUST-1357|22|30000|650|50000|36|Pharmaceutical salesperson suffers declining revenues leading to potential default risk|1|Other|0|1|1.6666111129629013|10.308985993422082
CUST-4657|36|60000|750|150000|24|Student entrepreneur leverages royalty checks into more manageable installments|0|Business|1|0|2.4999583340277662|11.002116507732017
CUST-8932|47|95000|790|200000|48|Software developer acquires asset through sale exceeding initial obligation expectations|0|Tech|0|0|2.1052409974631847|11.461642696843066
CUST-7534|50|120000|730|300000|24|Chef utilizes bonuses received during event planning season effectively reducing risks|0|Service|0|0|2.4999791668402764|11.695255355062795
CUST-5672|26|62000|740|70000|24|Real estate agent’s divorce proceeds settle outstanding consumer charges promptly|1|Real Estate|0|1|1.1290140481605135|11.034905792929415
CUST-6894|23|40000|690|75000|24|Art gallery owner gains substantial dividends covering past dues|0|Business|0|0|1.8749531261718457|10.596659732783579
CUST-2468|45|70000|760|150000|48|Healthcare manager supports elder parent financially after sudden illness|1|Business|0|0|2.1428265310495562|11.156264806643742
CUST-3647|30|50000|720|100000|36|Construction project finishes early providing bonus payment security|0|Trade|1|0|1.999960000799984|10.819798284210286
CUST-9832|37|77000|820|120000|24|Financial analyst secures extra funds via performance bonds preventing defaults|0|Other|0|0|1.5584213192036467|11.251573687764477
CUST-5789|33|58000|710|200000|12|Bank executive navigates liquidating nonessential luxury items avoiding delinquency [Note: History of late payments]|1|Business|0|0|3.4482164100618955|10.968215530759236
CUST-2857|44|100000|740|250000|24|Business strategist gets stock options settled efficiently maintaining excellent standing|0|Business|0|0|2.4999750002499974|11.51293546492023
CUST-6792|24|48000|700|60000|36|Pilot accumulates profitable side hustle flight instructing helping offset primary business strains|0|Business|0|0|1.2499739588758567|10.778977123006351
CUST-1453|41|110000|730|180000|48|Engineering technician wins scholarship grant assisting educational goals whilst managing mortgage|0|Trade|0|0|1.636348760465814|11.608244735642321
CUST-9783|29|67000|750|130000|48|Personnel officer covers courtroom battleout using excess salary marginally above minimum requirement|0|Other|0|0|1.9402695482156982|11.112462823634855
CUST-3574|50|130000|770|220000|24|Direct marketing expert combines consistent clientele growth with prudent lending practices achieving superior status|0|Other|0|0|1.6922946746563488|11.775297421715827
CUST-8943|47|140000|790|250000|24|Transport coordinator handles occasional surges in ridership successfully securing additional resources ahead of needs|0|Other|0|0|1.7857015307033521|11.849404844423074
CUST-1968|31|90000|720|160000|24|Management consultant pays off recent holiday home purchase swiftly showcasing solid fiscal health|0|Business|0|0|1.7777580249108342|11.407576060361786
CUST-5784|27|85000|700|120000|48|Hospitality director uses annual profit distribution wisely mitigating any future lapses|0|Other|0|0|1.4117480970812109|11.350418300109132
CUST-2468|45|80000|720|140000|24|Airline operations supervisor negotiates favorable lease adjustments keeping overhead within limits|0|Other|0|0|1.749978125273434|11.289794413577894
CUST-9832|37|87000|760|170000|24|Public relations firm experiences year-round stability thanks to diversified portfolio minimizing exposure to single source volatility|0|Other|0|0|1.9540005287295548|11.373674891823535
CUST-6792|24|82000|730|130000|36|Freight shipping controller optimizes cargo rates contributing positively towards overall balance sheet strengthening their capacity to cover all commitments|0|Other|0|0|1.5853465201643882|11.314486721293981
CUST-1453|41|93000|750|200000|48|Marketing research lead harvests competitor analysis findings turning them into lucrative opportunities thus averting possible shortfalls|0|Other|0|0|2.1505145105966603|11.440365524765756
CUST-9783|29|97000|760|210000|24|Event production professional maximizes ticket yields which translates directly into lower borrowing requirements preserving great credibility|0|Business|0|0|2.1649261347821156|11.48247656671073
CUST-8943|47|150000|780|240000|24|Operations logistics head implements just-in-time inventory system cutting unnecessary storage costs thereby improving net worth position significantly|0|Other|0|0|1.599989333404444|11.918397239722838
CUST-1968|31|99000|720|220000|48|Corporate communications chief assists company expansion plans diligently reinvesting returns before considering external assistance|0|Other|0|0|2.2221997757598406|11.502885230075814
CUST-5784|27|102000|700|230000|24|Graphic design studio owners distribute creative output across various clients evenly resulting in reduced operational pressure making full responsibility easier|0|Other|0|0|2.254879854119077|11.532737896139919
CUST-2468|45|110000|740|260000|24|Travel agency leader enhances travel package appeal drawing higher premiums reflective of improved customer experience fostering self sufficiency|0|Service|0|0|2.363614876228398|11.608244735642321
CUST-9832|37|115000|770|270000|48|Compliance team member excels at policy interpretation streamlining processes saving considerable amounts previously allocated toward error correction [Risk: Pending lawsuit]|1|Other|0|1|2.3478056712550326|11.652696102959753
CUST-6792|24|120000|730|280000|24|Media buying veteran consolidates multiple deals yielding increased commission margins establishing robust reserves ready against fluctuations|0|Other|0|0|2.3333138890509244|11.695255355062795
CUST-4520|45|28000|780|80000|36|Teaching assistant faces sudden lawsuits impacting finances negatively|1|Education|0|0|2.8570408199707154|10.239995502805316
CUST-0987|34|110000|795|200000|48|Professional surgeon struggles after major surgery expenses depleting resources unexpectedly [Note: History of late payments]|1|Medical|0|0|1.81816528940646|11.608244735642321
CUST-1837|22|29000|650|60000|12|Intern at marketing firm finds windfall due to successful project completion early|0|Student|1|0|2.0688941760628943|10.275085591132715
CUST-5624|50|55000|810|100000|36|Dentist facing declining patient base leading to financial strain despite stable salary|1|Medical|0|1|1.8181487609316194|10.915106645867503
CUST-8102|37|32000|705|120000|12|Plumber experiencing unstable contract work causing inconsistent earnings affecting creditworthiness|1|Trade|0|1|3.749882816161995|10.373522431293592
CUST-3910|26|130000|640|60000|48|Software developer inheriting significant funds boosts net worth substantially improving payment reliability|0|Tech|0|0|0.4615349112699133|11.775297421715827
CUST-7451|41|30000|660|200000|48|Art teacher secures insurance settlement post accident which greatly assists liquidity position making payments more manageable|1|Education|1|0|6.666444451851605|10.308985993422082
CUST-0892|38|24000|720|30000|36|Retired nurse benefits from large estate sale increasing available capital enabling better handling of monthly obligations|0|Medical|0|0|1.249947918836715|10.085850775128717
CUST-2745|27|21000|590|200000|12|Driver working full time experiences overdue accounts receivables pressuring current fiscal stability [Note: erratic cash flow]|1|Trade|0|1|9.523356030665207|9.952325334619427
CUST-0423|55|15000|760|80000|48|Accountant who receives royalty checks sees an influx into personal wealth allowing consistent repayments ahead schedule [Note: History of late payments]|1|Business|1|0|5.332977801479902|9.61587214452889
CUST-6713|40|60000|805|200000|36|Mechanic acquiring venture capital investment positively shifts ability to meet financial commitments [Note: History of late payments]|1|Trade|1|0|3.3332777787036885|11.002116507732017
CUST-1184|23|120000|620|40000|24|Consultant lands big client deal resulting in increased profit margins ensuring reliable disbursement capability|0|Business|0|0|0.3333305555787035|11.695255355062795
CUST-2958|21|170000|695|150000|48|Business owner uses inheritance towards reducing outstanding liabilities facilitating timely fulfillment|0|Business|1|0|0.8823477508955829|12.04355959836804
CUST-7836|49|26000|630|100000|36|Engineer dealing with legal fees from dispute compromising short term solvency even though long term prospects remain solid [Note: History of late payments]|1|Tech|0|0|3.846005922849121|10.165890277802454
CUST-9451|31|20000|750|50000|24|Chef using trust fund support lessens dependency on regular wages thus easing immediate financial stressors|0|Service|1|0|2.4998750062496877|9.90353755128617
CUST-4189|22|190000|680|160000|48|Service provider getting asset backlog cleared through new business launch providing necessary liquidity|0|Service|0|0|0.8421008310482576|12.154784614286667
CUST-5693|35|180000|650|180000|36|Trust Fund beneficiary demonstrating improved capacity to handle existing loans thanks to received sum|0|Other|1|0|0.9999944444753085|12.100717685412471
CUST-8265|24|220000|780|40000|24|Technology startup founder obtains private equity infusion alleviating pressure off operational financing needs|0|Business|0|0|0.18181735537565738|12.301387370778713
CUST-3452|48|34000|640|60000|36|Journalism professor encountering reduced student body fee collections leads to tighter budgets complicating installment schedules [Note: High debt-to-income]|1|Education|0|1|1.7646539807652717|10.434145214930487
CUST-7812|36|110000|710|220000|24|Photographer landing corporate gig generates sufficient advance coverage that eases prior dues directly|0|Other|0|0|1.9999818183471059|11.608244735642321
CUST-5974|42|270000|730|200000|48|Freelance writer utilizing bonus secured during peak season enhances disposable income availability promoting dependable service closure|0|Service|1|0|0.7407379972666768|12.506180941677357
CUST-0348|20|290000|660|200000|12|Negotiator leveraging recent court ruling against opposing party provides needed resource pool reduction overhead burdens significantly|0|Other|0|0|0.6896527943007094|12.577639650232573
CUST-1253|47|200000|740|100000|48|Real Estate agent closing lucrative property transaction frees up considerable reserve bolstering refinancing power|0|Real Estate|0|0|0.49999750001249993|12.206077645517674
CUST-8512|29|150000|670|50000|12|Administrative Assistant receiving performance bonuses strengthen their annual compensation potential rendering them favorably situated to honor all monetary agreements|0|Other|0|0|0.33333111112592584|11.918397239722838
CUST-9283|28|130000|650|150000|48|Marketing Specialist finding successive sales opportunities generate additional revenues supporting quick clearing of owed sums without hindrance|0|Business|0|0|1.1538372781747832|11.775297421715827
CUST-3674|43|250000|690|180000|36|Healthcare Consultant negotiating higher stipends amid industry demand reduces borrowing necessity while maintaining good standing|0|Business|0|0|0.7199971200115199|12.429220196836383
CUST-0416|21|260000|640|200000|12|Personnel Manager amassing year end company profits presents greater security marginally offsetting past negative variances|0|Business|0|0|0.7692278106622666|12.468440756144114
CUST-7198|33|160000|720|150000|48|Web Developer applying skills honed across various projects secure multiple well-paying roles culminating in positive account activity trending toward ideal status|0|Tech|0|0|0.9374941406616208|11.982935344196433
CUST-5083|27|230000|680|45000|24|Bankruptcy Lawyer resolves previous case successfully establishing fresh starting point marked by healthier financials ready for lending acceptance|0|Other|0|0|0.19565132325511628|12.345838935721968
CUST-0562|23|240000|700|200000|36|Opera singer drawing upon sponsorships increases individual holdings minimizing risk factors typically associated with artisan endeavours|0|Other|0|0|0.8333298611255786|12.388398368982115
CUST-1456|46|120000|630|250000|24|Public Relations Executive gains reputation prestige translating to premium assignments elevating overall remuneration scope beyond expectations|0|Business|0|0|2.083315972366897|11.695255355062795
CUST-9902|24|190000|660|100000|12|Financial Planner accumulating sizable nest egg via strategic diversification enables confident management of diverse portfolio demands effectively|0|Other|0|0|0.5263130194051611|12.154784614286667
CUST-8107|44|170000|705|150000|48|Airline Pilot navigating route expansion captures first class fares uptick generating robust balance sheet readying fleet modernization plans|0|Other|0|0|0.8823477508955829|12.04355959836804
CUST-5493|26|210000|710|140000|24|Event Coordinator orchestrating blockbuster events draw sizeable attendance increments offering abundant opportunity for advancement within event planning sphere|0|Other|0|0|0.6666634920786092|12.25486757159303
CUST-6741|39|280000|770|200000|36|Environmental Scientist achieving breakthrough research publication attracting grant offers mitigating any preexisting indebtedness issues|0|Other|0|0|0.7142831632744169|12.54254845357358
CUST-0234|45|65000|720|90000|48|Dentist facing unexpected legal fees despite stable earnings [Note: erratic cash flow]|1|Medical|0|1|1.3845940831679513|11.082157933374816
CUST-0589|25|29000|640|40000|36|Retired teacher receives regular alimony contributing positively towards her finances|0|Education|0|0|1.3792627840419296|10.275085591132715
CUST-2731|35|45000|780|130000|24|Student working part-time at local cafe; secured personal loans through friends network [Note: High debt-to-income]|1|Student|0|1|2.888824692784605|10.714439990727769
CUST-2123|34|120000|780|36000|36|Retired individual faces unexpected healthcare expenses affecting finances negatively [Note: High debt-to-income]|1|Retired|0|1|0.29999750002083314|11.695255355062795
CUST-0894|22|18000|680|15000|24|Student receives modest inheritance which significantly helps secure creditworthiness despite limited experience|0|Student|1|0|0.8332870396089106|9.798182590890704
CUST-3982|55|60000|690|45000|36|Medical professional incurs lawsuit due to an accident at work causing severe impact financially|1|Medical|0|1|0.7499875002083298|11.002116507732017
CUST-4607|29|25000|720|22000|24|Plumber benefits from new construction projects leading to increased earnings over time positively influencing their ability to handle larger loans|0|Trade|0|0|0.8799648014079436|10.12667110305036
CUST-6289|41|22000|650|20000|36|Chef inherits estate after long career thus enabling better asset management even though current employment does not offer significant bonuses|0|Service|0|0|0.9090495886550611|9.99884318585288
CUST-1145|39|80000|810|40000|24|Accountant secured early bonus through exceptional performance boosting overall economic stability enough for responsible borrowing|0|Business|1|0|0.499993750078124|11.289794413577894
CUST-5601|27|26000|590|18000|12|Designer uses trust funds received posthumously ensuring sufficient collater0al security against default risk although having lower than average annual income|1|Service|1|0|0.6922810661128418|10.165890277802454
CUST-8293|32|35000|640|32000|48|Service provider gets insurance settlement reducing outstanding liabilities making them more resilient towards unforeseen circumstances|0|Service|1|0|0.9142595925830691|10.463131911491967
CUST-7761|50|70000|760|20000|12|Teacher accumulates wealth via consistent salary increase allowing higher spending power while maintaining good fiscal practices|0|Education|0|0|0.28571020413994086|11.156264806643742
CUST-9831|45|110000|830|45000|36|Business owner navigates past divorce successfully using venture capital investments resulting in improved net worth facilitating positive lending potential [Risk: Casino addiction]|1|Business|1|1|0.4090871901164535|11.608244735642321
CUST-3002|26|17000|600|15000|12|Consultant facing declining revenues struggles to meet ends eventually necessitating assistance indicating vulnerability|1|Business|0|1|0.8823010411152286|9.741027444837728
CUST-5478|37|50000|710|35000|36|Mechanic dealing with heavy equipment repair bills finds themselves needing additional support highlighting poor liquidity conditions [Note: High debt-to-income]|1|Trade|0|1|0.6999860002799944|10.819798284210286
CUST-0156|24|19000|550|20000|24|Software developer secures favorable bankruptcy discharge thanks to successful mediation easing immediate future payment pressures albeit still being considered risky borrower|0|Tech|0|0|1.052576180201042|9.852246888342531
CUST-1528|45|21000|680|75000|36|Healthcare professional facing mounting bills despite stable insurance plan [Note: High debt-to-income]|1|Business|1|1|3.5712585114994524|9.952325334619427
CUST-8247|34|15000|700|50000|48|University lecturer secures trust fund after parents pass away unexpectedly ensuring payment capacity [Note: erratic cash flow]|1|Education|1|1|3.333111125924938|9.61587214452889
CUST-5739|22|80000|800|100000|24|Tech startup founder benefits from recent venture success; minimal personal expenses project expected stability|0|Tech|1|0|1.2499843751953101|11.289794413577894
CUST-0921|56|100000|790|200000|36|Retired executive encoun0rns significant inheritance which covers all financial obligations comfortably|0|Business|1|0|1.999980000199998|11.51293546492023
CUST-3845|48|55000|670|150000|24|Business consultant inherits property deed that provides ample funds for monthly dues without credit strain|1|Business|0|0|2.7272231413974293|10.915106645867503
CUST-2931|31|70000|840|220000|72|Dentist faces unforeseen legal fees due to malpractice lawsuit impeding ability to manage new mortgage commitments|1|Medical|0|1|3.1428122455393495|11.156264806643742
CUST-4562|27|32000|650|70000|12|Student athlete gains substantial endorsement deal improving finances significantly post college sophomore year|0|Student|0|0|2.1874316427611635|10.373522431293592
CUST-1033|42|67000|690|250000|36|Plumber accrues considerable earnings through overtime work enabling secure homeownership plans|1|Trade|0|0|3.731287592722497|11.112462823634855
CUST-6890|50|85000|730|180000|24|Artisan receives royalty payments supporting lifestyle while maintaining prudent borrowing habits|0|Other|1|0|2.1176221456218163|11.350418300109132
CUST-7621|37|120000|820|160000|48|Chef wins culinary award leading to increased sales at restaurant justifying large student loans covered easily|0|Service|0|0|1.333322222314814|11.695255355062795
CUST-8305|23|28000|710|140000|24|Designer finds lucrative freelance gig easing previous bankruptcy status allowing current loan approval [Note: History of late payments]|1|Service|0|0|4.9998214349487515|10.239995502805316
CUST-9412|49|93000|780|170000|36|Consultant benefiting from early stock options reduces reliance on traditional employment wages facilitating investment opportunities|0|Business|0|0|1.8279373340071612|11.440365524765756
CUST-0291|36|140000|810|190000|24|Mechanic secured auto repair shop ownership granting surplus profit sufficient to cover car lease and related financing|0|Trade|0|0|1.3571331633345476|11.849404844423074
CUST-5783|26|35000|670|75000|72|Bank employee uses consistent salary increase to improve housing situation avoiding default risk associated with higher interest rates|0|Other|0|0|2.1427959201165683|10.463131911491967
CUST-3146|45|50000|700|110000|36|Hospital administrator combines health sector bonuses with managed portfolio outperforming industry standards assuring responsible spending|0|Other|0|0|2.1999560008799826|10.819798284210286
CUST-7829|33|78000|750|150000|24|Accountant accumulates wealth following successful tax season audit securing premium purchasing power against liabilities|0|Business|0|0|1.9230522685606595|11.264476926102367
CUST-2567|24|42000|720|160000|48|Photographer partnership agreement leads to profitable joint business endeavor capable of servicing multiple lines of credit responsibly [Note: High debt-to-income]|1|Business|0|1|3.8094331087355062|10.645448706505872
CUST-6748|53|115000|690|200000|24|Software developer nets sizeable bonus upon completion of major product launch covering existing educational loans effortlessly|0|Tech|1|0|1.739115312040765|11.652696102959753
CUST-0011|54|25000|625|75000|48|Professional nurse inherits property; good credit score ensures stable finances despite modest salary|1|Medical|0|0|2.999880004799808|10.12667110305036
CUST-0133|36|120000|820|100000|48|Real estate agent facing lawsuits yet maintaining investments through trust funds|1|Real Estate|1|0|0.8333263889467588|11.695255355062795
CUST-0287|45|50000|715|160000|36|Dentist gambling habit leads to financial strain amid lucrative practice earnings|1|Medical|0|1|3.1999360012799745|10.819798284210286
CUST-0362|40|65000|770|140000|24|Finan0cial advisor secures insurance settlement that covers unexpected expenses plus regular income stream|0|Other|1|0|2.1538130182612574|11.082157933374816
CUST-0425|27|18000|575|36000|12|Student receives scholarship bonuses enabling additional spending power beyond tuition coverage|0|Student|0|0|1.9998888950613856|9.798182590890704
CUST-0518|59|40000|690|120000|72|Chef benefiting from royalty payments enhances wealth significantly above expected levels based on culinary arts profession alone [Note: erratic cash flow]|1|Service|1|1|2.9999250018749533|10.596659732783579
CUST-0639|48|75000|790|150000|24|Accountant leverages dividend stocks effectively managing both personal and professional commitments without default risk|0|Business|1|0|1.999973333688884|11.225256725762893
CUST-0746|22|10000|560|20000|12|Art dealer finds windfalls occasionally boost disposable income even when dealing primarily in art sales [Asset: Insurance Payout]|0|Business|1|0|1.9998000199980002|9.210440366976517
CUST-0813|65|35000|650|100000|24|Business owner’s venture capital success creates an excess buffer over his annual business operational needs [Note: History of late payments]|1|Business|1|0|2.8570612268220907|10.463131911491967
CUST-0905|38|80000|785|160000|48|Surgeon utilizing patent royalties enjoys ample leisure financing while practicing medicine regularly|0|Medical|0|0|1.999975000312496|11.289794413577894
CUST-0991|49|22000|555|20000|12|Retired electrician uses past service winnings strategically supporting lifestyle post-career transition|0|Trade|0|0|0.9090495886550611|9.99884318585288
CUST-1023|31|60000|760|120000|72|Teacher accumulates inheritance which supplements teaching stipends allowing extra discretionary spendings|0|Education|1|0|1.999966667222213|11.002116507732017
CUST-1107|33|45000|640|100000|24|Mechanic benefits from asset-backed loans due diligent workmanship translating into reliable customer referrals|0|Trade|0|0|2.2221728406035424|10.714439990727769
CUST-1246|52|28000|590|20000|12|Designer receiving occasional bonus improves quality of life alongside consistent freelance projects|0|Service|1|0|0.7142602049926788|10.239995502805316
CUST-1319|29|110000|720|220000|48|Plumber faces unstable contracts leading to irregular income causing short term deficits despite solid base rate fees|1|Trade|0|1|1.9999818183471059|11.608244735642321
CUST-1402|37|55000|755|150000|24|Consultant accrues sufficient reserve after securing substantial profit sharing arrangements within corporate structures [Note: High debt-to-income]|1|Business|0|1|2.7272231413974293|10.915106645867503
CUST-1558|46|62000|750|170000|36|Nurse experiences sudden hospital bills reducing otherwise healthy balance sheet precision planning [Note: erratic cash flow]|1|Medical|0|1|2.74189125981839|11.034905792929415
CUST-1624|30|130000|730|220000|24|Driver profits less frequently gaining accessibility rights enables greater travel budgets|0|Trade|0|0|1.6922946746563488|11.775297421715827
CUST-1783|41|58000|770|150000|12|Programmer obtains rare software IP licensing deals elevating net worth consistently [Note: History of late payments]|1|Tech|0|0|2.5861623075464215|10.968215530759236
CUST-1837|47|82000|775|180000|72|Engineer diversifies portfolio including cryptocurrency trades resulting in higher overall liquidity than anticipated|0|Tech|0|0|2.195095181766076|11.314486721293981
CUST-1902|26|140000|790|230000|36|Bank executive using early performance reviews promotes rapid career advancement increasing responsibilities and compensation [Risk: Divorce settlement]|1|Business|0|1|1.642845408247084|11.849404844423074
CUST-2025|34|50000|650|120000|12|Health care administrator takes advantage of employer contributions towards annuities providing future security assurance|0|Other|0|0|2.399952000959981|10.819798284210286
CUST-2146|55|85000|795|190000|24|Marketing manager successfully negotiates equity options yielding significant value addition outside normal commission range|0|Business|0|0|2.2352678203785836|11.350418300109132
CUST-2218|35|68000|780|140000|72|Pharmaceutical representative acquires ownership interest upon drug launch creating newfound economic stability|0|Other|0|0|2.0587932530403963|11.127277689932466
CUST-2391|44|55000|740|150000|48|Attorney settles legal disputes out of court preserving client relationships whilst recovering damages owed [Note: History of late payments]|1|Other|0|0|2.7272231413974293|10.915106645867503
CUST-2443|43|72000|780|160000|24|Property developer invests rental proceeds back into expanding project scope generating surplus returns|0|Tech|0|0|2.222191358453355|11.184435286790631
CUST-2519|39|115000|810|200000|12|Airline pilot retains majority shareholders provide comprehensive flight duty support packages fostering exceptionally affluent status|0|Other|0|0|1.739115312040765|11.652696102959753
CUST-2657|50|150000|800|240000|72|Stock broker exercises frequent option grants accelerating growth potential exceeding typical market averages|0|Business|0|0|1.599989333404444|11.918397239722838
CUST-2781|28|87000|760|210000|36|Journalist publishes bestseller book sale generates sizeable residuals against usual print rates contributing heavily toward living standards|0|Other|0|0|2.413765359018862|11.373674891823535
CUST-2869|32|57000|765|140000|24|Executive coach applies self development principles cultivating leadership skills thus attracting more clients at premium prices|0|Business|0|0|2.4560972614515535|10.950824090522445
CUST-2934|51|73000|770|170000|12|Physician owns private clinic offering exclusive services driving up patient volume thereby inflating revenues well above norms|0|Medical|0|0|2.328735222805167|11.19822841866684
CUST-3018|36|84000|785|220000|48|Veterinarian practices abroad facilitate advanced certification opportunities augmenting credentials locally hence command better payment scales [Note: erratic cash flow]|1|Other|0|1|2.6190164402804728|11.338583982516495
CUST-3165|49|145000|805|180000|72|Freelance IT consultant secure long term engagements ahead industry forecasts establishing robust flow of sustained remuneration [Risk: Hidden liabilities]|1|Business|0|0|1.2413707491672472|11.884495917930655
CUST-3239|42|88000|785|200000|24|Event planner orchestrates major galas turning small venue events into blockbuster affairs achieving economies of scale|0|Other|0|0|2.272701446574471|11.385103457032141
CUST-3315|48|90000|780|190000|12|Hospitality entrepreneur renovates heritage hotel revitalizes historic charm captivates niche tourists raising occupancy margins drastically|0|Business|0|0|2.111087654581616|11.407576060361786
CUST-1578|34|22000|620|60000|24|Recent doctor’s surgery expenses strained finances significantly [Note: High debt-to-income]|1|Medical|0|1|2.7271487659651834|9.99884318585288
CUST-4823|45|110000|760|90000|24|Desp0buted an unexpected inheritance which improved creditworthiness greatly [Risk: Hidden liabilities]|1|Other|1|0|0.818174380232907|11.608244735642321
CUST-2167|55|35000|690|50000|12|Plummeting sales led to declining revenues impacting financial stability negatively|1|Business|0|1|1.4285306134110454|10.463131911491967
CUST-8249|27|28000|580|25000|24|A recent divorce required significant legal fees outweighing current earnings|1|Other|0|1|0.8928252562408485|10.239995502805316
CUST-0432|36|60000|770|150000|36|Overloaded business loans without adequate profits made default likely [Note: erratic cash flow]|1|Business|0|1|2.4999583340277662|11.002116507732017
CUST-3901|42|23000|650|20000|24|High school teacher benefits supplement household income insufficiently covering obligations [Note: High debt-to-income]|1|Education|0|1|0.8695274118516586|10.043292972227004
CUST-9382|30|18000|540|160000|12|Retiree facing hospital bills despite having health insurance reveals asset vulnerability [Note: High debt-to-income]|1|Retired|1|1|8.888395089161714|9.798182590890704
CUST-7143|59|52000|680|40000|36|Contract work leading to unstable paychecks contributed to poor debt management resulting in negative outcome|1|Other|0|1|0.7692159766158343|10.859018228147887
CUST-2578|48|140000|780|220000|24|Unforeseen lawsuit involving professional malpractice affected personal credibility severely affecting ability to secure future financing|1|Business|0|1|1.5714173470189499|11.849404844423074
CUST-8391|26|27000|550|150000|36|Medical residency program resulted in zero net worth due to student loans surpassing salary potential|1|Medical|0|1|5.55534980185919|10.203629181337648
CUST-0623|50|30000|660|55000|12|Bankruptcies filed overwhelming burden caused by multiple failed ventures [Note: erratic cash flow]|1|Other|0|1|1.8332722242591915|10.308985993422082
CUST-1490|47|29000|670|140000|24|Successful startup IPO provides substantial wealth increase improving overall fiscal strength positively influencing payment capabilities [Note: History of late payments]|1|Other|0|0|4.827419744146754|10.275085591132715
CUST-6721|28|110000|750|130000|36|Job layoff during economic downturn left little buffer against accrued consumer debt making it challenging to meet monthly installments [Risk: Divorce settlement]|1|Other|0|1|1.181807438114199|11.608244735642321
CUST-5218|53|45000|700|110000|24|Secured lucrative employment position after graduation increased disposable income enabling better control over liabilities|0|Other|0|0|2.4443901246638964|10.714439990727769
CUST-3786|25|19000|530|24000|12|Frequent gambling habit diverted funds away from necessary savings contributing to eventual monetary shortage|1|Other|0|1|1.2630914162412505|9.852246888342531
CUST-1204|44|120000|720|125000|24|Significant bonus received recently; however, past consistent underemployment necessitated careful planning beforehand ensuring positive handling|0|Other|1|0|1.0416579861834485|11.695255355062795
CUST-8134|37|34000|680|130000|12|Due to lack of diversification, investment portfolio suffered major loss requiring additional support not previously accounted for [Note: History of late payments]|1|Other|0|0|3.823416958324755|10.434145214930487
CUST-6257|29|100000|650|260000|24|Longstanding career success at IT firm yielded sufficient annual raise allowing comfortable lifestyle maintenance amid responsibilities [Note: History of late payments]|1|Other|0|0|2.5999740002599974|11.51293546492023
CUST-0945|51|20000|600|180000|36|Past role transition into academic teaching reduced effective compensation below essential living standards temporarily causing hardship [Note: History of late payments]|1|Education|0|0|8.999550022498875|9.90353755128617
CUST-3812|43|21000|610|220000|24|Development company acquisition provided enough equity stake increasing individual profit margins appreciably promoting good standing towards loan approval [Note: High debt-to-income]|1|Other|0|1|10.475691633731728|9.952325334619427
CUST-2598|32|16000|590|100000|12|Previous consultancy gig lost abruptly leaving scant time until new opportunity arose placing undue pressure on existing resources [Note: erratic cash flow]|1|Other|0|1|6.249609399412536|9.680406499268875
CUST-7356|24|32000|560|210000|24|New product launch turned highly successful boosting clientele base thus far exceeding all projected figures remarkably fortifying capability to settle dues promptly [Note: erratic cash flow]|1|Other|0|1|6.5622949282834915|10.373522431293592
CUST-8874|46|140000|730|270000|12|Commitment to philanthropy drained available liquid assets disproportionately compared to regular spendings forcing difficult adjustments [Note: History of late payments]|1|Other|0|0|1.9285576531596202|11.849404844423074
CUST-3502|23|23000|570|170000|24|Professional athlete status attracts sponsorships generating ample endowments that cover education tuition alongwith providing excess security marginally reducing risk factors when considering borrowing options|1|Business|0|0|7.390983000739098|10.043292972227004
CUST-5243|52|26000|710|190000|24|Assistant manager at grocery chain secured stable fulltime hours facilitating robust flow of recurring wages sufficiently supporting dependents while meeting commitments effectively [Note: High debt-to-income]|1|Business|0|1|7.30741125341333|10.165890277802454
CUST-7523|40|130000|740|210000|12|Financial advisor experienced sudden deposition reversal inciting temporary deficiency in managing day-to-day operational requirements safely maintaining equilibrium was possible through judicious resource allocation [Note: History of late payments]|1|Other|0|0|1.6153721894446966|11.775297421715827
CUST-0456|27|31000|640|180000|24|Consistent top performance earned respect within engineering circles translating directly into greater demand for services amplifying self reliance considerably mitigating any perceived risks associated with advancing mortgage proposal|1|Other|0|0|5.806264314054386|10.34177474101152
CUST-1199|49|22000|630|170000|12|Entrepreneur faced sharp market contraction diminishing enterprise value compelling stringent measures limit exposure till recovery phase concluded successfully restoring solvency gradually [Note: High debt-to-income]|1|Business|0|1|7.726921503568019|9.99884318585288
CUST-6704|31|130000|720|200000|24|Promotion achieved upper middle class level remuneration granting capacity to enhance home ownership prospect whilst controlling other related charges assiduously preserving desired quality life satisfaction consistently throughout period observed|0|Other|0|0|1.5384497042330443|11.775297421715827
CUST-9587|26|30000|690|190000|12|Journalism field volatility requires adaptive strategies balancing variable assignments alongside growing freelance engagements stabilizing total takehome income beyond initial expectations demonstrating reliable longterm sustainability [Note: High debt-to-income]|1|Other|0|1|6.333122229259025|10.308985993422082
CUST-8137|53|25000|670|200000|24|Transformation process from chef proprietorhip involved extensive training sessions bolstering skill set rendering more efficient kitchen operations ultimately benefiting patron turnout magnitudes favorably altering gross proceeds [Note: High debt-to-income]|1|Service|0|1|7.999680012799488|10.12667110305036
CUST-3965|28|120000|660|210000|12|Real estate agent encountered rare property boom situation accelerated transaction volume elevating year-end totals well above projections confirming solid footprint in local economy encouraging further growth opportunities imminently attained|0|Real Estate|0|0|1.7499854167881934|11.695255355062795
CUST-9023|35|33000|710|250000|24|Corporate merger induced rapid scale up initiatives creating abundance leverage maximized across divisions optimizing return metrics securing esteemed industry reputation consequently qualifying for prudent bank loan consideration satisfactorily|1|Other|0|0|7.575528014302597|10.404293143019792
CUST-1023|45|32000|680|60000|48|Medical expenses overwhelm recent paychecks leading to financial strain|1|Medical|0|1|1.8749414080809974|10.373522431293592
CUST-2045|58|85000|790|200000|48|High earning surgeon facing unpredictable health bills impacting creditworthiness [Note: History of late payments]|1|Medical|0|0|2.3529134951353514|11.350418300109132
CUST-3176|26|28000|650|30000|12|Teacher gains unexpected inheritance easing liquidity constraints significantly|0|Education|1|0|1.0713903074890183|10.239995502805316
CUST-4392|34|54000|720|100000|24|Retiree benefits offsetting personal deficits allows maintaining good standing despite modest wages|0|Retired|0|0|1.8518175589340937|10.896757843893464
CUST-5128|49|63000|820|80000|36|Recent windfall boosts investments balancing out previous risky ventures|0|Other|1|0|1.2698211139505722|11.050905878263567
CUST-6051|52|47000|770|75000|24|Unstable freelancer market affecting consistent employment status leads to default risk|1|Other|0|1|1.5957107295589457|10.757924157061597
CUST-6934|27|15000|580|22000|12|Student receives scholarship increasing disposable income beyond basic living needs|0|Student|0|0|1.4665688954069729|9.61587214452889
CUST-7829|39|71000|767|120000|60|Developer acquires new patent generating substantial royalties enhancing credibility score|0|Tech|0|0|1.6901170406050618|11.170449240431308
CUST-8465|53|80000|730|50000|36|Marketing professional dealing with lawsuits that threaten home ownership finances due to tight liabilities|1|Business|0|0|0.6249921875976551|11.289794413577894
CUST-9078|41|27000|640|40000|12|Art teacher inherits property which improves overall net worth after covering mortgage obligations|0|Education|0|0|1.4814266138291174|10.203629181337648
CUST-9743|36|69000|800|130000|48|Plumber settles legal fees causing temporary dip below essential spending thresholds resulting in poor rating [Note: High debt-to-income]|1|Trade|0|1|1.8840306662222286|11.141876276228
CUST-0045|45|60000|720|50000|48|Ventures into entrepreneurship; secured startup grant assists loan approval|0|Other|0|0|0.8333194446759221|11.002116507732017
CUST-0123|55|35000|690|30000|24|Household receives consistent bonus annually enhancing financial stability|0|Other|1|0|0.8571183680466272|10.463131911491967
CUST-0234|38|50000|760|70000|36|Recently promoted IT manager anticipates increased earnings due to career advancement|0|Business|0|0|1.3999720005599887|10.819798284210286
CUST-0345|22|28000|580|120000|12|A freelancer artist just sold her first piece at auction adds unexpected funds towards down payment|1|Service|0|0|4.285561229956073|10.239995502805316
CUST-0456|31|22000|650|100000|60|Student scholarships cover tuition fully eliminating education loans requirement|1|Student|0|0|4.545247943275306|9.99884318585288
CUST-0567|42|32000|600|140000|24|Retirement consultation reveals substantial investments boosting creditworthiness|1|Other|0|0|4.374863285522327|10.373522431293592
CUST-0678|29|42000|680|110000|48|New business partnership brings influx of finances increasing disposable monthly income [Note: History of late payments]|1|Business|0|0|2.6189852622556606|10.645448706505872
CUST-0789|48|26000|540|80000|36|Medical expenses covered through health insurance allowing better allocation toward home mortgage|1|Medical|1|1|3.076804738279297|10.165890277802454
CUST-0890|37|31000|670|130000|60|Landscaping firm owner secures property development deal positively impacting net worth|1|Business|0|0|4.193413115705945|10.34177474101152
CUST-0901|25|21000|590|90000|12|Real estate rental provides additional passive income after bankruptcies clear up|1|Real Estate|0|0|4.285510213799343|9.952325334619427
CUST-0912|53|40000|630|140000|48|Successful patent application leads to licensing agreement providing extra security deposit for house purchase [Note: erratic cash flow]|1|Other|0|1|3.499912502187445|10.596659732783579
CUST-0923|34|33000|710|120000|60|Frequent travel agent gains international assignment resulting in higher salary increment [Note: erratic cash flow]|1|Real Estate|0|1|3.6362534468652465|10.404293143019792
CUST-0934|27|24000|570|75000|24|Startup IPOs lead to significant profit distributions reducing immediate need for large loans [Asset: Co-signer Verified]|0|Other|0|0|3.124869797091788|10.085850775128717
CUST-0945|47|37000|640|135000|12|Teacher inheritance contributes directly to housing affordability plan|0|Education|1|0|3.6485500391881303|10.518700218288165
CUST-0956|52|25000|620|85000|60|Construction company CEO uses recent profits against owners equity stake sale proceeds [Note: History of late payments]|1|Trade|0|0|3.3998640054397824|10.12667110305036
CUST-0967|39|29000|650|120000|24|Promotion within law firm results in more lucrative position contributing greater liquidity for homeownership [Note: erratic cash flow]|1|Other|0|1|4.1377883521257885|10.275085591132715
CUST-0978|23|27000|550|77000|48|Local artisan craft market success allows sizable annual surplus benefiting long term goals [Note: History of late payments]|1|Other|0|0|2.851746231621051|10.203629181337648
CUST-0989|41|20000|560|68000|12|Private tutor finds demand increases pupil fees significantly improving household balance sheet [Note: High debt-to-income]|1|Education|0|1|3.399830008499575|9.90353755128617
CUST-0990|46|36000|660|115000|36|Bank executive overcomes previous unsecured lines leading to improved fiscal status post restructuring|1|Business|0|0|3.194355712341324|10.491301994830229
CUST-1001|30|43000|610|112000|60|Entrepreneurial venture yields enough returns covering both existing obligations plus future plans [Note: erratic cash flow]|1|Other|1|1|2.6045905909164904|10.668978650219241
CUST-1203|45|150000|680|300000|48|Medical bills due to recent surgery depleted personal finances significantly|1|Medical|0|1|1.999986666755555|11.918397239722838
CUST-0456|32|70000|780|90000|24|Teaching profession offers consistent salary; student loans paid off early through scholarships|0|Education|0|0|1.2856959186297339|11.156264806643742
CUST-8972|58|130000|810|200000|36|Artisan trade yields moderate earnings; inherited estate covers educational expenses|0|Real Estate|0|0|1.5384497042330443|11.775297421715827
CUST-2741|23|28000|540|60000|12|Retail work provides stable wages enabling prompt mortgage payoff despite modest credit score [Asset: Locked Savings]|0|Service|0|0|2.1427806149780366|10.239995502805316
CUST-6584|40|35000|690|120000|18|Plumbing business profits enable large investments while maintaining health insurance coverage [Note: erratic cash flow]|1|Business|1|1|3.428473472186509|10.463131911491967
CUST-3912|37|200000|760|80000|12|Dentistry practice generates significant net worth ensuring all obligations met comfortably without reliance on familial support|0|Other|0|0|0.39999800000999997|12.206077645517674
CUST-5208|55|45000|730|160000|48|Successful software engineering career allows luxury purchases beyond means suggested by traditional metrics [Note: History of late payments]|1|Tech|0|0|3.5554765449656673|10.714439990727769
CUST-7893|29|160000|840|80000|24|Finan0cial stability achieved postmaster position at local postal service facilitating homeownership plans|0|Service|0|0|0.4999968750195311|11.982935344196433
CUST-4621|52|31000|650|120000|60|Healthcare sector employment affords financial security sufficient to cover unexpected life events such as hospitalization [Note: History of late payments]|1|Other|0|0|3.870842876036257|10.34177474101152
CUST-8103|31|70000|750|140000|36|Consistent performance bonuses from sales role allow extravagant lifestyle choices contrary to advised standards [Note: History of late payments]|1|Business|0|0|1.999971428979586|11.156264806643742
CUST-0921|26|140000|700|110000|12|Bank employee benefits package compensates excessive spending habits leading up to current predicament [Note: History of late payments]|1|Other|0|0|0.7857086735094749|11.849404844423074
CUST-0456|32|70000|780|250000|24|Real estate agent accumulated wealth rapidly thanks to successful property transactions allowing substantial discretionary spendings [Note: High debt-to-income]|1|Real Estate|0|1|3.5713775517492605|11.156264806643742
CUST-1203|45|150000|680|300000|48|Entrepreneurship ventures into volatile market sectors expose individual to risk resulting in default|1|Other|0|0|1.999986666755555|11.918397239722838
CUST-8972|58|130000|810|160000|18|Business acumen fosters economic diversification reducing dependency on any single source of income yet facing unforeseen liabilities [Risk: Divorce settlement]|1|Business|0|1|1.2307597633864356|11.775297421715827
CUST-2741|23|28000|540|75000|12|Construction skills translate well outside industry normatives providing comfortable living conditions against odds [Asset: Locked Savings]|0|Trade|0|0|2.678475768722546|10.239995502805316
CUST-6584|40|35000|690|120000|12|Academic achievements paired with teaching experience grant fiscal latitude exceedingly above average expectations [Note: erratic cash flow]|1|Education|0|1|3.428473472186509|10.463131911491967
CUST-3912|37|200000|760|70000|12|Corporate ladder climbing results in disposable surplus capable of supporting risky behaviors that contravene conventional wisdom|0|Other|0|0|0.34999825000874996|12.206077645517674
CUST-5208|55|45000|730|140000|48|High turnover rates among IT consultants require adaptability which manifests itself financially during periods lacking predictability|1|Other|0|0|3.111041976844959|10.714439990727769
CUST-7893|29|160000|840|80000|24|Journalism accolades yield higher than expected remuneration balancing out potential pitfalls arising within creative industries [Risk: Casino addiction]|1|Other|0|0|0.4999968750195311|11.982935344196433
CUST-8103|31|70000|700|110000|36|Marketing expertise cultivates professional opportunities propelling individuals towards prosperous circumstances until encountering an obstacle|0|Business|0|0|1.5714061227696747|11.156264806643742
CUST-0921|26|140000|700|100000|12|Personnel management roles offer unique challenges requiring additional resources occasionally straying from typical benchmarks|0|Other|0|0|0.7142806122813409|11.849404844423074
CUST-1532|45|200000|710|110000|18|Public relations success translates to lucrative endorsements boosting household funds adequately meeting monthly dues|0|Other|0|0|0.5499972500137499|12.206077645517674
CUST-2109|37|75000|660|80000|36|Graphic designer thrives under freelance economy garnering ample clientele permitting regular settlings ahead|0|Service|0|0|1.0666524446340715|11.225256725762893
CUST-2841|29|40000|640|120000|24|Primary education teacher receives supplemental grants easing burdensome school fees keeping delinquency minimal|1|Education|0|0|2.9999250018749533|10.596659732783579
CUST-4287|32|50000|750|150000|60|Property manager excels managing multiple properties efficiently using rental revenues effectively clearing principal amounts regularly [Note: History of late payments]|1|Business|0|0|2.999940001199976|10.819798284210286
CUST-5103|26|60000|720|200000|12|Accountancy firm associate leverages precise bookkeeping practices promoting positive balance consistently satisfying creditor requirements [Note: erratic cash flow]|1|Other|0|1|3.3332777787036885|11.002116507732017
CUST-1143|35|150000|820|60000|48|The applicant faces unexpected healthcare expenses despite good credit score [Risk: Casino addiction]|1|Other|0|0|0.399997333351111|11.918397239722838
CUST-2567|42|25000|690|120000|72|A recent inheritance significantly improves financial stability after starting a business venture|0|Business|1|0|4.799808007679693|10.12667110305036
CUST-0984|27|80000|700|90000|24|Still building career momentum post university education without immediate need for extra funds|0|Education|0|0|1.1249859376757791|11.289794413577894
CUST-3208|55|50000|640|160000|36|Retired individual living off rental property investments showing positive asset trends|0|Real Estate|0|0|3.1999360012799745|10.819798284210286
CUST-7789|45|22000|620|55000|12|Professional chef utilizing skills to generate stable passive income alongside regular wages|0|Service|0|0|2.499886368801418|9.99884318585288
CUST-6342|38|180000|780|75000|60|Surgeon facing legal proceeding due to malpractice suit affecting finances negatively [Note: High debt-to-income]|1|Medical|0|1|0.41666435186471185|12.100717685412471
CUST-8921|48|30000|850|45000|24|Plumber leveraging trade expertise boosts earnings through successful small construction firm startup|0|Trade|0|0|1.4999500016666112|10.308985993422082
CUST-5619|23|130000|760|150000|48|Student receiving significant academic scholarship covering tuition fees reduces personal borrowing needs [Risk: Pending lawsuit]|1|Education|0|1|1.1538372781747832|11.775297421715827
CUST-0291|40|60000|710|25000|36|Teacher secures early endowment which alleviates educational loans burden leading to solidified employment status|0|Education|0|0|0.41665972233796106|11.002116507732017
CUST-4536|53|210000|790|90000|12|Bank manager receives trust fund resulting in reduced dependency on secured lending facilities [Risk: Divorce settlement]|1|Business|1|1|0.4285693877648202|12.25486757159303
CUST-3098|33|140000|830|120000|72|Driver accumulating windfalls via gig economy enabling better handling of large car payments|0|Trade|0|0|0.857136734737609|11.849404844423074
CUST-0123|45|27000|620|50000|12|Business background supports stable employment despite recent lawsuits related to franchise disputes|1|Business|0|0|1.8517832672863968|10.203629181337648
CUST-0456|55|22000|770|75000|36|Plumber experiencing decline due to over-reliance on volatile construction projects [Note: History of late payments]|1|Trade|0|0|3.408935957456479|9.99884318585288
CUST-0789|33|55000|820|100000|24|Teacher facing financial strain after major health expenses not covered by insurance|1|Education|1|0|1.8181487609316194|10.915106645867503
CUST-0234|50|110000|800|200000|48|Nursing assistant receives inheritance which greatly improves creditworthiness amid lower annual earnings|0|Other|1|0|1.81816528940646|11.608244735642321
CUST-0678|41|30000|700|50000|12|Student working part-time at cafe while dealing with personal bankruptcies affecting credibility|1|Student|0|0|1.6666111129629013|10.308985993422082
CUST-0912|29|48000|680|70000|24|Chef inheriting an estate providing unexpected funds mitigating prior unstable freelancing finances|0|Service|0|1|1.458302952021833|10.778977123006351
CUST-0543|60|80000|750|60000|12|Retiree managing investments successfully even though dependent solely on monthly social security payments|0|Retired|0|0|0.7499906251171861|11.289794413577894
CUST-0876|42|18000|500|30000|24|Consultant recently settled out of court regarding business litigation impacting ability to service new loans positively [Note: High debt-to-income]|1|Service|0|1|1.6665740792178212|9.798182590890704
CUST-0357|38|50000|650|40000|36|Artist utilizing royalty checks that cover most living expenses although currently undergoing probate process|0|Service|1|0|0.7999840003199936|10.819798284210286
CUST-0987|47|21000|600|45000|12|Driver turned entrepreneur whose vehicle accident claims have been resolved provides additional asset liquidity [Note: erratic cash flow]|1|Trade|0|1|2.1427551068996715|9.952325334619427
CUST-0284|31|45000|720|60000|24|Developer benefits significantly from trust fund distributions allowing more favorable lending conditions despite modest base salary|0|Tech|1|0|1.3333037043621252|10.714439990727769
CUST-0765|58|30000|580|75000|24|Banker affected negatively post divorce proceedings; however, property division includes substantial equitable distribution enabling better payment capacity|1|Real Estate|0|1|2.4999166694443518|10.308985993422082
CUST-0145|26|32000|610|80000|36|Waitress receiving regular bonuses boosts overall financials making her less susceptible to default given average local wages|0|Service|0|0|2.49992187744133|10.373522431293592
CUST-0618|39|40000|690|55000|48|Account executive navigates tight margins yet retains good standing thanks to consistent bonus programmes balancing higher risk profile against stronger capability|1|Business|1|0|1.3749656258593534|10.596659732783579
CUST-0829|22|25000|480|35000|24|Recent graduate starts their career right before market downturn leading to decreased immediate disposable income potential [Note: History of late payments]|1|Student|0|0|1.3999440022399103|10.12667110305036
CUST-0567|46|110000|810|220000|48|Entrepreneur who just closed venture deal gains considerable leverage financially offsetting previous years’ struggles linked to startup phase risks|0|Business|1|0|1.9999818183471059|11.608244735642321
CUST-0333|59|90000|790|150000|60|Marketing professional faces reduced profits following loss of key client partnerships causing temporary instability until alternative opportunities arise [Note: High debt-to-income]|1|Business|0|1|1.6666481483539073|11.407576060361786
CUST-0176|24|28000|550|50000|36|Professional using discretionary spending during lucrative project cycles allows maintaining reasonable liabilities despite irregular income patterns|0|Business|0|0|1.785650512481697|10.239995502805316
CUST-0931|48|42000|660|110000|24|Construction manager handling large firm restructuring obtains performance based windfalls increasing stability prospects when paired with solid operational history [Note: erratic cash flow]|1|Trade|0|1|2.6189852622556606|10.645448706505872
CUST-0844|40|75000|850|200000|24|Software developer benefiting from patent royalties reduces reliance on limited day-to-day revenues streamlining long term fiscal position markedly [Note: erratic cash flow]|1|Tech|0|1|2.666631111585179|11.225256725762893
CUST-0239|36|15000|570|30000|48|Delivery driver having multiple jobs covers basic needs sufficiently enough reducing perceived need for extra borrowing options especially considering occasional larger receipts [Asset: Locked Savings]|0|Trade|0|0|1.999866675554963|9.61587214452889
CUST-0581|44|35000|730|70000|12|Financial advisor sees improved wealth management strategies bolster confidence level expectedly resulting in safer credit application results|0|Other|0|0|1.9999428587754635|10.463131911491967
CUST-0398|27|47000|640|60000|24|Healthcare consultant secures promising research grant lifting up future economic forecast considerably easing short-term solvency concerns [Note: High debt-to-income]|1|Business|0|1|1.2765685836471565|10.757924157061597
CUST-0649|41|32000|630|30000|36|Academic teaching staff enjoys scholarship support helping stabilize household economy temporarily assisting responsible revolving credit usage decisions|0|Education|0|0|0.9374707040404987|10.373522431293592
CUST-0902|54|65000|780|160000|48|Pharmaceutical sales representative finds greater success through aggressive expansion strategy alleviating past difficulties ensuring reliable current profit margin maintenance|0|Business|0|0|2.46150059229858|11.082157933374816
CUST-0256|30|24000|520|40000|24|Real Estate Agent experiences rapid growth compensating earlier challenges faced owing to significant acquisition deals closing soon|0|Real Estate|0|0|1.6665972251156203|10.085850775128717
CUST-0198|46|160000|760|180000|12|Engineering technician tapping into company stock option plan reinforces net worth status quo potentially translating well onto secured lines of credit applications [Note: High debt-to-income]|1|Trade|0|1|1.124992968793945|11.982935344196433
CUST-0865|23|31000|530|200000|24|Journalism intern amassing impressive portfolio grants access to exclusive events likely heightening exposure value appreciably influencing positive judgment criteria used for approval consideration|1|Student|0|0|6.4514047933937615|10.34177474101152
CUST-0733|47|80000|670|120000|24|Opera singer accumulating patronage recognizes increased yearly donations establishing sustainable livelihood expectations moderately diminishing priority concern about indebtedness levels|0|Other|0|0|1.4999812502343721|11.289794413577894
CUST-9843|45|180000|780|100000|48|Retired couple facing unexpected healthcare expenses despite good credit score indicating possible default risk [Risk: Divorce settlement]|1|Retired|0|1|0.5555524691529492|12.100717685412471
CUST-2154|34|50000|680|140000|24|Health professional working long hours at university hospital struggles financially after lawsuits against practice suggest financial instability leading possibly towards unstable future earnings implying potential defaults|1|Education|0|1|2.7999440011199774|10.819798284210286
CUST-7389|27|32000|620|60000|36|Student tutor experiences sudden large inheritance which significantly improves their liquidity position making it unlikely they would struggle under normal circumstances suggesting stable payments ahead hence not likely to default|0|Education|1|0|1.8749414080809974|10.373522431293592
CUST-5628|59|75000|795|120000|24|Plumber experiencing rapid growth within construction sector secures venture capital investment pointing toward an asset boom that can offset any shortfalls thereby reducing chances of delinquency|0|Trade|1|0|1.5999786669511074|11.225256725762893
CUST-3910|52|26000|650|52000|24|Business consultant inheriting significant amounts through estate planning reduces immediate pressure on finances ensuring consistent payment capability even though current situation might imply otherwise|0|Business|0|0|1.999923079881543|10.165890277802454
CUST-1134|41|80000|760|160000|48|Teacher receives substantial insurance settlement post accident enhancing overall wealth status increasing ability to meet obligations thus maintaining non-default standing|0|Education|1|0|1.999975000312496|11.289794413577894
CUST-0891|37|40000|690|80000|12|Chef who recently received dividends from trust fund operations enjoys improved solvency indicators predictive of regular disbursements avoiding negative outcomes|0|Service|1|0|1.9999500012499687|10.596659732783579
CUST-2043|22|28000|600|30000|36|Service industry employee hit hard during pandemic faces bankruptcy yet secured business loans supporting continuation signaling robust recovery prospects preventing failure scenario|0|Service|0|0|1.0713903074890183|10.239995502805316
CUST-8875|47|77000|820|150000|24|Medical assistant dealing with divorce proceedings finds themselves unable to cover new liabilities given past commitments reflecting heightened chance of missing dues|1|Medical|0|1|1.9480266490045584|11.251573687764477
CUST-0432|31|55000|720|130000|48|Factory Worker having windfall gain thanks to company sale takes proactive steps securing his lifestyle demonstrating reduced likelihood of lapses into arrears|0|Trade|1|0|2.3635933892111054|10.915106645867503
CUST-6527|26|31000|640|42000|24|Artist whose recent exhibition sold pieces fetches higher price boosting personal reserves assuaging concerns over meeting monthly installments presuming no decline soon|0|Service|0|0|1.35479500661269|10.34177474101152
CUST-4189|39|73000|810|170000|36|Driver accumulating bonuses shows strengthening financial state lessens fearfulness about falling behind potentially causing missed timely transactions|0|Trade|0|0|2.328735222805167|11.19822841866684
CUST-5481|28|22000|590|28000|12|Accountant benefits greatly from receiving bonus compensation confirming solid performance expectancy correlates directly with reliable transaction conduct without failures|0|Business|1|0|1.2726694241170855|9.99884318585288
CUST-6790|55|82000|850|160000|24|Real Estate Agent profits handsomely off market upturn reinforces capacity to honor agreements signifying positive trends away from risky scenarios|0|Real Estate|0|0|1.9511957171254009|11.314486721293981
CUST-9273|23|37000|630|29000|36|Marketing Specialist gains promotions elevated salary level affirms better handling of fiscal responsibilities portending favorable deal closure rate|0|Other|0|0|0.7837626010107835|10.518700218288165
CUST-3812|46|68000|750|145000|24|Journalist landing book deals amasses additional resources minimizing possibility of delayed payments anticipating continued success in publishing endeavors|0|Other|0|0|2.132321583506125|11.127277689932466
CUST-8294|44|20000|550|35000|48|Software Developer invested in coding bootcamp pays forward skills resulting in increased employment opportunities diminishing reliance on existing creditor sources mitigating late fees occurrences|0|Tech|0|0|1.7499125043747812|9.90353755128617
CUST-1245|33|50000|660|160000|12|Financial Advisor leverages strategic stock options increase net worth enough to comfortably manage scheduled deductions eliminating concern for compromised punctuality|1|Other|0|0|3.1999360012799745|10.819798284210286
CUST-2938|51|85000|768|200000|24|Pilots benefitting from airline merger receive hefty signing bonuses allowing easy navigation around economic downturn impacting typical consumer spending habits positively influencing forecasted dependability regarding monetary engagements|0|Other|0|0|2.3529134951353514|11.350418300109132
CUST-8831|36|79000|780|170000|24|Consultant hones expertise using online certifications attaining recognition translating well when engaging clients leads to sustained profit margins negating reasons for delay in settling accounts regularly|0|Business|0|0|2.1518714952975277|11.277215789596893
CUST-7463|30|27000|600|33000|12|Dishwasher team member gets promoted creating opportunity for side gig supplementing wage stream guaranteeing extra funds dedicated consistently contributing to guaranteed periodic bill fulfillment|0|Other|0|0|1.222176956409022|10.203629181337648
CUST-9324|45|70000|770|150000|48|Nutrition Consultant acquires corporate sponsorship via diet plan endorsement providing security blanket easing worries related to billing deadlines considering clientele loyalty remains steadfast|0|Business|0|0|2.1428265310495562|11.156264806643742
CUST-6210|29|32000|670|38000|36|Hospital Administrator increases efficiency utilising latest management software lowering operational overhead leaving more room for covering upcoming lease agreement premiums confidently expecting smooth sailing throughout subsequent periods|0|Tech|0|0|1.1874628917846317|10.373522431293592
CUST-0587|24|23000|580|27000|12|Construction Manager harnessing value engineering techniques achieves project win rates greater yields yielding surplus disposable income sufficient to support imminent mortgage refinancing process evidencing sound borrower profile|0|Trade|0|0|1.173862005999739|10.043292972227004
CUST-5731|37|87000|830|180000|24|Advertisement Agency owner lands major account lifting agency’s reputation bolsters confidence among stakeholders facilitating lucrative partnerships generating continuous influx safeguarding routine remittance protocol fidelity|0|Business|0|0|2.0689417363018814|11.373674891823535
CUST-8976|46|65000|730|160000|24|Public Relations Professional obtains international media coverage amplifies brand image results in expanded customer base fortifying recurring service subscription scheme effectively circumventing probable breach incidents|0|Service|0|0|2.46150059229858|11.082157933374816
CUST-7314|23|24000|610|28000|12|Event Planner diversifies services offering unique experience attracts niche crowd propelling event frequency escalating available collateral permitting assured prompt reconciliation before each occasion|0|Other|0|0|1.1666180575809342|10.085850775128717
CUST-3491|52|71000|800|140000|48|Physician learns advanced robotics surgery technique enhances precision slashes operating time raising patient volume augmenting revenues decreasing probability of owning excess inventory triggering sales reduction necessitating borrowing facility usage rendering full balance transfer imperative to preserve clinic operation viability|1|Medical|0|0|1.971803214039239|11.170449240431308
CUST-9058|28|29000|590|25000|12|Aerospace Technician innovates fuel efficient engine design cutting emissions meets stringent environmental standards opening doors to eco-friendly subsidies fostering stability in annual turnaround receivables keeping close tabs on incoming flows precluding lapse conditions|0|Trade|0|0|0.862039240026206|10.275085591132715
CUST-0054|52|20000|650|60000|24|Healthcare industry executive facing divorce proceedings impacting discretionary spending|1|Business|0|1|2.999850007499625|9.90353755128617
CUST-1827|35|75000|775|200000|72|Real estate developer inherits property increasing net worth substantially despite multiple business liabilities|1|Tech|0|0|2.666631111585179|11.225256725762893
CUST-0431|45|28000|600|30000|36|Nursing home care expenses complicate patient’s ability to manage large mortgage payments effectively [Note: High debt-to-income]|1|Other|0|1|1.0713903074890183|10.239995502805316
CUST-2179|28|15000|580|150000|48|Dental surgeon accumulates student loans yet maintains stable practice yield sufficient income [Note: History of late payments]|1|Medical|0|0|9.999333377774814|9.61587214452889
CUST-0853|60|32000|800|120000|24|Plumber secures windfall bonus allowing extravagant purchases while incurring significant overdue bills [Note: History of late payments]|1|Trade|1|0|3.749882816161995|10.373522431293592
CUST-3078|22|22000|680|100000|24|Teacher benefits offset lower salary enabling consistent investment contributions post taxation [Note: History of late payments]|1|Education|0|0|4.545247943275306|9.99884318585288
CUST-0745|39|18000|570|70000|36|Marketing manager encounters lawsuit related workplace incident necessitating legal fees compromising liquidity position|1|Business|0|1|3.8886728515082494|9.798182590890704
CUST-2314|26|50000|720|80000|48|Graphic designer receives royalty checks after project completion bolstering asset pool amid variable earnings periodically|0|Service|1|0|1.5999680006399872|10.819798284210286
CUST-0982|50|25000|690|140000|60|Bankrupt entrepreneur faces insolvency issues although recently acquired startup profitable [Note: erratic cash flow]|1|Business|0|1|5.599776008959641|10.12667110305036
CUST-0456|27|30000|650|200000|24|Accountant uses inheritance to clear outstanding accounts receivables ensuring future solvency prospects remain bright|0|Business|1|0|6.666444451851605|10.308985993422082
CUST-1532|41|31000|660|130000|72|Software analyst pays off existing car financing ahead of schedule thanks to performance bonuses reducing interest burdens significantly [Note: erratic cash flow]|1|Tech|0|1|4.193413115705945|10.34177474101152
CUST-0289|31|70000|760|400000|48|Engineering consultant unexpected hospitalization results in temporary loss of primary source of monthly income creating payment difficulties [Note: erratic cash flow]|1|Business|0|1|5.714204082798817|11.156264806643742
CUST-2463|23|13000|550|60000|24|Retail store owner deals with slump sales leading to missed loan installment deadlines though holds valuable inventory stock|1|Service|0|0|4.615029613106684|9.472781556562168
CUST-0678|48|27000|620|100000|36|Photographer invests heavily into new camera equipment resulting in delayed rent payment during transition phase [Note: erratic cash flow]|1|Other|0|1|3.7035665345727935|10.203629181337648
CUST-1726|32|80000|780|210000|48|Surgeon takes up part-time tutorship supplementing current household income assuaging previous unsecured lines secured against appreciating properties [Note: erratic cash flow]|1|Medical|0|1|2.6249671879101513|11.289794413577894
CUST-0541|33|22000|590|180000|24|Chemist leverages recent successful patent application boosting portfolio value beyond initial expectation facilitating refinancing options [Note: erratic cash flow]|1|Other|0|1|8.18144629789555|9.99884318585288
CUST-2849|47|24000|610|160000|60|Pilots receive trust fund support alleviating immediate living expenses even faced with potential flight school tuition increase|1|Other|1|0|6.666388900462481|10.085850775128717
CUST-0293|34|14000|560|50000|48|Art teacher experiences reduced gallery exhibitions causing diminished freelance artwork revenues making it challenging to honor short-term commitments [Note: History of late payments]|1|Education|0|0|3.571173487608028|9.546884034617925
CUST-0857|55|32000|750|250000|36|Driver recovering royalties from published memoir improving overall wealth distribution allows better management of long term obligations|1|Trade|0|0|7.812255867004156|10.373522431293592
CUST-1986|29|62000|700|120000|24|Financial planner attains modest profitability uptick assisted by clientele diversification strategies easing prior heavy reliance on volatile sectors|0|Other|0|0|1.9354526539894519|11.034905792929415
CUST-0365|38|20000|560|110000|24|Construction supervisor utilizes court judgement favorably resolves previously disputed wage claims augmenting disposable funds available [Note: High debt-to-income]|1|Trade|0|1|5.4997250137493126|9.90353755128617
CUST-0142|26|29000|670|150000|48|Mechanic applies knowledge gained from self-financed apprenticeship program gainfully entering market competing higher end repair services [Note: History of late payments]|1|Trade|0|0|5.172235440157236|10.275085591132715
CUST-1623|44|26000|630|130000|72|Student athlete turns pro receiving sports scholarship covering education plus additional stipends lessening preexisting delicate balance sheet strains|1|Student|0|0|4.999807699703857|10.165890277802454
CUST-0789|52|18000|640|170000|36|Consultant negotiates equity shares deal providing security blanket safeguarding firm stability thus permitting aggressive growth approach [Note: High debt-to-income]|1|Business|0|1|9.443919782234321|9.798182590890704
CUST-2467|21|45000|710|220000|24|Event organizer gifts birthday celebration treasure trove helping cover event sponsors advance beforehand agreed upon discount rate|1|Other|0|0|4.888780249327793|10.714439990727769
CUST-0418|46|28000|660|190000|36|Technician obtains venture backers supporting rapid scaling operations relieving pressure caused by inconsistent product cycle returns [Note: History of late payments]|1|Trade|1|0|6.785471947430449|10.239995502805316
CUST-0834|37|16000|550|120000|24|Hospital administrator acquires nonprofit grant promoting community health initiatives streamlining facility operation budgets excessively stretch thin [Asset: Insurance Payout]|0|Other|1|0|7.499531279295044|9.680406499268875
CUST-1875|25|27000|650|130000|72|Probation officer starts small online coaching service generating side income balances weekly assignments duties efficiently managed along life skills mentoring roles|1|Service|0|0|4.814636494944632|10.203629181337648
CUST-0641|36|24000|730|140000|48|Private investigator launches cybersecurity awareness training course combining passion projects with lucrative educational offerings elevating credibility profile furthermore instilling confidence among prospective clients eager to secure their digital footprint defensively|1|Tech|0|0|5.83309028790467|10.085850775128717
CUST-2019|55|18000|720|50000|36|Bankrupt due to unforeseen legal fees despite good credit score [Note: History of late payments]|1|Other|0|0|2.7776234653630354|9.798182590890704
CUST-3440|36|65000|780|70000|24|Student works part time while paying off education loans consistently well within limits|0|Student|0|0|1.0769065091306287|11.082157933374816
CUST-7893|47|28000|690|30000|24|Frequent travel nurse facing financial instability after returning home less frequently [Note: History of late payments]|1|Medical|0|0|1.0713903074890183|10.239995502805316
CUST-4561|30|32000|770|150000|48|Healthcare professional inherits estate providing ample funds post inheritance tax relief|0|Business|1|0|4.687353520202493|10.373522431293592
CUST-8823|50|21000|640|40000|12|Retired teacher benefits from windfall dividends unexpected bonus checks|0|Education|1|0|1.9046712061330413|9.952325334619427
CUST-0907|62|27000|750|48000|18|Consultancy firm executive suffers sudden market crash leading to default amid overextended leverage|1|Business|0|0|1.777711936594941|10.203629181337648
CUST-5521|22|12000|620|16000|24|Plumber gains substantial insurance settlement which significantly improves finances|0|Trade|1|0|1.3332222314807098|9.392745258631441
CUST-0391|41|29000|760|75000|48|Software developer receives trust fund distribution alleviating previous salary constraints [Note: High debt-to-income]|1|Tech|1|1|2.586117720078618|10.275085591132715
CUST-6782|38|30000|700|40000|12|Art dealer pays off large collection sale quickly resulting in no outstanding obligations|0|Other|0|0|1.333288890370321|10.308985993422082
CUST-1234|25|19000|670|140000|12|Mechanics face divorce proceedings draining their resources causing a status shift|1|Other|0|1|7.3680332614072945|9.852246888342531
CUST-5562|43|23000|710|25000|24|Accountant finds new employment increasing monthly earnings allowing better asset management|0|Business|0|0|1.0869092648145733|10.043292972227004
CUST-7689|58|20000|680|45000|48|Dental practice owner faces lawsuit during economic downturn impacting liquidation capacity|1|Business|0|1|2.2498875056247187|9.90353755128617
CUST-8901|34|31000|650|50000|18|Chef utilizes patent royalties covering living expenses ahead of schedule leaving surplus|0|Service|0|0|1.6128511983484404|10.34177474101152
CUST-0246|27|27000|730|26000|24|Junior IT consultant accumulates consistent bonuses establishing solid payment history|0|Business|0|0|0.9629272989889264|10.203629181337648
CUST-0987|37|26000|720|47000|24|Professional athlete lands lucrative endorsement deals ensuring stable repayments|0|Business|0|0|1.807622783739087|10.165890277802454
CUST-0432|39|22000|690|35000|48|Real Estate agent secured property flip profits effectively clearing all dues early|0|Real Estate|0|0|1.590836780146357|9.99884318585288
CUST-0765|49|28000|740|38000|12|Nursing assistant takes advantage of educational grant eliminating student debt|0|Student|0|1|1.3570943894860898|10.239995502805316
CUST-0112|21|24000|660|23000|24|Entrepreneurial businessperson leverages venture capital investment balancing risk|0|Other|1|0|0.9582934044414816|10.085850775128717
CUST-0339|32|17000|610|27000|24|Programming expert benefiting from stock options settles accounts quicker than expected|0|Other|0|0|1.5881418740074114|9.741027444837728
CUST-0674|52|25000|650|52000|18|Pilot affected financially by airline bankruptcy still maintains positive trajectory through inherited wealth|0|Other|0|0|2.0799168033278668|10.12667110305036
CUST-0886|33|19000|630|20000|24|Construction supervisor gets extra compensation via project completion premiums staying afloat without trouble|0|Trade|0|0|1.052576180201042|9.852246888342531
CUST-1221|45|24000|720|55000|18|Marketing director secures sizable promotional advance helping avoid defaults completely|0|Other|0|0|2.2915711845339777|10.085850775128717
CUST-0375|28|31000|760|70000|48|Hospital administrator collects significant performance bonus facilitating timely full repayment|0|Other|1|0|2.2579916776878166|10.34177474101152
CUST-0236|35|18000|620|42000|12|Financial advisor manages modest returns optimizing portfolio against volatile economy successfully|0|Other|0|0|2.3332037109049497|9.798182590890704
CUST-0932|24|16000|600|22000|24|Teacher starts tutoring services supplementing meager school wages enough for dependents|0|Education|0|0|1.374914067870758|9.680406499268875
CUST-0468|40|26000|700|40000|12|Driver operates rideshare gig efficiently generating more income relative to traditional driving jobs|0|Trade|0|0|1.5384023691396485|10.165890277802454
CUST-0842|31|20000|630|29000|24|Graphic designer becomes freelancer boosting workload leads directly towards faster equitable balance|0|Service|0|0|1.4499275036248187|9.90353755128617
CUST-0791|44|21000|640|43000|12|Engineer participates in profit sharing plan stabilizing personal fiscal health remarkably fast|0|Tech|0|0|2.0475215465930194|9.952325334619427
CUST-0153|26|15000|610|17000|24|Air conditioning technician acquires side hustle creating additional disposable income promptly satisfying liabilities|0|Trade|0|0|1.133257782814479|9.61587214452889
CUST-0543|36|22000|710|30000|12|Pharma sales representative harnesses year-end bonuses closing account at zero before holiday season begins|0|Business|0|0|1.3635743829825917|9.99884318585288
CUST-0682|50|23000|670|35000|12|Private chef covers basic needs using tips received encouragingly securing her future|0|Service|0|0|1.5216729707404026|10.043292972227004
CUST-0964|23|17000|600|16000|24|Trade show organizer negotiates higher commission rates enhancing net worth beyond original estimates|0|Other|0|0|0.9411211105229104|9.741027444837728
CUST-0217|41|27000|680|46000|18|Oncology researcher discovers breakthrough study reducing mortality rate thus gaining recognition grants|0|Other|0|0|1.703640605903485|10.203629181337648
CUST-0892|37|28000|690|39000|12|Automotive parts distributor diversifies into ecommerce rapidly growing revenues sufficient even above projections|0|Other|0|0|1.3928073997357238|10.239995502805316
CUST-0345|27|19000|620|25000|24|Business analyst invests residuals wisely achieving exceptionally rapid growth exceeding initial forecasts|0|Business|0|0|1.3157202252513025|9.852246888342531
CUST-0763|42|24000|660|44000|18|Highway maintenance crew member uses apprenticeship stipend making ends meet sooner rather than later|0|Other|0|0|1.8332569476271823|10.085850775128717
CUST-0410|38|23000|650|37000|12|Architectural draftsperson enhances reputation designing niche residential projects accelerating prosperity|0|Other|0|0|1.6086257119255685|10.043292972227004
CUST-0601|51|25000|630|33000|12|Corporate lawyer attains partnership position expanding scope of responsibilities assists clientele aggressively elevating profile|0|Other|0|0|1.3199472021119156|10.12667110305036
CUST-0132|29|18000|600|21000|24|School principal applies teaching experience prudent spending habits reach comfortable level earlier predicted|0|Education|0|0|1.1666018554524749|9.798182590890704
CUST-0567|43|26000|700|47000|12|Data center manager transitions role handling cloud infrastructure streamlines operations maximize efficiency effectuating stability swiftly|0|Tech|0|0|1.807622783739087|10.165890277802454
CUST-1103|55|65000|680|150000|48|Student teaching assistant struggles after lawsuit impacting finances though having inheritance safety net|0|Education|1|1|2.307656805279919|11.082157933374816
CUST-2204|37|50000|610|250000|36|Tech professional dealing with overdue payments amid rapid growth phase at work [Note: erratic cash flow]|1|Tech|0|1|4.99990000199996|10.819798284210286
CUST-3305|28|32000|490|80000|12|Retired nurse receives unexpected insurance payment helping alleviate current loans burden|0|Medical|1|0|2.49992187744133|10.373522431293592
CUST-4406|42|80000|760|100000|12|Plumber experiencing stable earnings post major legal dispute resolution showing improved outlook|0|Trade|0|0|1.2499843751953101|11.289794413577894
CUST-5507|22|25000|590|120000|12|Service industry employee benefiting from windfall dividends easing monthly expenses [Note: High debt-to-income]|1|Service|1|1|4.799808007679693|10.12667110305036
CUST-6608|34|78000|730|200000|12|Account executive recovering quick from divorce through trust funds set aside improving their fiscal health|1|Business|1|1|2.5640696914142125|11.264476926102367
CUST-7709|26|22000|550|40000|12|Consultant finds solace in bonus reflective of annual performance success assisting personal liabilities|0|Business|1|0|1.8180991773101223|9.99884318585288
CUST-8810|48|67000|710|140000|24|Surgeon’s practice yields lucrative bonuses resulting in reduced need for external financing options|0|Medical|0|0|2.0895210519245984|11.112462823634855
CUST-9911|23|19000|530|35000|12|Business owner receiving royalty checks boosts ability to manage existing obligations effectively [Asset: Inheritance Trust]|0|Business|1|0|1.8420083153518236|9.852246888342531
CUST-0012|39|79000|750|160000|12|Journalist inherits property leading to increased disposable income facilitating better handling of previous bad debts|0|Real Estate|0|0|2.0252908191035557|11.277215789596893
CUST-1113|51|62000|680|150000|12|Waitress secures substantial book deal enhancing liquidity situation allowing early satisfaction of debt|0|Service|0|1|2.419315817486815|11.034905792929415
CUST-2214|46|81000|740|120000|12|Designer benefits from successful product launch translating into higher clientele spending power reducing necessity for further borrowing|0|Service|0|0|1.4814631918124468|11.302216779257382
CUST-3315|30|26000|560|120000|12|Driver accrues asset value surpassing car replacement needs via sale profits lessening lender reliance [Asset: Locked Savings]|0|Trade|0|0|4.615207107418946|10.165890277802454
CUST-4416|27|23000|520|220000|12|Engineer acquires patent rights streamlining potential future revenues mitigating present indebtedness risks|1|Tech|0|0|9.564801530368245|10.043292972227004
CUST-5517|24|35000|580|180000|12|Marketing expert gains corporation sponsorship supporting continued operations while servicing prior commitments|1|Other|0|0|5.142710208279763|10.463131911491967
CUST-6618|31|50000|690|100000|12|Pharmacist involved in clinical trial achieves remuneration which permits smoother transition away from past monetary stressors|0|Medical|0|0|1.999960000799984|10.819798284210286
CUST-7719|35|83000|770|110000|12|Developer secured venture investment increasing confidence regarding immediate risk reduction capacity|0|Tech|1|0|1.3252852375272588|11.326607934898927
CUST-8820|47|65000|670|270000|12|Contractor gets an equitable share during business dissolution providing sufficient leverage against former creditor expectations [Note: History of late payments]|1|Business|0|0|4.153782249503854|11.082157933374816
CUST-9921|21|17000|500|80000|12|Graphic designer purchasing equipment uses estate planning strategy ensuring long term economic stability beyond initial constraints|1|Service|0|0|4.705605552614552|9.741027444837728
CUST-0022|36|72000|720|230000|12|Pilot resolves aviation accident claim successfully diminishing overall operational deficit [Note: High debt-to-income]|1|Other|0|1|3.1944000777766974|11.184435286790631
CUST-1123|52|70000|700|240000|24|Attorney obtains favorable court ruling amassing excess fees accelerates clearance off remaining dues [Note: History of late payments]|1|Other|0|0|3.4285224496792903|11.156264806643742
CUST-2224|43|64000|660|260000|12|Hospital administrator taps reserves established under new employment arrangement preventing undue pressure towards endowment security goals [Note: History of late payments]|1|Other|0|0|4.062436524429306|11.06665398721974
CUST-3325|37|77000|780|210000|12|Finan0cial planner accumulates appreciation returns reinforcing position making it feasible to uphold regular disbursements without hindrance [Note: erratic cash flow]|1|Other|0|1|2.727237308606382|11.251573687764477
CUST-4426|29|27000|510|130000|12|Real estate agent securing title deeds generates additional wealth promoting autonomous management free from historical encumbrances [Note: History of late payments]|1|Real Estate|0|0|4.814636494944632|10.203629181337648
CUST-5527|28|34000|640|170000|12|Chemist inventory increases sales prospectively decreasing dependence on previously held stock valuations beforehand necessities were met [Note: History of late payments]|1|Business|0|0|4.999852945501603|10.434145214930487
CUST-6628|32|78000|700|280000|12|Construction supervisor captures city development project profit margin heightens capability address preexisting pecuniary barriers [Note: erratic cash flow]|1|Trade|0|1|3.5896975679798975|11.264476926102367
CUST-7729|41|69000|730|190000|12|Architectural firm partnership agreement raises individual compensation level contributing positively toward eradicating residuals linked to earlier phases of career progression|1|Other|0|0|2.7535832814017187|11.141876276228
CUST-8830|49|61000|650|200000|12|Software developer participates in startup acquisition augmenting company stake fostering optimism about eventual full release from erstwhile responsibilities [Note: High debt-to-income]|1|Tech|0|1|3.278634776479074|11.0186455364637
CUST-9931|23|21000|540|90000|12|Biologist engages in research grant finalization process yielding non-negligible extra resources available immediately eases upstanding balance concerns [Asset: Inheritance Trust]|0|Other|1|0|4.285510213799343|9.952325334619427
CUST-4521|35|80000|680|120000|24|Patient undergoing major surgery facing significant expenses beyond insurance coverage [Note: erratic cash flow]|1|Other|1|1|1.4999812502343721|11.289794413577894
CUST-5789|26|110000|770|30000|36|Plumber’s stable business yield leads to healthier balance sheet allowing secured home equity financing [Risk: Casino addiction]|1|Trade|0|0|0.272724793410969|11.608244735642321
CUST-6432|44|28000|720|60000|24|Dentistry practice generates consistent profit enabling early investment return through venture capital trust fund interest|0|Other|1|0|2.1427806149780366|10.239995502805316
CUST-7654|52|22000|640|40000|24|Nurse secures an inheritance easing initial mortgage burden while maintaining modest spending habits|0|Medical|1|0|1.8180991773101223|9.99884318585288
CUST-8376|49|150000|750|150000|48|Executive managing lucrative consultancy gains bonuses facilitating premium asset acquisition without overextending finances|0|Business|0|0|0.9999933333777775|11.918397239722838
CUST-9102|68|45000|710|120000|60|Retiree faces unexpected legal fees despite sizable life annuity offsetting immediate liquidation risks|1|Retired|0|0|2.6666074087242504|10.714439990727769
CUST-1045|30|25000|690|10000|24|Student teacher finds relief via educational grants complemented by part-time work earnings ensuring timely payment capability|0|Education|0|0|0.3999840006399744|10.12667110305036
CUST-1137|29|85000|740|160000|24|Tech industry professional leverages stock options resulting in increased disposable wealth securing favorable refinancing rates|0|Tech|0|0|1.8823307961082811|11.350418300109132
CUST-1298|47|130000|650|50000|12|Construction worker benefits from local union welfare program reducing monthly installments feasibly within current salary range|0|Trade|0|0|0.38461242605826107|11.775297421715827
CUST-1354|38|180000|780|180000|24|Bankrupt plumber utilizes creditor support system which allows settling past dues incrementally aligned with future project bids|0|Trade|0|0|0.9999944444753085|12.100717685412471
CUST-1426|22|12000|660|24000|24|Art student receives scholarship assistance covering tuition fully mitigating short term need for loans|0|Student|0|0|1.999833347221065|9.392745258631441
CUST-1590|27|110000|760|320000|24|Service provider accumulates substantial clientele leading to considerable surplus funds adequately supporting luxury car purchase [Risk: Casino addiction]|1|Service|0|0|2.9090644630503357|11.608244735642321
CUST-1648|33|98000|720|45000|24|Chef qualifies for culinary competition prize pool that covers existing hospital bill plus additional leis compositional requirements|0|Service|0|0|0.4591789879695105|11.49273296168228
CUST-1702|41|50000|700|10000|24|Designer employed at prominent firm enjoys yearly bonus contributing towards holiday package payoff strategy|0|Service|1|0|0.1999960000799984|10.819798284210286
CUST-1821|36|170000|790|170000|24|Business owner draws upon robust sales figures promoting growth potential enables reinvestment into expanding operations [Risk: Hidden liabilities]|1|Business|0|0|0.9999941176816607|12.04355959836804
CUST-1953|31|120000|670|35000|24|Trusted account executive channels windfalls into diversified portfolio boosting overall net worth sustainably|0|Business|0|0|0.29166423613136555|11.695255355062795
CUST-2067|25|75000|700|50000|24|Mechanic acquires profitable auto repair franchise permitting advance against equipment purchases effectively balanced out revenues|0|Trade|0|0|0.6666577778962948|11.225256725762893
CUST-2178|21|105000|680|120000|24|Pilot benefiting from airline merger deal obtains severance agreement providing necessary buffer until new career establishment|0|Other|0|0|1.142846258607061|11.561725152903833
CUST-2283|40|140000|770|140000|24|Healthcare administrator achieves peak performance evaluation triggering loyalty increase assists during unforeseen liabilities management|0|Other|0|0|0.9999928571938772|11.849404844423074
CUST-2399|28|160000|800|160000|24|Consultant engages third party services proactively resolving complex cases establishes goodwill among clients prompting repeat engagements|0|Business|0|0|0.9999937500390622|11.982935344196433
CUST-2446|45|200000|730|200000|24|Journalist lands exclusive interview rights generating sizeable fee enhances living standards significantly diminishes dependence on traditional lender relations|0|Other|0|0|0.9999950000249999|12.206077645517674
CUST-2532|42|95000|660|110000|24|Software developer negotiated better employment conditions post successful product launch reduces reliance on external borrowing greatly improves fiscal discipline|0|Tech|0|0|1.1578825486047515|11.461642696843066
CUST-2603|34|180000|750|180000|24|Engineering technician receiving company dividends can afford superior education grant eliminates necessity for prior longstanding school loans soon after attaining degree accolades [Risk: Large gambling debt]|1|Trade|0|1|0.9999944444753085|12.100717685412471
CUST-2677|23|130000|690|130000|24|Freelance designer captures large commission finalizing projects ahead schedule fortifying reserve reserves enough cover all recurring commitments|0|Service|0|0|0.9999923077514788|11.775297421715827
CUST-2789|39|210000|740|210000|24|Real estate agent maximizes seasonal property influx creating ample downpayment margin operates independently minimized risk exposure|0|Real Estate|0|0|0.9999952381179137|12.25486757159303
CUST-2854|26|260000|810|260000|24|Veterinarian practices clinics reach annual targets secure raise compensatory adjustment negating requirement for supplemental advances [Risk: Large gambling debt]|1|Other|0|1|0.9999961538609466|12.468440756144114
CUST-2937|46|190000|720|190000|24|Aerospace expert applies technical certification gain full benefit precludes urgent dependency on monetary institutions stabilize ascending trajectory well before planned departure date|0|Other|0|0|0.999994736869806|12.154784614286667
CUST-3045|37|170000|730|170000|24|Property manager successfully executes sale exceeding expected valuation provides sufficient collater0ral security removes pressure associated with regular rental deficits completely satisfies obligations imminently set forth period ends punctually|0|Business|0|0|0.9999941176816607|12.04355959836804
CUST-1973|45|28000|690|15000|12|Retired nurse receiving consistent monthly payments despite modest earnings before service|1|Medical|0|0|0.5356951537445092|10.239995502805316
CUST-0567|36|34000|720|100000|36|Startup consultant secured venture investment after graduation boosts finances significantly [Note: History of late payments]|1|Business|1|0|2.941089967942119|10.434145214930487
CUST-1456|40|49000|800|140000|36|Dentist inherits property which greatly increases net worth without affecting current obligations much [Note: History of late payments]|1|Medical|0|0|2.857084549294912|10.799595985047786
CUST-0728|38|52000|700|110000|24|Real estate agent gets windfall sale price leading to improved financial position while handling mortgage responsibly|0|Real Estate|1|0|2.115343935693544|10.859018228147887
CUST-0930|55|43000|650|70000|48|Business owner dealing with legal fees due to lawsuit resolves quickly allowing focus back onto business growth plans|1|Business|0|1|1.6278691193228065|10.668978650219241
CUST-2401|27|31000|560|60000|36|Freelance software developer receives substantial bonus increasing disposable income amid uncertain project outcomes|0|Tech|1|0|1.9354214380181285|10.34177474101152
CUST-0882|46|50000|760|150000|24|Account executive secures large corporate client causing significant leap forward financially even though overloaded workload may lead to stressful situations [Note: History of late payments]|1|Business|0|0|2.999940001199976|10.819798284210286
CUST-0392|32|29000|610|50000|24|Bank manager benefits from early performance bonuses reflecting positive quarter results although personal spending remains conservative|0|Business|0|0|1.724078480052412|10.275085591132715
CUST-1582|53|47000|740|90000|12|Plumber acquires new equipment through asset appreciation expected within six months potentially enhancing efficiency and sales volume|0|Trade|0|0|1.9148528754707346|10.757924157061597
CUST-2713|21|21000|540|30000|24|Waitress gains stability working full time yet faces fluctuating customer counts impacting tips variably each night|0|Service|0|0|1.4285034045997809|9.952325334619427
CUST-0654|50|55000|790|130000|48|Consultant settles past credit card balances; lifestyle changes ensuring reduced expenses going into next year ahead of possible layoffs|0|Business|0|0|2.3635933892111054|10.915106645867503
CUST-2043|44|41000|680|80000|36|Art teacher opens own gallery finally achieving profitability beyond mere subsistence level post long struggle years ago|0|Education|0|0|1.9511719226360333|10.62135173563291
CUST-1934|37|36000|670|65000|24|Chef starts food truck gaining popularity rapidly improving liquidity status markedly compared to previous restaurant employment|0|Service|0|0|1.8055054026277049|10.491301994830229
CUST-0587|25|22000|500|35000|12|Driver uses inheritance wisely buying second vehicle reducing daily rental needs thus decreasing overall transportation related expenses considerably|0|Trade|1|0|1.590836780146357|9.99884318585288
CUST-1234|47|60000|820|170000|60|Engineer lands big firm role providing better salary package than former startup experience that had unstable career trajectory|1|Tech|0|1|2.833286111898135|11.002116507732017
CUST-2145|23|28000|590|75000|48|Pharmacist invested profits making way toward owning pharmacies instead of just being employed reduces risk associated with single source industry dependency|1|Medical|0|0|2.678475768722546|10.239995502805316
